o RBV
v -0.0 0.0 -0.117946
v -0.002129414687506602 0.0 -0.11792677604805715
v -0.004258135230818081 0.0 -0.11786911045883082
v -0.006385467712015657 0.0 -0.11777302203008466
v -0.008510718665659465 0.0 -0.1176385420846161
v -0.010633195304843645 0.0 -0.11746571446004594
v -0.012752205747030237 0.0 -0.11725459549452807
v -0.01486705923958825 0.0 -0.11700525400838446
v -0.01697706638496445 0.0 -0.1167177712816712
v -0.019081539365412393 0.0 -0.11639224102768285
v -0.021179792167206432 0.0 -0.11602876936240399
v -0.02327114080426778 0.0 -0.11562747476991765
v -0.025354903541129452 0.0 -0.11518848806378189
v -0.02743040111516762 0.0 -0.11471195234438741
v -0.029496956958026937 0.0 -0.11419802295230994
v -0.03155389741616748 0.0 -0.11364686741767227
v -0.03360055197046156 0.0 -0.11305866540553319
v -0.03563625345476881 0.0 -0.11243360865732041
v -0.037660338273418296 0.0 -0.11177190092832681
v -0.039672146617526556 0.0 -0.11107375792129064
v -0.0416710226800815 0.0 -0.11033940721608093
v -0.04365631486972154 0.0 -0.10956908819551128
v -0.04562737602314066 0.0 -0.1087630519673061
v -0.047583563616049956 0.0 -0.10792156128224482
v -0.04952423997262697 0.0 -0.10704489044851068
v -0.051448772473384564 0.0 -0.10613332524227208
v -0.05335653376139148 0.0 -0.10518716281452548
v -0.05524690194677745 0.0 -0.10420671159423062
v -0.05711926080945616 0.0 -0.10319229118776907
v -0.058973 0.0 -0.10214423227475938
v -0.0597305 0.0 -0.10345626076149284
v -0.06158857933222419 0.0 -0.1023610151221564
v -0.06342658208890857 0.0 -0.1012324019547049
v -0.06524390911999013 0.0 -0.10007078916318421
v -0.06703996801525555 0.0 -0.09887655540882029
v -0.06881417329745443 0.0 -0.09765008998658377
v -0.07056594661315245 0.0 -0.09639179269828795
v -0.07229471692126237 0.0 -0.09510207372226191
v -0.07399992067919146 0.0 -0.09378135347964098
v -0.07568100202654439 0.0 -0.0924300624973184
v -0.0773374129663219 0.0 -0.09104864126760258
v -0.07896861354355646 0.0 -0.08963754010462599
v -0.08057407202132595 0.0 -0.08819721899755219
v -0.0821532650540888 0.0 -0.08672814746062914
v -0.08370567785828358 0.0 -0.08523080438013746
v -0.08523080438013746 0.0 -0.08370567785828356
v -0.08672814746062912 0.0 -0.08215326505408879
v -0.0881972189975522 0.0 -0.08057407202132594
v -0.08963754010462598 0.0 -0.07896861354355646
v -0.09104864126760259 0.0 -0.07733741296632192
v -0.09243006249731839 0.0 -0.07568100202654439
v -0.09378135347964098 0.0 -0.07399992067919148
v -0.0951020737222619 0.0 -0.07229471692126238
v -0.09639179269828796 0.0 -0.07056594661315245
v -0.09765008998658377 0.0 -0.06881417329745443
v -0.0988765554088203 0.0 -0.06703996801525557
v -0.10007078916318424 0.0 -0.06524390911999013
v -0.10123240195470491 0.0 -0.06342658208890857
v -0.1023610151221564 0.0 -0.061588579332224176
v -0.10345626076149282 0.0 -0.05973050000000001
v -0.1017874298084002 0.0 -0.058767000000000014
v -0.1028318277216968 0.0 -0.056919736150260455
v -0.10384270463191886 0.0 -0.05505391766920913
v -0.10481973101455275 0.0 -0.053170152774247394
v -0.1057625883796416 0.0 -0.051269055532928466
v -0.10667096937560627 0.0 -0.04935124566278415
v -0.10754457788943554 0.0 -0.04741734832931014
v -0.10838312914321262 0.0 -0.045467993942175364
v -0.10918634978694677 0.0 -0.04350381794972149
v -0.10995397798767957 0.0 -0.041525460631820485
v -0.11068576351483708 0.0 -0.039533566891156696
v -0.1113814678217995 0.0 -0.03752878604300227
v -0.11204086412366251 0.0 -0.035511771603554135
v -0.11266373747116426 0.0 -0.03348318107690153
v -0.11324988482075435 0.0 -0.031443675740693455
v -0.11379911510078168 0.0 -0.02939392043057618
v -0.1143112492737798 0.0 -0.02733458332347101
v -0.11478612039482931 0.0 -0.02526633571976249
v -0.11522357366597852 0.0 -0.023189851824468904
v -0.11562346648670402 0.0 -0.02110580852746544
v -0.11598566850039574 0.0 -0.019014885182832668
v -0.11631006163685026 0.0 -0.016917763387401134
v -0.11659654015075935 0.0 -0.014815126758565495
v -0.1168450106561805 0.0 -0.012707660711439556
v -0.11705539215697897 0.0 -0.010596052235425467
v -0.1172276160732307 0.0 -0.008480989670269612
v -0.11736162626357799 0.0 -0.0063631624816784475
v -0.11745737904353029 0.0 -0.0042432610365673645
v -0.11751484319970454 0.0 -0.00212197637801537
v -0.117534 0.0 -7.19688184454925e-18
v -0.117592 0.0 -7.200433320266778e-18
v -0.1175728337463173 0.0 0.0021230235186718883
v -0.1175153412330629 0.0 0.004245354976534686
v -0.11741954120158135 0.0 0.006366302538376413
v -0.11728546488065875 0.0 0.00848517482010606
v -0.1171131559763428 0.0 0.010601281114129953
v -0.11690267065769545 0.0 0.012713931614508157
v -0.11665407753848328 0.0 0.014822437641816259
v -0.1163674576548105 0.0 0.016926111867640623
v -0.11604290443870315 0.0 0.019024268538632712
v -0.11568052368765207 0.0 0.021116223700050347
v -0.11528043353012528 0.0 0.023201295418712447
v -0.11484276438706052 0.0 0.025278804005294746
v -0.11436765892935077 0.0 0.02734807223589431
v -0.11385527203133664 0.0 0.029408425572790116
v -0.11330577072032046 0.0 0.03145919238432814
v -0.11271933412211912 0.0 0.033499704163859015
v -0.1120961534026726 0.0 0.03552929574765721
v -0.1114364317057281 0.0 0.03754730553175013
v -0.11074038408661939 0.0 0.0395530756875874
v -0.11000823744216329 0.0 0.041545952376478575
v -0.10924023043669615 0.0 0.0435252859627312
v -0.10843661342427433 0.0 0.04549043122541804
v -0.10759764836706402 0.0 0.047440747568705574
v -0.10672360874994717 0.0 0.049375599230674645
v -0.10581477949137111 0.0 0.05129435549056549
v -0.10487145685047122 0.0 0.05319639087437934
v -0.10389394833049673 0.0 0.05508108535876971
v -0.10288257257857104 0.0 0.05694782457315698
v -0.10183765928181973 0.0 0.05879599999999997
v -0.10396721574972567 0.0 0.060025499999999975
v -0.10286656085609527 0.0 0.0618927561079586
v -0.1017323736371224 0.0 0.06373983648517562
v -0.1005650238138759 0.0 0.06556613902247542
v -0.09936489191773289 0.0 0.06737106838381937
v -0.09813236916633354 0.0 0.06915403620037251
v -0.09686785733605249 0.0 0.07091446126229956
v -0.09557176863102826 0.0 0.07265176970822668
v -0.09424452554879315 0.0 0.07436539521230877
v -0.09288656074254836 0.0 0.07605477916883904
v -0.0914983168801279 0.0 0.0777193708743432
v -0.09008024649969827 0.0 0.07935862770709684
v -0.08863281186224069 0.0 0.08097201530400888
v -0.0871564848008638 0.0 0.0825590077348123
v -0.0856517465669958 0.0 0.08411908767350683
v -0.08411908767350684 0.0 0.08565174656699577
v -0.08255900773481233 0.0 0.0871564848008638
v -0.08097201530400885 0.0 0.08863281186224072
v -0.07935862770709687 0.0 0.09008024649969826
v -0.07771937087434316 0.0 0.0914983168801279
v -0.07605477916883906 0.0 0.09288656074254834
v -0.0743653952123088 0.0 0.09424452554879315
v -0.07265176970822669 0.0 0.09557176863102824
v -0.07091446126229953 0.0 0.0968678573360525
v -0.06915403620037248 0.0 0.09813236916633356
v -0.06737106838381939 0.0 0.09936489191773286
v -0.06556613902247538 0.0 0.10056502381387591
v -0.06373983648517559 0.0 0.1017323736371224
v -0.06189275610795866 0.0 0.10286656085609523
v -0.0600255 0.0 0.10396721574972566
v -0.0584405 0.0 0.10122191521972898
v -0.05660349925109836 0.0 0.10226051062619874
v -0.05474804695743217 0.0 0.1032657712668956
v -0.05287474795724483 0.0 0.10423736944809109
v -0.05098421290642886 0.0 0.10517498844930734
v -0.04907705807946527 0.0 0.10607832262656114
v -0.04715390516853084 0.0 0.10694707751199749
v -0.04521538108083956 0.0 0.10778096990987998
v -0.04326211773428453 0.0 0.1085797279889064
v -0.04129475185144559 0.0 0.1093430913708202
v -0.03931392475203164 0.0 0.11007081121528811
v -0.0373202821438235 0.0 0.11076265030101712
v -0.035314473912187214 0.0 0.11141838310308336
v -0.03329715390822514 0.0 0.11203779586644842
v -0.03126897973563386 0.0 0.1126206866756393
v -0.029230612536339913 0.0 0.11316686552056822
v -0.027182716774980943 0.0 0.11367615435847209
v -0.025125960022304734 0.0 0.11414838717195065
v -0.023061012737554697 0.0 0.11458341002308467
v -0.02098854804991482 0.0 0.1149810811036164
v -0.018909241539083743 0.0 0.11534127078117613
v -0.01682377101504952 0.0 0.11566386164153945
v -0.014732816297138653 0.0 0.11594874852690201
v -0.012637058992408703 0.0 0.1161958385701587
v -0.01053718227345927 0.0 0.11640505122517619
v -0.008433870655731842 0.0 0.11657631829304949
v -0.006327809774372177 0.0 0.11670958394433321
v -0.0042196861607281975 0.0 0.11680480473724082
v -0.002110187018554761 0.0 0.11686194963180582
v -1.431379425311418e-17 0.0 0.116881
v -1.4422910282918208e-17 0.0 0.117772
v 0.0021262732655370343 0.0 0.11775280440821892
v 0.0042518534109160415 0.0 0.11769522389023303
v 0.006376047541921755 0.0 0.11759927721607456
v 0.008498163216150163 0.0 0.11746499566233198
v 0.010617508668730145 0.0 0.11729242300195455
v 0.01273339303782446 0.0 0.11708161548998322
v 0.0148451265898359 0.0 0.11683264184521269
v 0.01695202094424598 0.0 0.11654558322779052
v 0.019053389298012226 0.0 0.11622053321276063
v 0.021148546649451712 0.0 0.11585759775955985
v 0.023236810021537192 0.0 0.11545689517747733
v 0.025317498684532723 0.0 0.11501855608708834
v 0.027389934377897673 0.0 0.11454272337767449
v 0.029453441531385096 0.0 0.1140295521606451
v 0.03150734748526342 0.0 0.1134792097189739
v 0.03355098270958914 0.0 0.11289187545266864
v 0.03558368102245968 0.0 0.11226774082029016
v 0.03760477980717464 0.0 0.11160700927654102
v 0.03961362022823442 0.0 0.11090989620594376
v 0.041609547446107176 0.0 0.11017662885262988
v 0.04359191083069237 0.0 0.10940744624626315
v 0.045560064173412615 0.0 0.10860259912412099
v 0.047513365897863744 0.0 0.10776234984935935
v 0.049451179268955474 0.0 0.10688697232548794
v 0.0513728726004735 0.0 0.10597675190708347
v 0.05327781946099567 0.0 0.10503198530676999
v 0.05516539887809572 0.0 0.104052980498497
v 0.05703499554076671 0.0 0.10304005661714635
v 0.058886000000000015 0.0 0.10199354385450089
v 0.05981400000000001 0.0 0.10360088700392481
v 0.06167467682637275 0.0 0.10250411027057635
v 0.06351524901124174 0.0 0.10137391936311801
v 0.06533511656696478 0.0 0.10021068269990543
v 0.06713368625517108 0.0 0.09901477947151252
v 0.06891037178014484 0.0 0.0977865995171231
v 0.07066459397994491 0.0 0.09652654319745184
v 0.07239578101519972 0.0 0.09523502126423478
v 0.07410336855551451 0.0 0.0939124547263332
v 0.07578679996343117 0.0 0.09255927471249366
v 0.07744552647588047 0.0 0.0911759223308089
v 0.07907900738306703 0.0 0.08976284852492611
v 0.08068671020472942 0.0 0.08832051392704876
v 0.0822681108637173 0.0 0.08684938870778032
v 0.08382269385682979 0.0 0.0853499524228584
v 0.08534995242285837 0.0 0.0838226938568298
v 0.08684938870778028 0.0 0.08226811086371731
v 0.08832051392704876 0.0 0.08068671020472941
v 0.0897628485249261 0.0 0.07907900738306706
v 0.0911759223308089 0.0 0.07744552647588046
v 0.09255927471249363 0.0 0.0757867999634312
v 0.0939124547263332 0.0 0.0741033685555145
v 0.09523502126423472 0.0 0.07239578101519979
v 0.09652654319745183 0.0 0.07066459397994493
v 0.09778659951712314 0.0 0.06891037178014478
v 0.09901477947151249 0.0 0.0671336862551711
v 0.10021068269990543 0.0 0.06533511656696477
v 0.10137391936311803 0.0 0.06351524901124173
v 0.10250411027057636 0.0 0.06167467682637275
v 0.10360088700392481 0.0 0.059814000000000055
v 0.10261101996739919 0.0 0.05924250000000005
v 0.10366386839216946 0.0 0.05738028942913209
v 0.10468292458618698 0.0 0.05549937409631469
v 0.10566785635866456 0.0 0.053600367140203754
v 0.10661834264265518 0.0 0.0516838875969424
v 0.10753407359971336 0.0 0.04975056019836789
v 0.10841475072089583 0.0 0.04780101516836245
v 0.10926008692406916 0.0 0.045835888017413284
v 0.11006980664749251 0.0 0.043855819335449756
v 0.11084364593964484 0.0 0.04186145458302488
v 0.11158135254526749 0.0 0.03985344388090853
v 0.11228268598759435 0.0 0.037832441798161566
v 0.11294741764674182 0.0 0.03579910713876076
v 0.11357533083423432 0.0 0.03375410272684226
v 0.1141662208636401 0.0 0.03169809519063479
v 0.1147198951172947 0.0 0.02963175474515307
v 0.11523617310909012 0.0 0.02755575497372214
v 0.11571488654330964 0.0 0.025470772608403112
v 0.11615587936948853 0.0 0.023377487309392996
v 0.11655900783328334 0.0 0.021276581443469552
v 0.11692414052333272 0.0 0.01916873986155433
v 0.11725115841409467 0.0 0.017054649675466067
v 0.11753995490464648 0.0 0.014935000033936002
v 0.1177904358534343 0.0 0.012810481897960713
v 0.11800251960896127 0.0 0.010681787815562976
v 0.11817613703640427 0.0 0.008549611696035984
v 0.1183112315401504 0.0 0.006414648583743246
v 0.11840775908224588 0.0 0.004277594431549023
v 0.11846568819675152 0.0 0.00213914587395272
v 0.118485 0.0 2.1765341399546122e-17
v 0.117605 0.0 2.1603688022058672e-17
v 0.11758583162745463 0.0 -0.0021232582226121837
v 0.11752833275830296 0.0 -0.00424582430790674
v 0.11743252213596142 0.0 -0.006367006344188035
v 0.11729843099266848 0.0 -0.0084861128709314
v 0.11712610303930364 0.0 -0.010602453104184423
v 0.11691559445113846 0.0 -0.012715337161747602
v 0.11666697384952485 0.0 -0.014824076288062106
v 0.11638032227952573 0.0 -0.0169279830787288
v 0.11605573318349617 0.0 -0.019026371704587958
v 0.11569331237062319 0.0 -0.021118558135284904
v 0.11529317798243405 0.0 -0.023203860362249723
v 0.11485546045428476 0.0 -0.025281598621017472
v 0.11438030247284083 0.0 -0.027351095612816706
v 0.11386785892956447 0.0 -0.02941167672535529
v 0.11331829687022321 0.0 -0.03146267025272903
v 0.11273179544043656 0.0 -0.03350340761438403
v 0.1121085458272783 0.0 -0.0355332235730596
v 0.11144875119695347 0.0 -0.03755145645164197
v 0.11075262662857059 0.0 -0.03955744834885633
v 0.11002039904403033 0.0 -0.041550545353729464
v 0.10925230713405377 0.0 -0.0435300977587506
v 0.10844860128037435 0.0 -0.045495460271662104
v 0.10760954347411868 0.0 -0.04744599222581147
v 0.10673540723040291 0.0 -0.04938105778899491
v 0.10582647749917255 0.0 -0.05130002617072555
v 0.10488305057231505 0.0 -0.053202271827857174
v 0.10390543398707457 0.0 -0.05508717466849875
v 0.10289394642580153 0.0 -0.05695412025415097
v 0.10184891761206892 0.0 -0.058802500000000014
v 0.1044097547310595 0.0 -0.060281000000000015
v 0.10330441487311685 0.0 -0.062156204128976135
v 0.10216539995867384 0.0 -0.06401114664872214
v 0.1009930812825258 0.0 -0.06584522288717033
v 0.09978784099579105 0.0 -0.06765783497421952
v 0.09855007198133717 0.0 -0.06944839203662864
v 0.0972801777257096 0.0 -0.07121631039062858
v 0.09597857218760382 0.0 -0.07296101373219073
v 0.09464567966292323 0.0 -0.07468193332489004
v 0.09328193464646789 0.0 -0.07637850818530101
v 0.09188778169029808 0.0 -0.07805018526586673
v 0.09046367525882021 0.0 -0.07969641963518012
v 0.08901007958064049 0.0 -0.08131667465562058
v 0.08752746849723653 0.0 -0.0829104221582864
v 0.08601632530849507 0.0 -0.08447714261516631
v 0.08447714261516628 0.0 -0.08601632530849512
v 0.08291042215828642 0.0 -0.0875274684972365
v 0.08131667465562062 0.0 -0.08901007958064044
v 0.07969641963518008 0.0 -0.09046367525882024
v 0.07805018526586677 0.0 -0.09188778169029804
v 0.07637850818530104 0.0 -0.09328193464646786
v 0.07468193332489 0.0 -0.09464567966292325
v 0.07296101373219077 0.0 -0.09597857218760378
v 0.07121631039062863 0.0 -0.09728017772570957
v 0.06944839203662867 0.0 -0.09855007198133714
v 0.0676578349742195 0.0 -0.09978784099579109
v 0.06584522288717037 0.0 -0.10099308128252578
v 0.06401114664872219 0.0 -0.10216539995867381
v 0.06215620412897609 0.0 -0.10330441487311691
v 0.06028100000000006 0.0 -0.10440975473105947
v 0.05872150000000006 0.0 -0.10170862149665581
v 0.05687566638330222 0.0 -0.10275221079108375
v 0.05501129250110543 0.0 -0.10376230503587427
v 0.05312898609990244 0.0 -0.1047385749616462
v 0.051229360771808403 0.0 -0.10568070232503142
v 0.0493130357545422 0.0 -0.10658838001241619
v 0.04738063572956908 0.0 -0.1074613121400529
v 0.04543279061846706 0.0 -0.10829921415051234
v 0.04347013537758558 0.0 -0.10910181290544343
v 0.04149330979106378 0.0 -0.10986884677461037
v 0.03950295826227396 0.0 -0.11060006572117867
v 0.03749972960375999 0.0 -0.11129523138322187
v 0.03548427682573738 0.0 -0.11195411715142253
v 0.03345725692322688 0.0 -0.11257650824294199
v 0.03141933066188735 0.0 -0.11316220177143509
v 0.02937116236261985 0.0 -0.11371100681318685
v 0.027313419685013714 0.0 -0.11422274446934946
v 0.025246773409703237 0.0 -0.11469724792425973
v 0.0231718972197075 0.0 -0.11513436249981719
v 0.021089467480823697 0.0 -0.1155339457059062
v 0.01900016302114636 0.0 -0.11589586728684448
v 0.01690466490978404 0.0 -0.1162200092638437
v 0.014803656234844472 0.0 -0.11650626597346835
v 0.012697821880762974 0.0 -0.11675454410207944
v 0.010587848305044216 0.0 -0.11696476271625303
v 0.00847442331449175 0.0 -0.11713685328916258
v 0.006358235840997247 0.0 -0.11727075972291753
v 0.004239975716963436 0.0 -0.11736643836684982
v 0.002120333450433643 0.0 -0.11742385803174316
v -0.0 0.0 -0.117443
v -0.0 1.001019625 -0.117946
v -0.002129414687506602 1.001019625 -0.11792677604805715
v -0.004258135230818081 1.001019625 -0.11786911045883082
v -0.006385467712015657 1.001019625 -0.11777302203008466
v -0.008510718665659465 1.001019625 -0.1176385420846161
v -0.010633195304843645 1.001019625 -0.11746571446004594
v -0.012752205747030237 1.001019625 -0.11725459549452807
v -0.01486705923958825 1.001019625 -0.11700525400838446
v -0.01697706638496445 1.001019625 -0.1167177712816712
v -0.019081539365412393 1.001019625 -0.11639224102768285
v -0.021179792167206432 1.001019625 -0.11602876936240399
v -0.02327114080426778 1.001019625 -0.11562747476991765
v -0.025354903541129452 1.001019625 -0.11518848806378189
v -0.02743040111516762 1.001019625 -0.11471195234438741
v -0.029496956958026937 1.001019625 -0.11419802295230994
v -0.03155389741616748 1.001019625 -0.11364686741767227
v -0.03360055197046156 1.001019625 -0.11305866540553319
v -0.03563625345476881 1.001019625 -0.11243360865732041
v -0.037660338273418296 1.001019625 -0.11177190092832681
v -0.039672146617526556 1.001019625 -0.11107375792129064
v -0.0416710226800815 1.001019625 -0.11033940721608093
v -0.04365631486972154 1.001019625 -0.10956908819551128
v -0.04562737602314066 1.001019625 -0.1087630519673061
v -0.047583563616049956 1.001019625 -0.10792156128224482
v -0.04952423997262697 1.001019625 -0.10704489044851068
v -0.051448772473384564 1.001019625 -0.10613332524227208
v -0.05335653376139148 1.001019625 -0.10518716281452548
v -0.05524690194677745 1.001019625 -0.10420671159423062
v -0.05711926080945616 1.001019625 -0.10319229118776907
v -0.058973 1.001019625 -0.10214423227475938
v -0.0597305 1.001019625 -0.10345626076149284
v -0.06158857933222419 1.001019625 -0.1023610151221564
v -0.06342658208890857 1.001019625 -0.1012324019547049
v -0.06524390911999013 1.001019625 -0.10007078916318421
v -0.06703996801525555 1.001019625 -0.09887655540882029
v -0.06881417329745443 1.001019625 -0.09765008998658377
v -0.07056594661315245 1.001019625 -0.09639179269828795
v -0.07229471692126237 1.001019625 -0.09510207372226191
v -0.07399992067919146 1.001019625 -0.09378135347964098
v -0.07568100202654439 1.001019625 -0.0924300624973184
v -0.0773374129663219 1.001019625 -0.09104864126760258
v -0.07896861354355646 1.001019625 -0.08963754010462599
v -0.08057407202132595 1.001019625 -0.08819721899755219
v -0.0821532650540888 1.001019625 -0.08672814746062914
v -0.08370567785828358 1.001019625 -0.08523080438013746
v -0.08523080438013746 1.001019625 -0.08370567785828356
v -0.08672814746062912 1.001019625 -0.08215326505408879
v -0.0881972189975522 1.001019625 -0.08057407202132594
v -0.08963754010462598 1.001019625 -0.07896861354355646
v -0.09104864126760259 1.001019625 -0.07733741296632192
v -0.09243006249731839 1.001019625 -0.07568100202654439
v -0.09378135347964098 1.001019625 -0.07399992067919148
v -0.0951020737222619 1.001019625 -0.07229471692126238
v -0.09639179269828796 1.001019625 -0.07056594661315245
v -0.09765008998658377 1.001019625 -0.06881417329745443
v -0.0988765554088203 1.001019625 -0.06703996801525557
v -0.10007078916318424 1.001019625 -0.06524390911999013
v -0.10123240195470491 1.001019625 -0.06342658208890857
v -0.1023610151221564 1.001019625 -0.061588579332224176
v -0.10345626076149282 1.001019625 -0.05973050000000001
v -0.1017874298084002 1.001019625 -0.058767000000000014
v -0.1028318277216968 1.001019625 -0.056919736150260455
v -0.10384270463191886 1.001019625 -0.05505391766920913
v -0.10481973101455275 1.001019625 -0.053170152774247394
v -0.1057625883796416 1.001019625 -0.051269055532928466
v -0.10667096937560627 1.001019625 -0.04935124566278415
v -0.10754457788943554 1.001019625 -0.04741734832931014
v -0.10838312914321262 1.001019625 -0.045467993942175364
v -0.10918634978694677 1.001019625 -0.04350381794972149
v -0.10995397798767957 1.001019625 -0.041525460631820485
v -0.11068576351483708 1.001019625 -0.039533566891156696
v -0.1113814678217995 1.001019625 -0.03752878604300227
v -0.11204086412366251 1.001019625 -0.035511771603554135
v -0.11266373747116426 1.001019625 -0.03348318107690153
v -0.11324988482075435 1.001019625 -0.031443675740693455
v -0.11379911510078168 1.001019625 -0.02939392043057618
v -0.1143112492737798 1.001019625 -0.02733458332347101
v -0.11478612039482931 1.001019625 -0.02526633571976249
v -0.11522357366597852 1.001019625 -0.023189851824468904
v -0.11562346648670402 1.001019625 -0.02110580852746544
v -0.11598566850039574 1.001019625 -0.019014885182832668
v -0.11631006163685026 1.001019625 -0.016917763387401134
v -0.11659654015075935 1.001019625 -0.014815126758565495
v -0.1168450106561805 1.001019625 -0.012707660711439556
v -0.11705539215697897 1.001019625 -0.010596052235425467
v -0.1172276160732307 1.001019625 -0.008480989670269612
v -0.11736162626357799 1.001019625 -0.0063631624816784475
v -0.11745737904353029 1.001019625 -0.0042432610365673645
v -0.11751484319970454 1.001019625 -0.00212197637801537
v -0.117534 1.001019625 -7.19688184454925e-18
v -0.117592 1.001019625 -7.200433320266778e-18
v -0.1175728337463173 1.001019625 0.0021230235186718883
v -0.1175153412330629 1.001019625 0.004245354976534686
v -0.11741954120158135 1.001019625 0.006366302538376413
v -0.11728546488065875 1.001019625 0.00848517482010606
v -0.1171131559763428 1.001019625 0.010601281114129953
v -0.11690267065769545 1.001019625 0.012713931614508157
v -0.11665407753848328 1.001019625 0.014822437641816259
v -0.1163674576548105 1.001019625 0.016926111867640623
v -0.11604290443870315 1.001019625 0.019024268538632712
v -0.11568052368765207 1.001019625 0.021116223700050347
v -0.11528043353012528 1.001019625 0.023201295418712447
v -0.11484276438706052 1.001019625 0.025278804005294746
v -0.11436765892935077 1.001019625 0.02734807223589431
v -0.11385527203133664 1.001019625 0.029408425572790116
v -0.11330577072032046 1.001019625 0.03145919238432814
v -0.11271933412211912 1.001019625 0.033499704163859015
v -0.1120961534026726 1.001019625 0.03552929574765721
v -0.1114364317057281 1.001019625 0.03754730553175013
v -0.11074038408661939 1.001019625 0.0395530756875874
v -0.11000823744216329 1.001019625 0.041545952376478575
v -0.10924023043669615 1.001019625 0.0435252859627312
v -0.10843661342427433 1.001019625 0.04549043122541804
v -0.10759764836706402 1.001019625 0.047440747568705574
v -0.10672360874994717 1.001019625 0.049375599230674645
v -0.10581477949137111 1.001019625 0.05129435549056549
v -0.10487145685047122 1.001019625 0.05319639087437934
v -0.10389394833049673 1.001019625 0.05508108535876971
v -0.10288257257857104 1.001019625 0.05694782457315698
v -0.10183765928181973 1.001019625 0.05879599999999997
v -0.10396721574972567 1.001019625 0.060025499999999975
v -0.10286656085609527 1.001019625 0.0618927561079586
v -0.1017323736371224 1.001019625 0.06373983648517562
v -0.1005650238138759 1.001019625 0.06556613902247542
v -0.09936489191773289 1.001019625 0.06737106838381937
v -0.09813236916633354 1.001019625 0.06915403620037251
v -0.09686785733605249 1.001019625 0.07091446126229956
v -0.09557176863102826 1.001019625 0.07265176970822668
v -0.09424452554879315 1.001019625 0.07436539521230877
v -0.09288656074254836 1.001019625 0.07605477916883904
v -0.0914983168801279 1.001019625 0.0777193708743432
v -0.09008024649969827 1.001019625 0.07935862770709684
v -0.08863281186224069 1.001019625 0.08097201530400888
v -0.0871564848008638 1.001019625 0.0825590077348123
v -0.0856517465669958 1.001019625 0.08411908767350683
v -0.08411908767350684 1.001019625 0.08565174656699577
v -0.08255900773481233 1.001019625 0.0871564848008638
v -0.08097201530400885 1.001019625 0.08863281186224072
v -0.07935862770709687 1.001019625 0.09008024649969826
v -0.07771937087434316 1.001019625 0.0914983168801279
v -0.07605477916883906 1.001019625 0.09288656074254834
v -0.0743653952123088 1.001019625 0.09424452554879315
v -0.07265176970822669 1.001019625 0.09557176863102824
v -0.07091446126229953 1.001019625 0.0968678573360525
v -0.06915403620037248 1.001019625 0.09813236916633356
v -0.06737106838381939 1.001019625 0.09936489191773286
v -0.06556613902247538 1.001019625 0.10056502381387591
v -0.06373983648517559 1.001019625 0.1017323736371224
v -0.06189275610795866 1.001019625 0.10286656085609523
v -0.0600255 1.001019625 0.10396721574972566
v -0.0584405 1.001019625 0.10122191521972898
v -0.05660349925109836 1.001019625 0.10226051062619874
v -0.05474804695743217 1.001019625 0.1032657712668956
v -0.05287474795724483 1.001019625 0.10423736944809109
v -0.05098421290642886 1.001019625 0.10517498844930734
v -0.04907705807946527 1.001019625 0.10607832262656114
v -0.04715390516853084 1.001019625 0.10694707751199749
v -0.04521538108083956 1.001019625 0.10778096990987998
v -0.04326211773428453 1.001019625 0.1085797279889064
v -0.04129475185144559 1.001019625 0.1093430913708202
v -0.03931392475203164 1.001019625 0.11007081121528811
v -0.0373202821438235 1.001019625 0.11076265030101712
v -0.035314473912187214 1.001019625 0.11141838310308336
v -0.03329715390822514 1.001019625 0.11203779586644842
v -0.03126897973563386 1.001019625 0.1126206866756393
v -0.029230612536339913 1.001019625 0.11316686552056822
v -0.027182716774980943 1.001019625 0.11367615435847209
v -0.025125960022304734 1.001019625 0.11414838717195065
v -0.023061012737554697 1.001019625 0.11458341002308467
v -0.02098854804991482 1.001019625 0.1149810811036164
v -0.018909241539083743 1.001019625 0.11534127078117613
v -0.01682377101504952 1.001019625 0.11566386164153945
v -0.014732816297138653 1.001019625 0.11594874852690201
v -0.012637058992408703 1.001019625 0.1161958385701587
v -0.01053718227345927 1.001019625 0.11640505122517619
v -0.008433870655731842 1.001019625 0.11657631829304949
v -0.006327809774372177 1.001019625 0.11670958394433321
v -0.0042196861607281975 1.001019625 0.11680480473724082
v -0.002110187018554761 1.001019625 0.11686194963180582
v -1.431379425311418e-17 1.001019625 0.116881
v -1.4422910282918208e-17 1.001019625 0.117772
v 0.0021262732655370343 1.001019625 0.11775280440821892
v 0.0042518534109160415 1.001019625 0.11769522389023303
v 0.006376047541921755 1.001019625 0.11759927721607456
v 0.008498163216150163 1.001019625 0.11746499566233198
v 0.010617508668730145 1.001019625 0.11729242300195455
v 0.01273339303782446 1.001019625 0.11708161548998322
v 0.0148451265898359 1.001019625 0.11683264184521269
v 0.01695202094424598 1.001019625 0.11654558322779052
v 0.019053389298012226 1.001019625 0.11622053321276063
v 0.021148546649451712 1.001019625 0.11585759775955985
v 0.023236810021537192 1.001019625 0.11545689517747733
v 0.025317498684532723 1.001019625 0.11501855608708834
v 0.027389934377897673 1.001019625 0.11454272337767449
v 0.029453441531385096 1.001019625 0.1140295521606451
v 0.03150734748526342 1.001019625 0.1134792097189739
v 0.03355098270958914 1.001019625 0.11289187545266864
v 0.03558368102245968 1.001019625 0.11226774082029016
v 0.03760477980717464 1.001019625 0.11160700927654102
v 0.03961362022823442 1.001019625 0.11090989620594376
v 0.041609547446107176 1.001019625 0.11017662885262988
v 0.04359191083069237 1.001019625 0.10940744624626315
v 0.045560064173412615 1.001019625 0.10860259912412099
v 0.047513365897863744 1.001019625 0.10776234984935935
v 0.049451179268955474 1.001019625 0.10688697232548794
v 0.0513728726004735 1.001019625 0.10597675190708347
v 0.05327781946099567 1.001019625 0.10503198530676999
v 0.05516539887809572 1.001019625 0.104052980498497
v 0.05703499554076671 1.001019625 0.10304005661714635
v 0.058886000000000015 1.001019625 0.10199354385450089
v 0.05981400000000001 1.001019625 0.10360088700392481
v 0.06167467682637275 1.001019625 0.10250411027057635
v 0.06351524901124174 1.001019625 0.10137391936311801
v 0.06533511656696478 1.001019625 0.10021068269990543
v 0.06713368625517108 1.001019625 0.09901477947151252
v 0.06891037178014484 1.001019625 0.0977865995171231
v 0.07066459397994491 1.001019625 0.09652654319745184
v 0.07239578101519972 1.001019625 0.09523502126423478
v 0.07410336855551451 1.001019625 0.0939124547263332
v 0.07578679996343117 1.001019625 0.09255927471249366
v 0.07744552647588047 1.001019625 0.0911759223308089
v 0.07907900738306703 1.001019625 0.08976284852492611
v 0.08068671020472942 1.001019625 0.08832051392704876
v 0.0822681108637173 1.001019625 0.08684938870778032
v 0.08382269385682979 1.001019625 0.0853499524228584
v 0.08534995242285837 1.001019625 0.0838226938568298
v 0.08684938870778028 1.001019625 0.08226811086371731
v 0.08832051392704876 1.001019625 0.08068671020472941
v 0.0897628485249261 1.001019625 0.07907900738306706
v 0.0911759223308089 1.001019625 0.07744552647588046
v 0.09255927471249363 1.001019625 0.0757867999634312
v 0.0939124547263332 1.001019625 0.0741033685555145
v 0.09523502126423472 1.001019625 0.07239578101519979
v 0.09652654319745183 1.001019625 0.07066459397994493
v 0.09778659951712314 1.001019625 0.06891037178014478
v 0.09901477947151249 1.001019625 0.0671336862551711
v 0.10021068269990543 1.001019625 0.06533511656696477
v 0.10137391936311803 1.001019625 0.06351524901124173
v 0.10250411027057636 1.001019625 0.06167467682637275
v 0.10360088700392481 1.001019625 0.059814000000000055
v 0.10261101996739919 1.001019625 0.05924250000000005
v 0.10366386839216946 1.001019625 0.05738028942913209
v 0.10468292458618698 1.001019625 0.05549937409631469
v 0.10566785635866456 1.001019625 0.053600367140203754
v 0.10661834264265518 1.001019625 0.0516838875969424
v 0.10753407359971336 1.001019625 0.04975056019836789
v 0.10841475072089583 1.001019625 0.04780101516836245
v 0.10926008692406916 1.001019625 0.045835888017413284
v 0.11006980664749251 1.001019625 0.043855819335449756
v 0.11084364593964484 1.001019625 0.04186145458302488
v 0.11158135254526749 1.001019625 0.03985344388090853
v 0.11228268598759435 1.001019625 0.037832441798161566
v 0.11294741764674182 1.001019625 0.03579910713876076
v 0.11357533083423432 1.001019625 0.03375410272684226
v 0.1141662208636401 1.001019625 0.03169809519063479
v 0.1147198951172947 1.001019625 0.02963175474515307
v 0.11523617310909012 1.001019625 0.02755575497372214
v 0.11571488654330964 1.001019625 0.025470772608403112
v 0.11615587936948853 1.001019625 0.023377487309392996
v 0.11655900783328334 1.001019625 0.021276581443469552
v 0.11692414052333272 1.001019625 0.01916873986155433
v 0.11725115841409467 1.001019625 0.017054649675466067
v 0.11753995490464648 1.001019625 0.014935000033936002
v 0.1177904358534343 1.001019625 0.012810481897960713
v 0.11800251960896127 1.001019625 0.010681787815562976
v 0.11817613703640427 1.001019625 0.008549611696035984
v 0.1183112315401504 1.001019625 0.006414648583743246
v 0.11840775908224588 1.001019625 0.004277594431549023
v 0.11846568819675152 1.001019625 0.00213914587395272
v 0.118485 1.001019625 2.1765341399546122e-17
v 0.117605 1.001019625 2.1603688022058672e-17
v 0.11758583162745463 1.001019625 -0.0021232582226121837
v 0.11752833275830296 1.001019625 -0.00424582430790674
v 0.11743252213596142 1.001019625 -0.006367006344188035
v 0.11729843099266848 1.001019625 -0.0084861128709314
v 0.11712610303930364 1.001019625 -0.010602453104184423
v 0.11691559445113846 1.001019625 -0.012715337161747602
v 0.11666697384952485 1.001019625 -0.014824076288062106
v 0.11638032227952573 1.001019625 -0.0169279830787288
v 0.11605573318349617 1.001019625 -0.019026371704587958
v 0.11569331237062319 1.001019625 -0.021118558135284904
v 0.11529317798243405 1.001019625 -0.023203860362249723
v 0.11485546045428476 1.001019625 -0.025281598621017472
v 0.11438030247284083 1.001019625 -0.027351095612816706
v 0.11386785892956447 1.001019625 -0.02941167672535529
v 0.11331829687022321 1.001019625 -0.03146267025272903
v 0.11273179544043656 1.001019625 -0.03350340761438403
v 0.1121085458272783 1.001019625 -0.0355332235730596
v 0.11144875119695347 1.001019625 -0.03755145645164197
v 0.11075262662857059 1.001019625 -0.03955744834885633
v 0.11002039904403033 1.001019625 -0.041550545353729464
v 0.10925230713405377 1.001019625 -0.0435300977587506
v 0.10844860128037435 1.001019625 -0.045495460271662104
v 0.10760954347411868 1.001019625 -0.04744599222581147
v 0.10673540723040291 1.001019625 -0.04938105778899491
v 0.10582647749917255 1.001019625 -0.05130002617072555
v 0.10488305057231505 1.001019625 -0.053202271827857174
v 0.10390543398707457 1.001019625 -0.05508717466849875
v 0.10289394642580153 1.001019625 -0.05695412025415097
v 0.10184891761206892 1.001019625 -0.058802500000000014
v 0.1044097547310595 1.001019625 -0.060281000000000015
v 0.10330441487311685 1.001019625 -0.062156204128976135
v 0.10216539995867384 1.001019625 -0.06401114664872214
v 0.1009930812825258 1.001019625 -0.06584522288717033
v 0.09978784099579105 1.001019625 -0.06765783497421952
v 0.09855007198133717 1.001019625 -0.06944839203662864
v 0.0972801777257096 1.001019625 -0.07121631039062858
v 0.09597857218760382 1.001019625 -0.07296101373219073
v 0.09464567966292323 1.001019625 -0.07468193332489004
v 0.09328193464646789 1.001019625 -0.07637850818530101
v 0.09188778169029808 1.001019625 -0.07805018526586673
v 0.09046367525882021 1.001019625 -0.07969641963518012
v 0.08901007958064049 1.001019625 -0.08131667465562058
v 0.08752746849723653 1.001019625 -0.0829104221582864
v 0.08601632530849507 1.001019625 -0.08447714261516631
v 0.08447714261516628 1.001019625 -0.08601632530849512
v 0.08291042215828642 1.001019625 -0.0875274684972365
v 0.08131667465562062 1.001019625 -0.08901007958064044
v 0.07969641963518008 1.001019625 -0.09046367525882024
v 0.07805018526586677 1.001019625 -0.09188778169029804
v 0.07637850818530104 1.001019625 -0.09328193464646786
v 0.07468193332489 1.001019625 -0.09464567966292325
v 0.07296101373219077 1.001019625 -0.09597857218760378
v 0.07121631039062863 1.001019625 -0.09728017772570957
v 0.06944839203662867 1.001019625 -0.09855007198133714
v 0.0676578349742195 1.001019625 -0.09978784099579109
v 0.06584522288717037 1.001019625 -0.10099308128252578
v 0.06401114664872219 1.001019625 -0.10216539995867381
v 0.06215620412897609 1.001019625 -0.10330441487311691
v 0.06028100000000006 1.001019625 -0.10440975473105947
v 0.05872150000000006 1.001019625 -0.10170862149665581
v 0.05687566638330222 1.001019625 -0.10275221079108375
v 0.05501129250110543 1.001019625 -0.10376230503587427
v 0.05312898609990244 1.001019625 -0.1047385749616462
v 0.051229360771808403 1.001019625 -0.10568070232503142
v 0.0493130357545422 1.001019625 -0.10658838001241619
v 0.04738063572956908 1.001019625 -0.1074613121400529
v 0.04543279061846706 1.001019625 -0.10829921415051234
v 0.04347013537758558 1.001019625 -0.10910181290544343
v 0.04149330979106378 1.001019625 -0.10986884677461037
v 0.03950295826227396 1.001019625 -0.11060006572117867
v 0.03749972960375999 1.001019625 -0.11129523138322187
v 0.03548427682573738 1.001019625 -0.11195411715142253
v 0.03345725692322688 1.001019625 -0.11257650824294199
v 0.03141933066188735 1.001019625 -0.11316220177143509
v 0.02937116236261985 1.001019625 -0.11371100681318685
v 0.027313419685013714 1.001019625 -0.11422274446934946
v 0.025246773409703237 1.001019625 -0.11469724792425973
v 0.0231718972197075 1.001019625 -0.11513436249981719
v 0.021089467480823697 1.001019625 -0.1155339457059062
v 0.01900016302114636 1.001019625 -0.11589586728684448
v 0.01690466490978404 1.001019625 -0.1162200092638437
v 0.014803656234844472 1.001019625 -0.11650626597346835
v 0.012697821880762974 1.001019625 -0.11675454410207944
v 0.010587848305044216 1.001019625 -0.11696476271625303
v 0.00847442331449175 1.001019625 -0.11713685328916258
v 0.006358235840997247 1.001019625 -0.11727075972291753
v 0.004239975716963436 1.001019625 -0.11736643836684982
v 0.002120333450433643 1.001019625 -0.11742385803174316
v -0.0 1.001019625 -0.117443
v -0.0 0.0 -0.117946
v -0.002129414687506602 0.0 -0.11792677604805715
v -0.004258135230818081 0.0 -0.11786911045883082
v -0.006385467712015657 0.0 -0.11777302203008466
v -0.008510718665659465 0.0 -0.1176385420846161
v -0.010633195304843645 0.0 -0.11746571446004594
v -0.012752205747030237 0.0 -0.11725459549452807
v -0.01486705923958825 0.0 -0.11700525400838446
v -0.01697706638496445 0.0 -0.1167177712816712
v -0.019081539365412393 0.0 -0.11639224102768285
v -0.021179792167206432 0.0 -0.11602876936240399
v -0.02327114080426778 0.0 -0.11562747476991765
v -0.025354903541129452 0.0 -0.11518848806378189
v -0.02743040111516762 0.0 -0.11471195234438741
v -0.029496956958026937 0.0 -0.11419802295230994
v -0.03155389741616748 0.0 -0.11364686741767227
v -0.03360055197046156 0.0 -0.11305866540553319
v -0.03563625345476881 0.0 -0.11243360865732041
v -0.037660338273418296 0.0 -0.11177190092832681
v -0.039672146617526556 0.0 -0.11107375792129064
v -0.0416710226800815 0.0 -0.11033940721608093
v -0.04365631486972154 0.0 -0.10956908819551128
v -0.04562737602314066 0.0 -0.1087630519673061
v -0.047583563616049956 0.0 -0.10792156128224482
v -0.04952423997262697 0.0 -0.10704489044851068
v -0.051448772473384564 0.0 -0.10613332524227208
v -0.05335653376139148 0.0 -0.10518716281452548
v -0.05524690194677745 0.0 -0.10420671159423062
v -0.05711926080945616 0.0 -0.10319229118776907
v -0.058973 0.0 -0.10214423227475938
v -0.0597305 0.0 -0.10345626076149284
v -0.06158857933222419 0.0 -0.1023610151221564
v -0.06342658208890857 0.0 -0.1012324019547049
v -0.06524390911999013 0.0 -0.10007078916318421
v -0.06703996801525555 0.0 -0.09887655540882029
v -0.06881417329745443 0.0 -0.09765008998658377
v -0.07056594661315245 0.0 -0.09639179269828795
v -0.07229471692126237 0.0 -0.09510207372226191
v -0.07399992067919146 0.0 -0.09378135347964098
v -0.07568100202654439 0.0 -0.0924300624973184
v -0.0773374129663219 0.0 -0.09104864126760258
v -0.07896861354355646 0.0 -0.08963754010462599
v -0.08057407202132595 0.0 -0.08819721899755219
v -0.0821532650540888 0.0 -0.08672814746062914
v -0.08370567785828358 0.0 -0.08523080438013746
v -0.08523080438013746 0.0 -0.08370567785828356
v -0.08672814746062912 0.0 -0.08215326505408879
v -0.0881972189975522 0.0 -0.08057407202132594
v -0.08963754010462598 0.0 -0.07896861354355646
v -0.09104864126760259 0.0 -0.07733741296632192
v -0.09243006249731839 0.0 -0.07568100202654439
v -0.09378135347964098 0.0 -0.07399992067919148
v -0.0951020737222619 0.0 -0.07229471692126238
v -0.09639179269828796 0.0 -0.07056594661315245
v -0.09765008998658377 0.0 -0.06881417329745443
v -0.0988765554088203 0.0 -0.06703996801525557
v -0.10007078916318424 0.0 -0.06524390911999013
v -0.10123240195470491 0.0 -0.06342658208890857
v -0.1023610151221564 0.0 -0.061588579332224176
v -0.10345626076149282 0.0 -0.05973050000000001
v -0.1017874298084002 0.0 -0.058767000000000014
v -0.1028318277216968 0.0 -0.056919736150260455
v -0.10384270463191886 0.0 -0.05505391766920913
v -0.10481973101455275 0.0 -0.053170152774247394
v -0.1057625883796416 0.0 -0.051269055532928466
v -0.10667096937560627 0.0 -0.04935124566278415
v -0.10754457788943554 0.0 -0.04741734832931014
v -0.10838312914321262 0.0 -0.045467993942175364
v -0.10918634978694677 0.0 -0.04350381794972149
v -0.10995397798767957 0.0 -0.041525460631820485
v -0.11068576351483708 0.0 -0.039533566891156696
v -0.1113814678217995 0.0 -0.03752878604300227
v -0.11204086412366251 0.0 -0.035511771603554135
v -0.11266373747116426 0.0 -0.03348318107690153
v -0.11324988482075435 0.0 -0.031443675740693455
v -0.11379911510078168 0.0 -0.02939392043057618
v -0.1143112492737798 0.0 -0.02733458332347101
v -0.11478612039482931 0.0 -0.02526633571976249
v -0.11522357366597852 0.0 -0.023189851824468904
v -0.11562346648670402 0.0 -0.02110580852746544
v -0.11598566850039574 0.0 -0.019014885182832668
v -0.11631006163685026 0.0 -0.016917763387401134
v -0.11659654015075935 0.0 -0.014815126758565495
v -0.1168450106561805 0.0 -0.012707660711439556
v -0.11705539215697897 0.0 -0.010596052235425467
v -0.1172276160732307 0.0 -0.008480989670269612
v -0.11736162626357799 0.0 -0.0063631624816784475
v -0.11745737904353029 0.0 -0.0042432610365673645
v -0.11751484319970454 0.0 -0.00212197637801537
v -0.117534 0.0 -7.19688184454925e-18
v -0.117592 0.0 -7.200433320266778e-18
v -0.1175728337463173 0.0 0.0021230235186718883
v -0.1175153412330629 0.0 0.004245354976534686
v -0.11741954120158135 0.0 0.006366302538376413
v -0.11728546488065875 0.0 0.00848517482010606
v -0.1171131559763428 0.0 0.010601281114129953
v -0.11690267065769545 0.0 0.012713931614508157
v -0.11665407753848328 0.0 0.014822437641816259
v -0.1163674576548105 0.0 0.016926111867640623
v -0.11604290443870315 0.0 0.019024268538632712
v -0.11568052368765207 0.0 0.021116223700050347
v -0.11528043353012528 0.0 0.023201295418712447
v -0.11484276438706052 0.0 0.025278804005294746
v -0.11436765892935077 0.0 0.02734807223589431
v -0.11385527203133664 0.0 0.029408425572790116
v -0.11330577072032046 0.0 0.03145919238432814
v -0.11271933412211912 0.0 0.033499704163859015
v -0.1120961534026726 0.0 0.03552929574765721
v -0.1114364317057281 0.0 0.03754730553175013
v -0.11074038408661939 0.0 0.0395530756875874
v -0.11000823744216329 0.0 0.041545952376478575
v -0.10924023043669615 0.0 0.0435252859627312
v -0.10843661342427433 0.0 0.04549043122541804
v -0.10759764836706402 0.0 0.047440747568705574
v -0.10672360874994717 0.0 0.049375599230674645
v -0.10581477949137111 0.0 0.05129435549056549
v -0.10487145685047122 0.0 0.05319639087437934
v -0.10389394833049673 0.0 0.05508108535876971
v -0.10288257257857104 0.0 0.05694782457315698
v -0.10183765928181973 0.0 0.05879599999999997
v -0.10396721574972567 0.0 0.060025499999999975
v -0.10286656085609527 0.0 0.0618927561079586
v -0.1017323736371224 0.0 0.06373983648517562
v -0.1005650238138759 0.0 0.06556613902247542
v -0.09936489191773289 0.0 0.06737106838381937
v -0.09813236916633354 0.0 0.06915403620037251
v -0.09686785733605249 0.0 0.07091446126229956
v -0.09557176863102826 0.0 0.07265176970822668
v -0.09424452554879315 0.0 0.07436539521230877
v -0.09288656074254836 0.0 0.07605477916883904
v -0.0914983168801279 0.0 0.0777193708743432
v -0.09008024649969827 0.0 0.07935862770709684
v -0.08863281186224069 0.0 0.08097201530400888
v -0.0871564848008638 0.0 0.0825590077348123
v -0.0856517465669958 0.0 0.08411908767350683
v -0.08411908767350684 0.0 0.08565174656699577
v -0.08255900773481233 0.0 0.0871564848008638
v -0.08097201530400885 0.0 0.08863281186224072
v -0.07935862770709687 0.0 0.09008024649969826
v -0.07771937087434316 0.0 0.0914983168801279
v -0.07605477916883906 0.0 0.09288656074254834
v -0.0743653952123088 0.0 0.09424452554879315
v -0.07265176970822669 0.0 0.09557176863102824
v -0.07091446126229953 0.0 0.0968678573360525
v -0.06915403620037248 0.0 0.09813236916633356
v -0.06737106838381939 0.0 0.09936489191773286
v -0.06556613902247538 0.0 0.10056502381387591
v -0.06373983648517559 0.0 0.1017323736371224
v -0.06189275610795866 0.0 0.10286656085609523
v -0.0600255 0.0 0.10396721574972566
v -0.0584405 0.0 0.10122191521972898
v -0.05660349925109836 0.0 0.10226051062619874
v -0.05474804695743217 0.0 0.1032657712668956
v -0.05287474795724483 0.0 0.10423736944809109
v -0.05098421290642886 0.0 0.10517498844930734
v -0.04907705807946527 0.0 0.10607832262656114
v -0.04715390516853084 0.0 0.10694707751199749
v -0.04521538108083956 0.0 0.10778096990987998
v -0.04326211773428453 0.0 0.1085797279889064
v -0.04129475185144559 0.0 0.1093430913708202
v -0.03931392475203164 0.0 0.11007081121528811
v -0.0373202821438235 0.0 0.11076265030101712
v -0.035314473912187214 0.0 0.11141838310308336
v -0.03329715390822514 0.0 0.11203779586644842
v -0.03126897973563386 0.0 0.1126206866756393
v -0.029230612536339913 0.0 0.11316686552056822
v -0.027182716774980943 0.0 0.11367615435847209
v -0.025125960022304734 0.0 0.11414838717195065
v -0.023061012737554697 0.0 0.11458341002308467
v -0.02098854804991482 0.0 0.1149810811036164
v -0.018909241539083743 0.0 0.11534127078117613
v -0.01682377101504952 0.0 0.11566386164153945
v -0.014732816297138653 0.0 0.11594874852690201
v -0.012637058992408703 0.0 0.1161958385701587
v -0.01053718227345927 0.0 0.11640505122517619
v -0.008433870655731842 0.0 0.11657631829304949
v -0.006327809774372177 0.0 0.11670958394433321
v -0.0042196861607281975 0.0 0.11680480473724082
v -0.002110187018554761 0.0 0.11686194963180582
v -1.431379425311418e-17 0.0 0.116881
v -1.4422910282918208e-17 0.0 0.117772
v 0.0021262732655370343 0.0 0.11775280440821892
v 0.0042518534109160415 0.0 0.11769522389023303
v 0.006376047541921755 0.0 0.11759927721607456
v 0.008498163216150163 0.0 0.11746499566233198
v 0.010617508668730145 0.0 0.11729242300195455
v 0.01273339303782446 0.0 0.11708161548998322
v 0.0148451265898359 0.0 0.11683264184521269
v 0.01695202094424598 0.0 0.11654558322779052
v 0.019053389298012226 0.0 0.11622053321276063
v 0.021148546649451712 0.0 0.11585759775955985
v 0.023236810021537192 0.0 0.11545689517747733
v 0.025317498684532723 0.0 0.11501855608708834
v 0.027389934377897673 0.0 0.11454272337767449
v 0.029453441531385096 0.0 0.1140295521606451
v 0.03150734748526342 0.0 0.1134792097189739
v 0.03355098270958914 0.0 0.11289187545266864
v 0.03558368102245968 0.0 0.11226774082029016
v 0.03760477980717464 0.0 0.11160700927654102
v 0.03961362022823442 0.0 0.11090989620594376
v 0.041609547446107176 0.0 0.11017662885262988
v 0.04359191083069237 0.0 0.10940744624626315
v 0.045560064173412615 0.0 0.10860259912412099
v 0.047513365897863744 0.0 0.10776234984935935
v 0.049451179268955474 0.0 0.10688697232548794
v 0.0513728726004735 0.0 0.10597675190708347
v 0.05327781946099567 0.0 0.10503198530676999
v 0.05516539887809572 0.0 0.104052980498497
v 0.05703499554076671 0.0 0.10304005661714635
v 0.058886000000000015 0.0 0.10199354385450089
v 0.05981400000000001 0.0 0.10360088700392481
v 0.06167467682637275 0.0 0.10250411027057635
v 0.06351524901124174 0.0 0.10137391936311801
v 0.06533511656696478 0.0 0.10021068269990543
v 0.06713368625517108 0.0 0.09901477947151252
v 0.06891037178014484 0.0 0.0977865995171231
v 0.07066459397994491 0.0 0.09652654319745184
v 0.07239578101519972 0.0 0.09523502126423478
v 0.07410336855551451 0.0 0.0939124547263332
v 0.07578679996343117 0.0 0.09255927471249366
v 0.07744552647588047 0.0 0.0911759223308089
v 0.07907900738306703 0.0 0.08976284852492611
v 0.08068671020472942 0.0 0.08832051392704876
v 0.0822681108637173 0.0 0.08684938870778032
v 0.08382269385682979 0.0 0.0853499524228584
v 0.08534995242285837 0.0 0.0838226938568298
v 0.08684938870778028 0.0 0.08226811086371731
v 0.08832051392704876 0.0 0.08068671020472941
v 0.0897628485249261 0.0 0.07907900738306706
v 0.0911759223308089 0.0 0.07744552647588046
v 0.09255927471249363 0.0 0.0757867999634312
v 0.0939124547263332 0.0 0.0741033685555145
v 0.09523502126423472 0.0 0.07239578101519979
v 0.09652654319745183 0.0 0.07066459397994493
v 0.09778659951712314 0.0 0.06891037178014478
v 0.09901477947151249 0.0 0.0671336862551711
v 0.10021068269990543 0.0 0.06533511656696477
v 0.10137391936311803 0.0 0.06351524901124173
v 0.10250411027057636 0.0 0.06167467682637275
v 0.10360088700392481 0.0 0.059814000000000055
v 0.10261101996739919 0.0 0.05924250000000005
v 0.10366386839216946 0.0 0.05738028942913209
v 0.10468292458618698 0.0 0.05549937409631469
v 0.10566785635866456 0.0 0.053600367140203754
v 0.10661834264265518 0.0 0.0516838875969424
v 0.10753407359971336 0.0 0.04975056019836789
v 0.10841475072089583 0.0 0.04780101516836245
v 0.10926008692406916 0.0 0.045835888017413284
v 0.11006980664749251 0.0 0.043855819335449756
v 0.11084364593964484 0.0 0.04186145458302488
v 0.11158135254526749 0.0 0.03985344388090853
v 0.11228268598759435 0.0 0.037832441798161566
v 0.11294741764674182 0.0 0.03579910713876076
v 0.11357533083423432 0.0 0.03375410272684226
v 0.1141662208636401 0.0 0.03169809519063479
v 0.1147198951172947 0.0 0.02963175474515307
v 0.11523617310909012 0.0 0.02755575497372214
v 0.11571488654330964 0.0 0.025470772608403112
v 0.11615587936948853 0.0 0.023377487309392996
v 0.11655900783328334 0.0 0.021276581443469552
v 0.11692414052333272 0.0 0.01916873986155433
v 0.11725115841409467 0.0 0.017054649675466067
v 0.11753995490464648 0.0 0.014935000033936002
v 0.1177904358534343 0.0 0.012810481897960713
v 0.11800251960896127 0.0 0.010681787815562976
v 0.11817613703640427 0.0 0.008549611696035984
v 0.1183112315401504 0.0 0.006414648583743246
v 0.11840775908224588 0.0 0.004277594431549023
v 0.11846568819675152 0.0 0.00213914587395272
v 0.118485 0.0 2.1765341399546122e-17
v 0.117605 0.0 2.1603688022058672e-17
v 0.11758583162745463 0.0 -0.0021232582226121837
v 0.11752833275830296 0.0 -0.00424582430790674
v 0.11743252213596142 0.0 -0.006367006344188035
v 0.11729843099266848 0.0 -0.0084861128709314
v 0.11712610303930364 0.0 -0.010602453104184423
v 0.11691559445113846 0.0 -0.012715337161747602
v 0.11666697384952485 0.0 -0.014824076288062106
v 0.11638032227952573 0.0 -0.0169279830787288
v 0.11605573318349617 0.0 -0.019026371704587958
v 0.11569331237062319 0.0 -0.021118558135284904
v 0.11529317798243405 0.0 -0.023203860362249723
v 0.11485546045428476 0.0 -0.025281598621017472
v 0.11438030247284083 0.0 -0.027351095612816706
v 0.11386785892956447 0.0 -0.02941167672535529
v 0.11331829687022321 0.0 -0.03146267025272903
v 0.11273179544043656 0.0 -0.03350340761438403
v 0.1121085458272783 0.0 -0.0355332235730596
v 0.11144875119695347 0.0 -0.03755145645164197
v 0.11075262662857059 0.0 -0.03955744834885633
v 0.11002039904403033 0.0 -0.041550545353729464
v 0.10925230713405377 0.0 -0.0435300977587506
v 0.10844860128037435 0.0 -0.045495460271662104
v 0.10760954347411868 0.0 -0.04744599222581147
v 0.10673540723040291 0.0 -0.04938105778899491
v 0.10582647749917255 0.0 -0.05130002617072555
v 0.10488305057231505 0.0 -0.053202271827857174
v 0.10390543398707457 0.0 -0.05508717466849875
v 0.10289394642580153 0.0 -0.05695412025415097
v 0.10184891761206892 0.0 -0.058802500000000014
v 0.1044097547310595 0.0 -0.060281000000000015
v 0.10330441487311685 0.0 -0.062156204128976135
v 0.10216539995867384 0.0 -0.06401114664872214
v 0.1009930812825258 0.0 -0.06584522288717033
v 0.09978784099579105 0.0 -0.06765783497421952
v 0.09855007198133717 0.0 -0.06944839203662864
v 0.0972801777257096 0.0 -0.07121631039062858
v 0.09597857218760382 0.0 -0.07296101373219073
v 0.09464567966292323 0.0 -0.07468193332489004
v 0.09328193464646789 0.0 -0.07637850818530101
v 0.09188778169029808 0.0 -0.07805018526586673
v 0.09046367525882021 0.0 -0.07969641963518012
v 0.08901007958064049 0.0 -0.08131667465562058
v 0.08752746849723653 0.0 -0.0829104221582864
v 0.08601632530849507 0.0 -0.08447714261516631
v 0.08447714261516628 0.0 -0.08601632530849512
v 0.08291042215828642 0.0 -0.0875274684972365
v 0.08131667465562062 0.0 -0.08901007958064044
v 0.07969641963518008 0.0 -0.09046367525882024
v 0.07805018526586677 0.0 -0.09188778169029804
v 0.07637850818530104 0.0 -0.09328193464646786
v 0.07468193332489 0.0 -0.09464567966292325
v 0.07296101373219077 0.0 -0.09597857218760378
v 0.07121631039062863 0.0 -0.09728017772570957
v 0.06944839203662867 0.0 -0.09855007198133714
v 0.0676578349742195 0.0 -0.09978784099579109
v 0.06584522288717037 0.0 -0.10099308128252578
v 0.06401114664872219 0.0 -0.10216539995867381
v 0.06215620412897609 0.0 -0.10330441487311691
v 0.06028100000000006 0.0 -0.10440975473105947
v 0.05872150000000006 0.0 -0.10170862149665581
v 0.05687566638330222 0.0 -0.10275221079108375
v 0.05501129250110543 0.0 -0.10376230503587427
v 0.05312898609990244 0.0 -0.1047385749616462
v 0.051229360771808403 0.0 -0.10568070232503142
v 0.0493130357545422 0.0 -0.10658838001241619
v 0.04738063572956908 0.0 -0.1074613121400529
v 0.04543279061846706 0.0 -0.10829921415051234
v 0.04347013537758558 0.0 -0.10910181290544343
v 0.04149330979106378 0.0 -0.10986884677461037
v 0.03950295826227396 0.0 -0.11060006572117867
v 0.03749972960375999 0.0 -0.11129523138322187
v 0.03548427682573738 0.0 -0.11195411715142253
v 0.03345725692322688 0.0 -0.11257650824294199
v 0.03141933066188735 0.0 -0.11316220177143509
v 0.02937116236261985 0.0 -0.11371100681318685
v 0.027313419685013714 0.0 -0.11422274446934946
v 0.025246773409703237 0.0 -0.11469724792425973
v 0.0231718972197075 0.0 -0.11513436249981719
v 0.021089467480823697 0.0 -0.1155339457059062
v 0.01900016302114636 0.0 -0.11589586728684448
v 0.01690466490978404 0.0 -0.1162200092638437
v 0.014803656234844472 0.0 -0.11650626597346835
v 0.012697821880762974 0.0 -0.11675454410207944
v 0.010587848305044216 0.0 -0.11696476271625303
v 0.00847442331449175 0.0 -0.11713685328916258
v 0.006358235840997247 0.0 -0.11727075972291753
v 0.004239975716963436 0.0 -0.11736643836684982
v 0.002120333450433643 0.0 -0.11742385803174316
v -0.0 0.0 -0.117443
v -0.0 1.001019625 -0.117946
v -0.002129414687506602 1.001019625 -0.11792677604805715
v -0.004258135230818081 1.001019625 -0.11786911045883082
v -0.006385467712015657 1.001019625 -0.11777302203008466
v -0.008510718665659465 1.001019625 -0.1176385420846161
v -0.010633195304843645 1.001019625 -0.11746571446004594
v -0.012752205747030237 1.001019625 -0.11725459549452807
v -0.01486705923958825 1.001019625 -0.11700525400838446
v -0.01697706638496445 1.001019625 -0.1167177712816712
v -0.019081539365412393 1.001019625 -0.11639224102768285
v -0.021179792167206432 1.001019625 -0.11602876936240399
v -0.02327114080426778 1.001019625 -0.11562747476991765
v -0.025354903541129452 1.001019625 -0.11518848806378189
v -0.02743040111516762 1.001019625 -0.11471195234438741
v -0.029496956958026937 1.001019625 -0.11419802295230994
v -0.03155389741616748 1.001019625 -0.11364686741767227
v -0.03360055197046156 1.001019625 -0.11305866540553319
v -0.03563625345476881 1.001019625 -0.11243360865732041
v -0.037660338273418296 1.001019625 -0.11177190092832681
v -0.039672146617526556 1.001019625 -0.11107375792129064
v -0.0416710226800815 1.001019625 -0.11033940721608093
v -0.04365631486972154 1.001019625 -0.10956908819551128
v -0.04562737602314066 1.001019625 -0.1087630519673061
v -0.047583563616049956 1.001019625 -0.10792156128224482
v -0.04952423997262697 1.001019625 -0.10704489044851068
v -0.051448772473384564 1.001019625 -0.10613332524227208
v -0.05335653376139148 1.001019625 -0.10518716281452548
v -0.05524690194677745 1.001019625 -0.10420671159423062
v -0.05711926080945616 1.001019625 -0.10319229118776907
v -0.058973 1.001019625 -0.10214423227475938
v -0.0597305 1.001019625 -0.10345626076149284
v -0.06158857933222419 1.001019625 -0.1023610151221564
v -0.06342658208890857 1.001019625 -0.1012324019547049
v -0.06524390911999013 1.001019625 -0.10007078916318421
v -0.06703996801525555 1.001019625 -0.09887655540882029
v -0.06881417329745443 1.001019625 -0.09765008998658377
v -0.07056594661315245 1.001019625 -0.09639179269828795
v -0.07229471692126237 1.001019625 -0.09510207372226191
v -0.07399992067919146 1.001019625 -0.09378135347964098
v -0.07568100202654439 1.001019625 -0.0924300624973184
v -0.0773374129663219 1.001019625 -0.09104864126760258
v -0.07896861354355646 1.001019625 -0.08963754010462599
v -0.08057407202132595 1.001019625 -0.08819721899755219
v -0.0821532650540888 1.001019625 -0.08672814746062914
v -0.08370567785828358 1.001019625 -0.08523080438013746
v -0.08523080438013746 1.001019625 -0.08370567785828356
v -0.08672814746062912 1.001019625 -0.08215326505408879
v -0.0881972189975522 1.001019625 -0.08057407202132594
v -0.08963754010462598 1.001019625 -0.07896861354355646
v -0.09104864126760259 1.001019625 -0.07733741296632192
v -0.09243006249731839 1.001019625 -0.07568100202654439
v -0.09378135347964098 1.001019625 -0.07399992067919148
v -0.0951020737222619 1.001019625 -0.07229471692126238
v -0.09639179269828796 1.001019625 -0.07056594661315245
v -0.09765008998658377 1.001019625 -0.06881417329745443
v -0.0988765554088203 1.001019625 -0.06703996801525557
v -0.10007078916318424 1.001019625 -0.06524390911999013
v -0.10123240195470491 1.001019625 -0.06342658208890857
v -0.1023610151221564 1.001019625 -0.061588579332224176
v -0.10345626076149282 1.001019625 -0.05973050000000001
v -0.1017874298084002 1.001019625 -0.058767000000000014
v -0.1028318277216968 1.001019625 -0.056919736150260455
v -0.10384270463191886 1.001019625 -0.05505391766920913
v -0.10481973101455275 1.001019625 -0.053170152774247394
v -0.1057625883796416 1.001019625 -0.051269055532928466
v -0.10667096937560627 1.001019625 -0.04935124566278415
v -0.10754457788943554 1.001019625 -0.04741734832931014
v -0.10838312914321262 1.001019625 -0.045467993942175364
v -0.10918634978694677 1.001019625 -0.04350381794972149
v -0.10995397798767957 1.001019625 -0.041525460631820485
v -0.11068576351483708 1.001019625 -0.039533566891156696
v -0.1113814678217995 1.001019625 -0.03752878604300227
v -0.11204086412366251 1.001019625 -0.035511771603554135
v -0.11266373747116426 1.001019625 -0.03348318107690153
v -0.11324988482075435 1.001019625 -0.031443675740693455
v -0.11379911510078168 1.001019625 -0.02939392043057618
v -0.1143112492737798 1.001019625 -0.02733458332347101
v -0.11478612039482931 1.001019625 -0.02526633571976249
v -0.11522357366597852 1.001019625 -0.023189851824468904
v -0.11562346648670402 1.001019625 -0.02110580852746544
v -0.11598566850039574 1.001019625 -0.019014885182832668
v -0.11631006163685026 1.001019625 -0.016917763387401134
v -0.11659654015075935 1.001019625 -0.014815126758565495
v -0.1168450106561805 1.001019625 -0.012707660711439556
v -0.11705539215697897 1.001019625 -0.010596052235425467
v -0.1172276160732307 1.001019625 -0.008480989670269612
v -0.11736162626357799 1.001019625 -0.0063631624816784475
v -0.11745737904353029 1.001019625 -0.0042432610365673645
v -0.11751484319970454 1.001019625 -0.00212197637801537
v -0.117534 1.001019625 -7.19688184454925e-18
v -0.117592 1.001019625 -7.200433320266778e-18
v -0.1175728337463173 1.001019625 0.0021230235186718883
v -0.1175153412330629 1.001019625 0.004245354976534686
v -0.11741954120158135 1.001019625 0.006366302538376413
v -0.11728546488065875 1.001019625 0.00848517482010606
v -0.1171131559763428 1.001019625 0.010601281114129953
v -0.11690267065769545 1.001019625 0.012713931614508157
v -0.11665407753848328 1.001019625 0.014822437641816259
v -0.1163674576548105 1.001019625 0.016926111867640623
v -0.11604290443870315 1.001019625 0.019024268538632712
v -0.11568052368765207 1.001019625 0.021116223700050347
v -0.11528043353012528 1.001019625 0.023201295418712447
v -0.11484276438706052 1.001019625 0.025278804005294746
v -0.11436765892935077 1.001019625 0.02734807223589431
v -0.11385527203133664 1.001019625 0.029408425572790116
v -0.11330577072032046 1.001019625 0.03145919238432814
v -0.11271933412211912 1.001019625 0.033499704163859015
v -0.1120961534026726 1.001019625 0.03552929574765721
v -0.1114364317057281 1.001019625 0.03754730553175013
v -0.11074038408661939 1.001019625 0.0395530756875874
v -0.11000823744216329 1.001019625 0.041545952376478575
v -0.10924023043669615 1.001019625 0.0435252859627312
v -0.10843661342427433 1.001019625 0.04549043122541804
v -0.10759764836706402 1.001019625 0.047440747568705574
v -0.10672360874994717 1.001019625 0.049375599230674645
v -0.10581477949137111 1.001019625 0.05129435549056549
v -0.10487145685047122 1.001019625 0.05319639087437934
v -0.10389394833049673 1.001019625 0.05508108535876971
v -0.10288257257857104 1.001019625 0.05694782457315698
v -0.10183765928181973 1.001019625 0.05879599999999997
v -0.10396721574972567 1.001019625 0.060025499999999975
v -0.10286656085609527 1.001019625 0.0618927561079586
v -0.1017323736371224 1.001019625 0.06373983648517562
v -0.1005650238138759 1.001019625 0.06556613902247542
v -0.09936489191773289 1.001019625 0.06737106838381937
v -0.09813236916633354 1.001019625 0.06915403620037251
v -0.09686785733605249 1.001019625 0.07091446126229956
v -0.09557176863102826 1.001019625 0.07265176970822668
v -0.09424452554879315 1.001019625 0.07436539521230877
v -0.09288656074254836 1.001019625 0.07605477916883904
v -0.0914983168801279 1.001019625 0.0777193708743432
v -0.09008024649969827 1.001019625 0.07935862770709684
v -0.08863281186224069 1.001019625 0.08097201530400888
v -0.0871564848008638 1.001019625 0.0825590077348123
v -0.0856517465669958 1.001019625 0.08411908767350683
v -0.08411908767350684 1.001019625 0.08565174656699577
v -0.08255900773481233 1.001019625 0.0871564848008638
v -0.08097201530400885 1.001019625 0.08863281186224072
v -0.07935862770709687 1.001019625 0.09008024649969826
v -0.07771937087434316 1.001019625 0.0914983168801279
v -0.07605477916883906 1.001019625 0.09288656074254834
v -0.0743653952123088 1.001019625 0.09424452554879315
v -0.07265176970822669 1.001019625 0.09557176863102824
v -0.07091446126229953 1.001019625 0.0968678573360525
v -0.06915403620037248 1.001019625 0.09813236916633356
v -0.06737106838381939 1.001019625 0.09936489191773286
v -0.06556613902247538 1.001019625 0.10056502381387591
v -0.06373983648517559 1.001019625 0.1017323736371224
v -0.06189275610795866 1.001019625 0.10286656085609523
v -0.0600255 1.001019625 0.10396721574972566
v -0.0584405 1.001019625 0.10122191521972898
v -0.05660349925109836 1.001019625 0.10226051062619874
v -0.05474804695743217 1.001019625 0.1032657712668956
v -0.05287474795724483 1.001019625 0.10423736944809109
v -0.05098421290642886 1.001019625 0.10517498844930734
v -0.04907705807946527 1.001019625 0.10607832262656114
v -0.04715390516853084 1.001019625 0.10694707751199749
v -0.04521538108083956 1.001019625 0.10778096990987998
v -0.04326211773428453 1.001019625 0.1085797279889064
v -0.04129475185144559 1.001019625 0.1093430913708202
v -0.03931392475203164 1.001019625 0.11007081121528811
v -0.0373202821438235 1.001019625 0.11076265030101712
v -0.035314473912187214 1.001019625 0.11141838310308336
v -0.03329715390822514 1.001019625 0.11203779586644842
v -0.03126897973563386 1.001019625 0.1126206866756393
v -0.029230612536339913 1.001019625 0.11316686552056822
v -0.027182716774980943 1.001019625 0.11367615435847209
v -0.025125960022304734 1.001019625 0.11414838717195065
v -0.023061012737554697 1.001019625 0.11458341002308467
v -0.02098854804991482 1.001019625 0.1149810811036164
v -0.018909241539083743 1.001019625 0.11534127078117613
v -0.01682377101504952 1.001019625 0.11566386164153945
v -0.014732816297138653 1.001019625 0.11594874852690201
v -0.012637058992408703 1.001019625 0.1161958385701587
v -0.01053718227345927 1.001019625 0.11640505122517619
v -0.008433870655731842 1.001019625 0.11657631829304949
v -0.006327809774372177 1.001019625 0.11670958394433321
v -0.0042196861607281975 1.001019625 0.11680480473724082
v -0.002110187018554761 1.001019625 0.11686194963180582
v -1.431379425311418e-17 1.001019625 0.116881
v -1.4422910282918208e-17 1.001019625 0.117772
v 0.0021262732655370343 1.001019625 0.11775280440821892
v 0.0042518534109160415 1.001019625 0.11769522389023303
v 0.006376047541921755 1.001019625 0.11759927721607456
v 0.008498163216150163 1.001019625 0.11746499566233198
v 0.010617508668730145 1.001019625 0.11729242300195455
v 0.01273339303782446 1.001019625 0.11708161548998322
v 0.0148451265898359 1.001019625 0.11683264184521269
v 0.01695202094424598 1.001019625 0.11654558322779052
v 0.019053389298012226 1.001019625 0.11622053321276063
v 0.021148546649451712 1.001019625 0.11585759775955985
v 0.023236810021537192 1.001019625 0.11545689517747733
v 0.025317498684532723 1.001019625 0.11501855608708834
v 0.027389934377897673 1.001019625 0.11454272337767449
v 0.029453441531385096 1.001019625 0.1140295521606451
v 0.03150734748526342 1.001019625 0.1134792097189739
v 0.03355098270958914 1.001019625 0.11289187545266864
v 0.03558368102245968 1.001019625 0.11226774082029016
v 0.03760477980717464 1.001019625 0.11160700927654102
v 0.03961362022823442 1.001019625 0.11090989620594376
v 0.041609547446107176 1.001019625 0.11017662885262988
v 0.04359191083069237 1.001019625 0.10940744624626315
v 0.045560064173412615 1.001019625 0.10860259912412099
v 0.047513365897863744 1.001019625 0.10776234984935935
v 0.049451179268955474 1.001019625 0.10688697232548794
v 0.0513728726004735 1.001019625 0.10597675190708347
v 0.05327781946099567 1.001019625 0.10503198530676999
v 0.05516539887809572 1.001019625 0.104052980498497
v 0.05703499554076671 1.001019625 0.10304005661714635
v 0.058886000000000015 1.001019625 0.10199354385450089
v 0.05981400000000001 1.001019625 0.10360088700392481
v 0.06167467682637275 1.001019625 0.10250411027057635
v 0.06351524901124174 1.001019625 0.10137391936311801
v 0.06533511656696478 1.001019625 0.10021068269990543
v 0.06713368625517108 1.001019625 0.09901477947151252
v 0.06891037178014484 1.001019625 0.0977865995171231
v 0.07066459397994491 1.001019625 0.09652654319745184
v 0.07239578101519972 1.001019625 0.09523502126423478
v 0.07410336855551451 1.001019625 0.0939124547263332
v 0.07578679996343117 1.001019625 0.09255927471249366
v 0.07744552647588047 1.001019625 0.0911759223308089
v 0.07907900738306703 1.001019625 0.08976284852492611
v 0.08068671020472942 1.001019625 0.08832051392704876
v 0.0822681108637173 1.001019625 0.08684938870778032
v 0.08382269385682979 1.001019625 0.0853499524228584
v 0.08534995242285837 1.001019625 0.0838226938568298
v 0.08684938870778028 1.001019625 0.08226811086371731
v 0.08832051392704876 1.001019625 0.08068671020472941
v 0.0897628485249261 1.001019625 0.07907900738306706
v 0.0911759223308089 1.001019625 0.07744552647588046
v 0.09255927471249363 1.001019625 0.0757867999634312
v 0.0939124547263332 1.001019625 0.0741033685555145
v 0.09523502126423472 1.001019625 0.07239578101519979
v 0.09652654319745183 1.001019625 0.07066459397994493
v 0.09778659951712314 1.001019625 0.06891037178014478
v 0.09901477947151249 1.001019625 0.0671336862551711
v 0.10021068269990543 1.001019625 0.06533511656696477
v 0.10137391936311803 1.001019625 0.06351524901124173
v 0.10250411027057636 1.001019625 0.06167467682637275
v 0.10360088700392481 1.001019625 0.059814000000000055
v 0.10261101996739919 1.001019625 0.05924250000000005
v 0.10366386839216946 1.001019625 0.05738028942913209
v 0.10468292458618698 1.001019625 0.05549937409631469
v 0.10566785635866456 1.001019625 0.053600367140203754
v 0.10661834264265518 1.001019625 0.0516838875969424
v 0.10753407359971336 1.001019625 0.04975056019836789
v 0.10841475072089583 1.001019625 0.04780101516836245
v 0.10926008692406916 1.001019625 0.045835888017413284
v 0.11006980664749251 1.001019625 0.043855819335449756
v 0.11084364593964484 1.001019625 0.04186145458302488
v 0.11158135254526749 1.001019625 0.03985344388090853
v 0.11228268598759435 1.001019625 0.037832441798161566
v 0.11294741764674182 1.001019625 0.03579910713876076
v 0.11357533083423432 1.001019625 0.03375410272684226
v 0.1141662208636401 1.001019625 0.03169809519063479
v 0.1147198951172947 1.001019625 0.02963175474515307
v 0.11523617310909012 1.001019625 0.02755575497372214
v 0.11571488654330964 1.001019625 0.025470772608403112
v 0.11615587936948853 1.001019625 0.023377487309392996
v 0.11655900783328334 1.001019625 0.021276581443469552
v 0.11692414052333272 1.001019625 0.01916873986155433
v 0.11725115841409467 1.001019625 0.017054649675466067
v 0.11753995490464648 1.001019625 0.014935000033936002
v 0.1177904358534343 1.001019625 0.012810481897960713
v 0.11800251960896127 1.001019625 0.010681787815562976
v 0.11817613703640427 1.001019625 0.008549611696035984
v 0.1183112315401504 1.001019625 0.006414648583743246
v 0.11840775908224588 1.001019625 0.004277594431549023
v 0.11846568819675152 1.001019625 0.00213914587395272
v 0.118485 1.001019625 2.1765341399546122e-17
v 0.117605 1.001019625 2.1603688022058672e-17
v 0.11758583162745463 1.001019625 -0.0021232582226121837
v 0.11752833275830296 1.001019625 -0.00424582430790674
v 0.11743252213596142 1.001019625 -0.006367006344188035
v 0.11729843099266848 1.001019625 -0.0084861128709314
v 0.11712610303930364 1.001019625 -0.010602453104184423
v 0.11691559445113846 1.001019625 -0.012715337161747602
v 0.11666697384952485 1.001019625 -0.014824076288062106
v 0.11638032227952573 1.001019625 -0.0169279830787288
v 0.11605573318349617 1.001019625 -0.019026371704587958
v 0.11569331237062319 1.001019625 -0.021118558135284904
v 0.11529317798243405 1.001019625 -0.023203860362249723
v 0.11485546045428476 1.001019625 -0.025281598621017472
v 0.11438030247284083 1.001019625 -0.027351095612816706
v 0.11386785892956447 1.001019625 -0.02941167672535529
v 0.11331829687022321 1.001019625 -0.03146267025272903
v 0.11273179544043656 1.001019625 -0.03350340761438403
v 0.1121085458272783 1.001019625 -0.0355332235730596
v 0.11144875119695347 1.001019625 -0.03755145645164197
v 0.11075262662857059 1.001019625 -0.03955744834885633
v 0.11002039904403033 1.001019625 -0.041550545353729464
v 0.10925230713405377 1.001019625 -0.0435300977587506
v 0.10844860128037435 1.001019625 -0.045495460271662104
v 0.10760954347411868 1.001019625 -0.04744599222581147
v 0.10673540723040291 1.001019625 -0.04938105778899491
v 0.10582647749917255 1.001019625 -0.05130002617072555
v 0.10488305057231505 1.001019625 -0.053202271827857174
v 0.10390543398707457 1.001019625 -0.05508717466849875
v 0.10289394642580153 1.001019625 -0.05695412025415097
v 0.10184891761206892 1.001019625 -0.058802500000000014
v 0.1044097547310595 1.001019625 -0.060281000000000015
v 0.10330441487311685 1.001019625 -0.062156204128976135
v 0.10216539995867384 1.001019625 -0.06401114664872214
v 0.1009930812825258 1.001019625 -0.06584522288717033
v 0.09978784099579105 1.001019625 -0.06765783497421952
v 0.09855007198133717 1.001019625 -0.06944839203662864
v 0.0972801777257096 1.001019625 -0.07121631039062858
v 0.09597857218760382 1.001019625 -0.07296101373219073
v 0.09464567966292323 1.001019625 -0.07468193332489004
v 0.09328193464646789 1.001019625 -0.07637850818530101
v 0.09188778169029808 1.001019625 -0.07805018526586673
v 0.09046367525882021 1.001019625 -0.07969641963518012
v 0.08901007958064049 1.001019625 -0.08131667465562058
v 0.08752746849723653 1.001019625 -0.0829104221582864
v 0.08601632530849507 1.001019625 -0.08447714261516631
v 0.08447714261516628 1.001019625 -0.08601632530849512
v 0.08291042215828642 1.001019625 -0.0875274684972365
v 0.08131667465562062 1.001019625 -0.08901007958064044
v 0.07969641963518008 1.001019625 -0.09046367525882024
v 0.07805018526586677 1.001019625 -0.09188778169029804
v 0.07637850818530104 1.001019625 -0.09328193464646786
v 0.07468193332489 1.001019625 -0.09464567966292325
v 0.07296101373219077 1.001019625 -0.09597857218760378
v 0.07121631039062863 1.001019625 -0.09728017772570957
v 0.06944839203662867 1.001019625 -0.09855007198133714
v 0.0676578349742195 1.001019625 -0.09978784099579109
v 0.06584522288717037 1.001019625 -0.10099308128252578
v 0.06401114664872219 1.001019625 -0.10216539995867381
v 0.06215620412897609 1.001019625 -0.10330441487311691
v 0.06028100000000006 1.001019625 -0.10440975473105947
v 0.05872150000000006 1.001019625 -0.10170862149665581
v 0.05687566638330222 1.001019625 -0.10275221079108375
v 0.05501129250110543 1.001019625 -0.10376230503587427
v 0.05312898609990244 1.001019625 -0.1047385749616462
v 0.051229360771808403 1.001019625 -0.10568070232503142
v 0.0493130357545422 1.001019625 -0.10658838001241619
v 0.04738063572956908 1.001019625 -0.1074613121400529
v 0.04543279061846706 1.001019625 -0.10829921415051234
v 0.04347013537758558 1.001019625 -0.10910181290544343
v 0.04149330979106378 1.001019625 -0.10986884677461037
v 0.03950295826227396 1.001019625 -0.11060006572117867
v 0.03749972960375999 1.001019625 -0.11129523138322187
v 0.03548427682573738 1.001019625 -0.11195411715142253
v 0.03345725692322688 1.001019625 -0.11257650824294199
v 0.03141933066188735 1.001019625 -0.11316220177143509
v 0.02937116236261985 1.001019625 -0.11371100681318685
v 0.027313419685013714 1.001019625 -0.11422274446934946
v 0.025246773409703237 1.001019625 -0.11469724792425973
v 0.0231718972197075 1.001019625 -0.11513436249981719
v 0.021089467480823697 1.001019625 -0.1155339457059062
v 0.01900016302114636 1.001019625 -0.11589586728684448
v 0.01690466490978404 1.001019625 -0.1162200092638437
v 0.014803656234844472 1.001019625 -0.11650626597346835
v 0.012697821880762974 1.001019625 -0.11675454410207944
v 0.010587848305044216 1.001019625 -0.11696476271625303
v 0.00847442331449175 1.001019625 -0.11713685328916258
v 0.006358235840997247 1.001019625 -0.11727075972291753
v 0.004239975716963436 1.001019625 -0.11736643836684982
v 0.002120333450433643 1.001019625 -0.11742385803174316
v -0.0 1.001019625 -0.117443
v 0.0 0.0 0.0
v 0.0 1.001019625 0.0
v -0.0 1.001019625 -0.119903
v -0.0021647466575899486 1.001019625 -0.11988345707773217
v -0.004328787653509067 1.001019625 -0.11982483468150842
v -0.006491417556117319 1.001019625 -0.11972715192099131
v -0.008651931393761272 1.001019625 -0.11959044063869673
v -0.010809624884579956 1.001019625 -0.11941474539961414
v -0.01296379466608589 1.001019625 -0.11920012347667916
v -0.015113738524446358 1.001019625 -0.11894664483210386
v -0.017258755623390305 1.001019625 -0.11865439209457058
v -0.01939814673266615 1.001019625 -0.11832346053229661
v -0.021531214455976062 1.001019625 -0.11795395802197892
v -0.023657263458312445 1.001019625 -0.11754600501362857
v -0.025775600692622424 1.001019625 -0.11709973449130653
v -0.027885535625726543 1.001019625 -0.11661529192977366
v -0.029986380463418037 1.001019625 -0.11609283524706916
v -0.03207745037466917 1.001019625 -0.11553253475303239
v -0.03415806371487166 1.001019625 -0.11493457309378569
v -0.036227542248038466 1.001019625 -0.11429914519219549
v -0.03828521136789441 1.001019625 -0.11362645818433156
v -0.04033040031778345 1.001019625 -0.11291673135194506
v -0.04236244240932131 1.001019625 -0.11217019605098734
v -0.04438067523972176 1.001019625 -0.11138709563619274
v -0.04638444090772586 1.001019625 -0.11056768538175014
v -0.048373086228064015 1.001019625 -0.10971223239808897
v -0.0503459629443804 1.001019625 -0.10882101554480673
v -0.05230242794055101 1.001019625 -0.10789432533976692
v -0.05424184345032576 1.001019625 -0.10693246386439598
v -0.05616357726522694 1.001019625 -0.10593574466521148
v -0.058067002940635735 1.001019625 -0.10490449265161239
v -0.0599515 1.001019625 -0.10383904398996552
v -0.060088 1.001019625 -0.10407546892519871
v -0.06195720034010577 1.001019625 -0.10297366800311622
v -0.06380620394201184 1.001019625 -0.10183829984102441
v -0.06563440806961214 1.001019625 -0.10066973454495463
v -0.06744121676698965 1.001019625 -0.09946835304250247
v -0.06922604105268568 1.001019625 -0.09823454695865338
v -0.0709882991116951 1.001019625 -0.09696871848812125
v -0.07272741648512591 1.001019625 -0.09567128026424145
v -0.07444282625746072 1.001019625 -0.09434265522446099
v -0.0761339692413591 1.001019625 -0.09298327647246998
v -0.07780029415994091 1.001019625 -0.09159358713701884
v -0.079441257826491 1.001019625 -0.09017404022746782
v -0.08105632532152642 1.001019625 -0.0887250984861154
v -0.082644970167169 1.001019625 -0.08724723423735417
v -0.08420667449876602 1.001019625 -0.08574092923370304
v -0.08574092923370304 1.001019625 -0.08420667449876601
v -0.08724723423735416 1.001019625 -0.08264497016716899
v -0.08872509848611541 1.001019625 -0.0810563253215264
v -0.0901740402274678 1.001019625 -0.079441257826491
v -0.09159358713701886 1.001019625 -0.07780029415994093
v -0.09298327647246997 1.001019625 -0.0761339692413591
v -0.09434265522446099 1.001019625 -0.07444282625746074
v -0.09567128026424143 1.001019625 -0.07272741648512591
v -0.09696871848812126 1.001019625 -0.0709882991116951
v -0.09823454695865338 1.001019625 -0.06922604105268568
v -0.09946835304250248 1.001019625 -0.06744121676698966
v -0.10066973454495466 1.001019625 -0.06563440806961213
v -0.10183829984102442 1.001019625 -0.06380620394201184
v -0.10297366800311622 1.001019625 -0.06195720034010575
v -0.1040754689251987 1.001019625 -0.060088000000000016
v -0.10424001375191774 1.001019625 -0.060183000000000014
v -0.10530957659528101 1.001019625 -0.0582912260406542
v -0.10634481074179 1.001019625 -0.05638045037327094
v -0.10734537872698671 1.001019625 -0.054451295870344425
v -0.10831095438684926 1.001019625 -0.052504391395481034
v -0.10924122296411443 1.001019625 -0.050540371598402814
v -0.11013588121088196 1.001019625 -0.048559876708065275
v -0.11099463748746685 1.001019625 -0.0465635523239563
v -0.11181721185746793 1.001019625 -0.04455204920564413
v -0.11260333617902087 1.001019625 -0.042526023060643764
v -0.1133527541922072 1.001019625 -0.04048613433067
v -0.1140652216025892 1.001019625 -0.03843304797634736
v -0.11474050616084505 1.001019625 -0.03636743326044716
v -0.11537838773847701 1.001019625 -0.03428996352972186
v -0.11597865839956878 1.001019625 -0.032201315995408215
v -0.11654112246856814 1.001019625 -0.030102171512470712
v -0.11706559659407302 1.001019625 -0.027993214357657458
v -0.11755190980860028 1.001019625 -0.02587513200644011
v -0.11799990358431749 1.001019625 -0.02374861490891167
v -0.11840943188471945 1.001019625 -0.021614356264714085
v -0.11878036121223334 1.001019625 -0.019473051797070096
v -0.11911257065173583 1.001019625 -0.017325399525991842
v -0.11940595190996903 1.001019625 -0.015172099540741354
v -0.11966040935084164 1.001019625 -0.013013853771616159
v -0.11987586002660447 1.001019625 -0.010851365761134837
v -0.12005223370488954 1.001019625 -0.008685340434696957
v -0.12018947289160437 1.001019625 -0.00651648387079235
v -0.12028753284967386 1.001019625 -0.004345503070834545
v -0.12034638161362361 1.001019625 -0.0021731057286929574
v -0.120366 1.001019625 -7.370291831308517e-18
v -0.119286 1.001019625 -7.304160904154559e-18
v -0.1192665576422138 1.001019625 0.0021536072475023377
v -0.11920823690665301 1.001019625 0.004306512464546199
v -0.11911105680464516 1.001019625 0.00645801384952011
v -0.11897504901485016 1.001019625 0.008607410058432304
v -0.11880025787293376 1.001019625 0.010754000433533792
v -0.11858674035711494 1.001019625 0.012897085231718316
v -0.11833456606959246 1.001019625 0.015035965852623429
v -0.11804381721385576 1.001019625 0.01716994506635978
v -0.1177145885678885 1.001019625 0.019298327240793094
v -0.11734698745327289 1.001019625 0.02142041856830572
v -0.11694113370020516 1.001019625 0.02353552729196317
v -0.11649715960843342 1.001019625 0.02564296393101222
v -0.1160152099041307 1.001019625 0.027742041505637194
v -0.11549544169271739 1.001019625 0.02983207576090076
v -0.11493802440764803 1.001019625 0.03191238538979664
v -0.11434313975517979 1.001019625 0.03398229225534124
v -0.11371098165513983 1.001019625 0.03604112161163207
v -0.11304175617771178 1.001019625 0.03808820232380049
v -0.11233568147626097 1.001019625 0.04012286708678779
v -0.11159298771622125 1.001019625 0.042144452642872164
v -0.11081391700006579 1.001019625 0.04415229999787701
v -0.10999872328838685 1.001019625 0.04614575463598899
v -0.10914767231710999 1.001019625 0.048124166733116314
v -0.10826104151086977 1.001019625 0.05008689136871773
v -0.10733911989257514 1.001019625 0.05203328873603302
v -0.1063822079891941 1.001019625 0.05396272435064642
v -0.1053906177337883 1.001019625 0.055874569257315154
v -0.10436467236382939 1.001019625 0.05776820023499561
v -0.10330470631583057 1.001019625 0.059642999999999974
v -0.10668913359382015 1.001019625 0.06159699999999997
v -0.10555966296079 1.001019625 0.06351314188106598
v -0.10439578210803456 1.001019625 0.06540857981986593
v -0.10319787043611987 1.001019625 0.06728269594368091
v -0.10196631843893998 1.001019625 0.06913487933025333
v -0.10070152757642413 1.001019625 0.07096452620693448
v -0.09940391014366935 1.001019625 0.07277104014750174
v -0.0980738891365411 1.001019625 0.07455383226658067
v -0.09671189811378515 1.001019625 0.07631232141160978
v -0.09531838105569719 1.001019625 0.07804593435228324
v -0.09389379221939406 1.001019625 0.07975410596741248
v -0.09243859599073584 1.001019625 0.08143627942914333
v -0.09095326673294582 1.001019625 0.08309190638447052
v -0.0894382886319782 1.001019625 0.0847204471339886
v -0.08789415553868339 1.001019625 0.08632137080782333
v -0.08632137080782334 1.001019625 0.08789415553868336
v -0.08472044713398863 1.001019625 0.0894382886319782
v -0.08309190638447049 1.001019625 0.09095326673294585
v -0.08143627942914336 1.001019625 0.09243859599073583
v -0.07975410596741243 1.001019625 0.09389379221939406
v -0.07804593435228326 1.001019625 0.09531838105569716
v -0.0763123214116098 1.001019625 0.09671189811378515
v -0.07455383226658069 1.001019625 0.09807388913654108
v -0.07277104014750171 1.001019625 0.09940391014366937
v -0.07096452620693446 1.001019625 0.10070152757642414
v -0.06913487933025335 1.001019625 0.10196631843893995
v -0.06728269594368087 1.001019625 0.10319787043611989
v -0.0654085798198659 1.001019625 0.10439578210803456
v -0.06351314188106605 1.001019625 0.10555966296078996
v -0.061597 1.001019625 0.10668913359382014
v -0.0600685 1.001019625 0.1040416939344511
v -0.05818032519852845 1.001019625 0.10510922190176024
v -0.05627318484035069 1.001019625 0.10614248648361184
v -0.054347700612927013 1.001019625 0.10714115085758437
v -0.05240450018343138 1.001019625 0.10810488948019298
v -0.05044421699414549 1.001019625 0.10903338819300977
v -0.048467490055969654 1.001019625 0.10992634432507287
v -0.04647496374011877 1.001019625 0.11078346679155081
v -0.04446728756807129 1.001019625 0.11160447618862987
v -0.04244511599983846 1.001019625 0.11238910488459396
v -0.04040910822062461 1.001019625 0.11313709710706674
v -0.038359927925946245 1.001019625 0.11384820902638831
v -0.03629824310528174 1.001019625 0.11452220883509831
v -0.03422472582432083 1.001019625 0.11515887682350008
v -0.032140052005885 1.001019625 0.11575800545128188
v -0.030044901209591534 1.001019625 0.11631939941517015
v -0.027939956410330896 1.001019625 0.11684287571259452
v -0.025825903775631827 1.001019625 0.1173282637013427
v -0.023703432441984657 1.001019625 0.11777540515518624
v -0.021573234290197866 1.001019625 0.118184154315459
v -0.019436003719859547 1.001019625 0.11855437793857133
v -0.01729243742297725 1.001019625 0.1188859553394446
v -0.015143234156871915 1.001019625 0.11917877843085212
v -0.012989094516397057 1.001019625 0.11943275175865328
v -0.010830720705560152 1.001019625 0.11964779253290947
v -0.008668816308618649 1.001019625 0.11982383065487193
v -0.006504086060726296 1.001019625 0.11996080873983248
v -0.00433723561820487 1.001019625 0.1200586821358296
v -0.002168971328514586 1.001019625 0.12011741893820428
v -1.4712539250916557e-17 1.001019625 0.120137
v -1.451194210521622e-17 1.001019625 0.118499
v 0.002139398632042192 1.001019625 0.11847968591489941
v 0.004278099865334205 1.001019625 0.11842174995558132
v 0.006415406528463353 1.001019625 0.11832521100794433
v 0.00855062190461721 1.001019625 0.11819010054164553
v 0.010683049958698615 1.001019625 0.11801646259984216
v 0.012811995564218664 1.001019625 0.11780435378483443
v 0.01493676472989305 1.001019625 0.11755384323961432
v 0.017056664825868668 1.001019625 0.11726501262532646
v 0.019171004809506086 1.001019625 0.11693795609464831
v 0.02127909545064513 1.001019625 0.11657278026109841
v 0.023380249556279382 1.001019625 0.11616960416428256
v 0.025473782194566138 1.001019625 0.11572855923108956
v 0.027559010918100195 1.001019625 0.11524978923284862
v 0.029635255986377083 1.001019625 0.11473345023846315
v 0.03170184058737416 1.001019625 0.11417971056353537
v 0.03375809105817684 1.001019625 0.11358875071549927
v 0.03580333710457875 1.001019625 0.11296076333477874
v 0.037836912019583495 1.001019625 0.11229595313199091
v 0.0398581529007366 1.001019625 0.11159453682121495
v 0.041866400866218234 1.001019625 0.1108567430493478
v 0.04386100126962448 1.001019625 0.11008281232156995
v 0.04584130391336838 1.001019625 0.10927299692294613
v 0.04780666326063033 1.001019625 0.10842756083618545
v 0.04975643864578978 1.001019625 0.10754677965558872
v 0.051689994483268595 1.001019625 0.10663094049721057
v 0.05360670047471831 1.001019625 0.10568034190526557
v 0.05550593181448446 1.001019625 0.10469529375480925
v 0.057387069393279505 1.001019625 0.10367611715072533
v 0.05924950000000001 1.001019625 0.10262314432305217
v 0.06148450000000001 1.001019625 0.10649427787796861
v 0.06339714226320119 1.001019625 0.10536687009615227
v 0.06528911839756064 1.001019625 0.10420511494101097
v 0.0671598116588348 1.001019625 0.10300939112017815
v 0.0690086122405468 1.001019625 0.10178008841435468
v 0.07083491747277083 1.001019625 0.10051760755024834
v 0.07263813201858968 1.001019625 0.09922236006994561
v 0.0744176680681621 1.001019625 0.09789476819675733
v 0.07617294553033624 1.001019625 0.09653526469758307
v 0.07790339222174715 1.001019625 0.0951442927418383
v 0.07960844405333656 1.001019625 0.09372230575699034
v 0.08128754521423387 1.001019625 0.09226976728075065
v 0.08294014835293888 1.001019625 0.09078715080997139
v 0.08456571475574658 1.001019625 0.0892749396462955
v 0.08616371452235683 1.001019625 0.0877336267386103
v 0.08773362673861028 1.001019625 0.08616371452235684
v 0.08927493964629546 1.001019625 0.08456571475574659
v 0.09078715080997139 1.001019625 0.08294014835293886
v 0.09226976728075063 1.001019625 0.0812875452142339
v 0.09372230575699034 1.001019625 0.07960844405333654
v 0.09514429274183826 1.001019625 0.07790339222174718
v 0.09653526469758307 1.001019625 0.07617294553033623
v 0.09789476819675727 1.001019625 0.07441766806816216
v 0.0992223600699456 1.001019625 0.0726381320185897
v 0.10051760755024838 1.001019625 0.07083491747277078
v 0.10178008841435465 1.001019625 0.06900861224054683
v 0.10300939112017815 1.001019625 0.06715981165883479
v 0.10420511494101098 1.001019625 0.06528911839756063
v 0.10536687009615228 1.001019625 0.06339714226320119
v 0.10649427787796861 1.001019625 0.06148450000000005
v 0.10476482514661109 1.001019625 0.060486000000000054
v 0.1058397728584844 1.001019625 0.0585847016316071
v 0.10688021904072424 1.001019625 0.05666430588833507
v 0.10788582452985922 1.001019625 0.054725438778619476
v 0.1088562615197475 1.001019625 0.052768732332171296
v 0.10979121366843503 1.001019625 0.050794824393948265
v 0.1106903762012762 1.001019625 0.048804358416231104
v 0.11155345601028395 1.001019625 0.046797983248871335
v 0.11238017174967688 1.001019625 0.04477635292778012
v 0.11317025392759181 1.001019625 0.04274012646172668
v 0.11392344499393256 1.001019625 0.04068996761751501
v 0.11463949942432597 1.001019625 0.03862654470360975
v 0.11531818380015742 1.001019625 0.03655053035228229
v 0.11595927688466047 1.001019625 0.03446260130034656
v 0.11656256969503542 1.001019625 0.03236343816855696
v 0.11712786557057328 1.001019625 0.030253725239740535
v 0.11765498023676288 1.001019625 0.02813415023573545
v 0.11814374186536063 1.001019625 0.02600540409320793
v 0.11859399113040273 1.001019625 0.023868180738421653
v 0.11900558126014224 1.001019625 0.021723176861032187
v 0.1193783780848935 1.001019625 0.019571091686981054
v 0.11971226008076855 1.001019625 0.017412626750563202
v 0.12000711840929143 1.001019625 0.015248485665740863
v 0.12026285695287718 1.001019625 0.013079373896781056
v 0.12047939234616419 1.001019625 0.010905998528288682
v 0.12065665400318942 1.001019625 0.008729068034712116
v 0.12079458414039815 1.001019625 0.00654929204939518
v 0.12089313779548001 1.001019625 0.004367381133251875
v 0.12095228284202578 1.001019625 0.0021840465431388653
v 0.120972 1.001019625 2.2222195887968043e-17
v 0.120149 1.001019625 2.2071013240613303e-17
v 0.12012941698233108 1.001019625 -0.00216918797830561
v 0.1200706743129743 1.001019625 -0.004337668847163699
v 0.11997279114079869 1.001019625 -0.006504735727629338
v 0.11983579937365016 1.001019625 -0.008669682201688166
v 0.11965974366795029 1.001019625 -0.010831802542533518
v 0.11944468141413915 1.001019625 -0.012990391944618108
v 0.11919068271796744 1.001019625 -0.015144746753406522
v 0.11889783037764327 1.001019625 -0.01729416469475096
v 0.11856621985684182 1.001019625 -0.019437945103818195
v 0.11819595925358621 1.001019625 -0.021575389153491314
v 0.11778716926500973 1.001019625 -0.023705800082172886
v 0.11733998314801122 1.001019625 -0.02582848342091432
v 0.1168545466758161 1.001019625 -0.027942747219797753
v 0.1163310180904574 1.001019625 -0.030047902273497837
v 0.11576956805119212 1.001019625 -0.032143262345947374
v 0.11517037957887005 1.001019625 -0.034228144394036195
v 0.11453364799627279 1.001019625 -0.036301868790268595
v 0.11385958086444252 1.001019625 -0.0383637595443079
v 0.11314839791502171 1.001019625 -0.040413144523334374
v 0.11240033097862506 1.001019625 -0.042449355671146986
v 0.11161562390926769 1.001019625 -0.04447172922593534
v 0.11079453250487394 1.001019625 -0.046479605936651756
v 0.10993732442389256 1.001019625 -0.048472331277913554
v 0.10904427909804583 1.001019625 -0.05044925566336423
v 0.10811568764124045 1.001019625 -0.052409734657425315
v 0.10715185275467098 1.001019625 -0.05435312918536807
v 0.10615308862814525 1.001019625 -0.056278805741639015
v 0.10511972083766531 1.001019625 -0.05818613659636907
v 0.10405208623929653 1.001019625 -0.06007450000000002
v 0.10208707459810963 1.001019625 -0.05894000000000001
v 0.10100632392663539 1.001019625 -0.06077348868402736
v 0.09989264732775228 1.001019625 -0.06258716649484386
v 0.09874640783650022 1.001019625 -0.06438044221180503
v 0.09756797910273428 1.001019625 -0.06615273126491761
v 0.09635774526932221 1.001019625 -0.06790345592539758
v 0.0951161008469223 1.001019625 -0.06963204549399725
v 0.09384345058538128 1.001019625 -0.07133793648704105
v 0.09254020934179417 1.001019625 -0.07302057282010947
v 0.09120680194526994 1.001019625 -0.07467940598931075
v 0.08984366305844575 1.001019625 -0.07631389525008186
v 0.08845123703579673 1.001019625 -0.07792350779345923
v 0.0870299777787852 1.001019625 -0.07950771891976371
v 0.08558034858789869 1.001019625 -0.08106601220964152
v 0.08410282201162388 1.001019625 -0.0825978796924056
v 0.08259787969240558 1.001019625 -0.08410282201162395
v 0.08106601220964153 1.001019625 -0.08558034858789866
v 0.07950771891976376 1.001019625 -0.08702997777878516
v 0.07792350779345919 1.001019625 -0.08845123703579676
v 0.0763138952500819 1.001019625 -0.08984366305844572
v 0.07467940598931078 1.001019625 -0.09120680194526991
v 0.07302057282010943 1.001019625 -0.09254020934179422
v 0.07133793648704108 1.001019625 -0.09384345058538125
v 0.0696320454939973 1.001019625 -0.09511610084692229
v 0.06790345592539762 1.001019625 -0.09635774526932218
v 0.06615273126491758 1.001019625 -0.0975679791027343
v 0.06438044221180507 1.001019625 -0.09874640783650021
v 0.0625871664948439 1.001019625 -0.09989264732775226
v 0.06077348868402732 1.001019625 -0.10100632392663543
v 0.058940000000000055 1.001019625 -0.1020870745981096
v 0.06047850000000005 1.001019625 -0.10475183476555432
v 0.05857743738430631 1.001019625 -0.10582664918860313
v 0.05665727976172449 1.001019625 -0.10686696636005759
v 0.05471865306306803 1.001019625 -0.10787244715850104
v 0.05276218923967906 1.001019625 -0.10884276381843809
v 0.05078852605742496 1.001019625 -0.10977760003713993
v 0.04879830688880126 1.001019625 -0.11067665107775157
v 0.046792180503205126 1.001019625 -0.11153962386863006
v 0.04477080085545004 1.001019625 -0.11236623709887963
v 0.04273482687259097 1.001019625 -0.11315622131005292
v 0.04068492223912767 1.001019625 -0.11390931898398889
v 0.038621755180657816 1.001019625 -0.11462528462675822
v 0.03654599824604886 1.001019625 -0.11530388484868927
v 0.03445832808820239 1.001019625 -0.11594489844044799
v 0.03235942524347903 1.001019625 -0.11654811644514762
v 0.030249973909857626 1.001019625 -0.11711334222646426
v 0.02813066172390184 1.001019625 -0.1176403915327359
v 0.02600217953660477 1.001019625 -0.11812909255702496
v 0.023865221188186264 1.001019625 -0.11857928599312337
v 0.02172048328191541 1.001019625 -0.11899082508748324
v 0.019568664957032772 1.001019625 -0.11936357568705538
v 0.017410467660846096 1.001019625 -0.11969741628302019
v 0.015246594920072569 1.001019625 -0.1199922380503973
v 0.013077752111504705 1.001019625 -0.12024794488351985
v 0.01090464623207201 1.001019625 -0.1204644534273632
v 0.008727985668375115 1.001019625 -0.12064169310471665
v 0.0065484799657664055 1.001019625 -0.12077960613919037
v 0.004366839597053433 1.001019625 -0.12087814757404913
v 0.0021837757309001145 1.001019625 -0.1209372852868673
v -0.0 1.001019625 -0.120957
v -0.0 2.00203925 -0.119903
v -0.0021647466575899486 2.00203925 -0.11988345707773217
v -0.004328787653509067 2.00203925 -0.11982483468150842
v -0.006491417556117319 2.00203925 -0.11972715192099131
v -0.008651931393761272 2.00203925 -0.11959044063869673
v -0.010809624884579956 2.00203925 -0.11941474539961414
v -0.01296379466608589 2.00203925 -0.11920012347667916
v -0.015113738524446358 2.00203925 -0.11894664483210386
v -0.017258755623390305 2.00203925 -0.11865439209457058
v -0.01939814673266615 2.00203925 -0.11832346053229661
v -0.021531214455976062 2.00203925 -0.11795395802197892
v -0.023657263458312445 2.00203925 -0.11754600501362857
v -0.025775600692622424 2.00203925 -0.11709973449130653
v -0.027885535625726543 2.00203925 -0.11661529192977366
v -0.029986380463418037 2.00203925 -0.11609283524706916
v -0.03207745037466917 2.00203925 -0.11553253475303239
v -0.03415806371487166 2.00203925 -0.11493457309378569
v -0.036227542248038466 2.00203925 -0.11429914519219549
v -0.03828521136789441 2.00203925 -0.11362645818433156
v -0.04033040031778345 2.00203925 -0.11291673135194506
v -0.04236244240932131 2.00203925 -0.11217019605098734
v -0.04438067523972176 2.00203925 -0.11138709563619274
v -0.04638444090772586 2.00203925 -0.11056768538175014
v -0.048373086228064015 2.00203925 -0.10971223239808897
v -0.0503459629443804 2.00203925 -0.10882101554480673
v -0.05230242794055101 2.00203925 -0.10789432533976692
v -0.05424184345032576 2.00203925 -0.10693246386439598
v -0.05616357726522694 2.00203925 -0.10593574466521148
v -0.058067002940635735 2.00203925 -0.10490449265161239
v -0.0599515 2.00203925 -0.10383904398996552
v -0.060088 2.00203925 -0.10407546892519871
v -0.06195720034010577 2.00203925 -0.10297366800311622
v -0.06380620394201184 2.00203925 -0.10183829984102441
v -0.06563440806961214 2.00203925 -0.10066973454495463
v -0.06744121676698965 2.00203925 -0.09946835304250247
v -0.06922604105268568 2.00203925 -0.09823454695865338
v -0.0709882991116951 2.00203925 -0.09696871848812125
v -0.07272741648512591 2.00203925 -0.09567128026424145
v -0.07444282625746072 2.00203925 -0.09434265522446099
v -0.0761339692413591 2.00203925 -0.09298327647246998
v -0.07780029415994091 2.00203925 -0.09159358713701884
v -0.079441257826491 2.00203925 -0.09017404022746782
v -0.08105632532152642 2.00203925 -0.0887250984861154
v -0.082644970167169 2.00203925 -0.08724723423735417
v -0.08420667449876602 2.00203925 -0.08574092923370304
v -0.08574092923370304 2.00203925 -0.08420667449876601
v -0.08724723423735416 2.00203925 -0.08264497016716899
v -0.08872509848611541 2.00203925 -0.0810563253215264
v -0.0901740402274678 2.00203925 -0.079441257826491
v -0.09159358713701886 2.00203925 -0.07780029415994093
v -0.09298327647246997 2.00203925 -0.0761339692413591
v -0.09434265522446099 2.00203925 -0.07444282625746074
v -0.09567128026424143 2.00203925 -0.07272741648512591
v -0.09696871848812126 2.00203925 -0.0709882991116951
v -0.09823454695865338 2.00203925 -0.06922604105268568
v -0.09946835304250248 2.00203925 -0.06744121676698966
v -0.10066973454495466 2.00203925 -0.06563440806961213
v -0.10183829984102442 2.00203925 -0.06380620394201184
v -0.10297366800311622 2.00203925 -0.06195720034010575
v -0.1040754689251987 2.00203925 -0.060088000000000016
v -0.10424001375191774 2.00203925 -0.060183000000000014
v -0.10530957659528101 2.00203925 -0.0582912260406542
v -0.10634481074179 2.00203925 -0.05638045037327094
v -0.10734537872698671 2.00203925 -0.054451295870344425
v -0.10831095438684926 2.00203925 -0.052504391395481034
v -0.10924122296411443 2.00203925 -0.050540371598402814
v -0.11013588121088196 2.00203925 -0.048559876708065275
v -0.11099463748746685 2.00203925 -0.0465635523239563
v -0.11181721185746793 2.00203925 -0.04455204920564413
v -0.11260333617902087 2.00203925 -0.042526023060643764
v -0.1133527541922072 2.00203925 -0.04048613433067
v -0.1140652216025892 2.00203925 -0.03843304797634736
v -0.11474050616084505 2.00203925 -0.03636743326044716
v -0.11537838773847701 2.00203925 -0.03428996352972186
v -0.11597865839956878 2.00203925 -0.032201315995408215
v -0.11654112246856814 2.00203925 -0.030102171512470712
v -0.11706559659407302 2.00203925 -0.027993214357657458
v -0.11755190980860028 2.00203925 -0.02587513200644011
v -0.11799990358431749 2.00203925 -0.02374861490891167
v -0.11840943188471945 2.00203925 -0.021614356264714085
v -0.11878036121223334 2.00203925 -0.019473051797070096
v -0.11911257065173583 2.00203925 -0.017325399525991842
v -0.11940595190996903 2.00203925 -0.015172099540741354
v -0.11966040935084164 2.00203925 -0.013013853771616159
v -0.11987586002660447 2.00203925 -0.010851365761134837
v -0.12005223370488954 2.00203925 -0.008685340434696957
v -0.12018947289160437 2.00203925 -0.00651648387079235
v -0.12028753284967386 2.00203925 -0.004345503070834545
v -0.12034638161362361 2.00203925 -0.0021731057286929574
v -0.120366 2.00203925 -7.370291831308517e-18
v -0.119286 2.00203925 -7.304160904154559e-18
v -0.1192665576422138 2.00203925 0.0021536072475023377
v -0.11920823690665301 2.00203925 0.004306512464546199
v -0.11911105680464516 2.00203925 0.00645801384952011
v -0.11897504901485016 2.00203925 0.008607410058432304
v -0.11880025787293376 2.00203925 0.010754000433533792
v -0.11858674035711494 2.00203925 0.012897085231718316
v -0.11833456606959246 2.00203925 0.015035965852623429
v -0.11804381721385576 2.00203925 0.01716994506635978
v -0.1177145885678885 2.00203925 0.019298327240793094
v -0.11734698745327289 2.00203925 0.02142041856830572
v -0.11694113370020516 2.00203925 0.02353552729196317
v -0.11649715960843342 2.00203925 0.02564296393101222
v -0.1160152099041307 2.00203925 0.027742041505637194
v -0.11549544169271739 2.00203925 0.02983207576090076
v -0.11493802440764803 2.00203925 0.03191238538979664
v -0.11434313975517979 2.00203925 0.03398229225534124
v -0.11371098165513983 2.00203925 0.03604112161163207
v -0.11304175617771178 2.00203925 0.03808820232380049
v -0.11233568147626097 2.00203925 0.04012286708678779
v -0.11159298771622125 2.00203925 0.042144452642872164
v -0.11081391700006579 2.00203925 0.04415229999787701
v -0.10999872328838685 2.00203925 0.04614575463598899
v -0.10914767231710999 2.00203925 0.048124166733116314
v -0.10826104151086977 2.00203925 0.05008689136871773
v -0.10733911989257514 2.00203925 0.05203328873603302
v -0.1063822079891941 2.00203925 0.05396272435064642
v -0.1053906177337883 2.00203925 0.055874569257315154
v -0.10436467236382939 2.00203925 0.05776820023499561
v -0.10330470631583057 2.00203925 0.059642999999999974
v -0.10668913359382015 2.00203925 0.06159699999999997
v -0.10555966296079 2.00203925 0.06351314188106598
v -0.10439578210803456 2.00203925 0.06540857981986593
v -0.10319787043611987 2.00203925 0.06728269594368091
v -0.10196631843893998 2.00203925 0.06913487933025333
v -0.10070152757642413 2.00203925 0.07096452620693448
v -0.09940391014366935 2.00203925 0.07277104014750174
v -0.0980738891365411 2.00203925 0.07455383226658067
v -0.09671189811378515 2.00203925 0.07631232141160978
v -0.09531838105569719 2.00203925 0.07804593435228324
v -0.09389379221939406 2.00203925 0.07975410596741248
v -0.09243859599073584 2.00203925 0.08143627942914333
v -0.09095326673294582 2.00203925 0.08309190638447052
v -0.0894382886319782 2.00203925 0.0847204471339886
v -0.08789415553868339 2.00203925 0.08632137080782333
v -0.08632137080782334 2.00203925 0.08789415553868336
v -0.08472044713398863 2.00203925 0.0894382886319782
v -0.08309190638447049 2.00203925 0.09095326673294585
v -0.08143627942914336 2.00203925 0.09243859599073583
v -0.07975410596741243 2.00203925 0.09389379221939406
v -0.07804593435228326 2.00203925 0.09531838105569716
v -0.0763123214116098 2.00203925 0.09671189811378515
v -0.07455383226658069 2.00203925 0.09807388913654108
v -0.07277104014750171 2.00203925 0.09940391014366937
v -0.07096452620693446 2.00203925 0.10070152757642414
v -0.06913487933025335 2.00203925 0.10196631843893995
v -0.06728269594368087 2.00203925 0.10319787043611989
v -0.0654085798198659 2.00203925 0.10439578210803456
v -0.06351314188106605 2.00203925 0.10555966296078996
v -0.061597 2.00203925 0.10668913359382014
v -0.0600685 2.00203925 0.1040416939344511
v -0.05818032519852845 2.00203925 0.10510922190176024
v -0.05627318484035069 2.00203925 0.10614248648361184
v -0.054347700612927013 2.00203925 0.10714115085758437
v -0.05240450018343138 2.00203925 0.10810488948019298
v -0.05044421699414549 2.00203925 0.10903338819300977
v -0.048467490055969654 2.00203925 0.10992634432507287
v -0.04647496374011877 2.00203925 0.11078346679155081
v -0.04446728756807129 2.00203925 0.11160447618862987
v -0.04244511599983846 2.00203925 0.11238910488459396
v -0.04040910822062461 2.00203925 0.11313709710706674
v -0.038359927925946245 2.00203925 0.11384820902638831
v -0.03629824310528174 2.00203925 0.11452220883509831
v -0.03422472582432083 2.00203925 0.11515887682350008
v -0.032140052005885 2.00203925 0.11575800545128188
v -0.030044901209591534 2.00203925 0.11631939941517015
v -0.027939956410330896 2.00203925 0.11684287571259452
v -0.025825903775631827 2.00203925 0.1173282637013427
v -0.023703432441984657 2.00203925 0.11777540515518624
v -0.021573234290197866 2.00203925 0.118184154315459
v -0.019436003719859547 2.00203925 0.11855437793857133
v -0.01729243742297725 2.00203925 0.1188859553394446
v -0.015143234156871915 2.00203925 0.11917877843085212
v -0.012989094516397057 2.00203925 0.11943275175865328
v -0.010830720705560152 2.00203925 0.11964779253290947
v -0.008668816308618649 2.00203925 0.11982383065487193
v -0.006504086060726296 2.00203925 0.11996080873983248
v -0.00433723561820487 2.00203925 0.1200586821358296
v -0.002168971328514586 2.00203925 0.12011741893820428
v -1.4712539250916557e-17 2.00203925 0.120137
v -1.451194210521622e-17 2.00203925 0.118499
v 0.002139398632042192 2.00203925 0.11847968591489941
v 0.004278099865334205 2.00203925 0.11842174995558132
v 0.006415406528463353 2.00203925 0.11832521100794433
v 0.00855062190461721 2.00203925 0.11819010054164553
v 0.010683049958698615 2.00203925 0.11801646259984216
v 0.012811995564218664 2.00203925 0.11780435378483443
v 0.01493676472989305 2.00203925 0.11755384323961432
v 0.017056664825868668 2.00203925 0.11726501262532646
v 0.019171004809506086 2.00203925 0.11693795609464831
v 0.02127909545064513 2.00203925 0.11657278026109841
v 0.023380249556279382 2.00203925 0.11616960416428256
v 0.025473782194566138 2.00203925 0.11572855923108956
v 0.027559010918100195 2.00203925 0.11524978923284862
v 0.029635255986377083 2.00203925 0.11473345023846315
v 0.03170184058737416 2.00203925 0.11417971056353537
v 0.03375809105817684 2.00203925 0.11358875071549927
v 0.03580333710457875 2.00203925 0.11296076333477874
v 0.037836912019583495 2.00203925 0.11229595313199091
v 0.0398581529007366 2.00203925 0.11159453682121495
v 0.041866400866218234 2.00203925 0.1108567430493478
v 0.04386100126962448 2.00203925 0.11008281232156995
v 0.04584130391336838 2.00203925 0.10927299692294613
v 0.04780666326063033 2.00203925 0.10842756083618545
v 0.04975643864578978 2.00203925 0.10754677965558872
v 0.051689994483268595 2.00203925 0.10663094049721057
v 0.05360670047471831 2.00203925 0.10568034190526557
v 0.05550593181448446 2.00203925 0.10469529375480925
v 0.057387069393279505 2.00203925 0.10367611715072533
v 0.05924950000000001 2.00203925 0.10262314432305217
v 0.06148450000000001 2.00203925 0.10649427787796861
v 0.06339714226320119 2.00203925 0.10536687009615227
v 0.06528911839756064 2.00203925 0.10420511494101097
v 0.0671598116588348 2.00203925 0.10300939112017815
v 0.0690086122405468 2.00203925 0.10178008841435468
v 0.07083491747277083 2.00203925 0.10051760755024834
v 0.07263813201858968 2.00203925 0.09922236006994561
v 0.0744176680681621 2.00203925 0.09789476819675733
v 0.07617294553033624 2.00203925 0.09653526469758307
v 0.07790339222174715 2.00203925 0.0951442927418383
v 0.07960844405333656 2.00203925 0.09372230575699034
v 0.08128754521423387 2.00203925 0.09226976728075065
v 0.08294014835293888 2.00203925 0.09078715080997139
v 0.08456571475574658 2.00203925 0.0892749396462955
v 0.08616371452235683 2.00203925 0.0877336267386103
v 0.08773362673861028 2.00203925 0.08616371452235684
v 0.08927493964629546 2.00203925 0.08456571475574659
v 0.09078715080997139 2.00203925 0.08294014835293886
v 0.09226976728075063 2.00203925 0.0812875452142339
v 0.09372230575699034 2.00203925 0.07960844405333654
v 0.09514429274183826 2.00203925 0.07790339222174718
v 0.09653526469758307 2.00203925 0.07617294553033623
v 0.09789476819675727 2.00203925 0.07441766806816216
v 0.0992223600699456 2.00203925 0.0726381320185897
v 0.10051760755024838 2.00203925 0.07083491747277078
v 0.10178008841435465 2.00203925 0.06900861224054683
v 0.10300939112017815 2.00203925 0.06715981165883479
v 0.10420511494101098 2.00203925 0.06528911839756063
v 0.10536687009615228 2.00203925 0.06339714226320119
v 0.10649427787796861 2.00203925 0.06148450000000005
v 0.10476482514661109 2.00203925 0.060486000000000054
v 0.1058397728584844 2.00203925 0.0585847016316071
v 0.10688021904072424 2.00203925 0.05666430588833507
v 0.10788582452985922 2.00203925 0.054725438778619476
v 0.1088562615197475 2.00203925 0.052768732332171296
v 0.10979121366843503 2.00203925 0.050794824393948265
v 0.1106903762012762 2.00203925 0.048804358416231104
v 0.11155345601028395 2.00203925 0.046797983248871335
v 0.11238017174967688 2.00203925 0.04477635292778012
v 0.11317025392759181 2.00203925 0.04274012646172668
v 0.11392344499393256 2.00203925 0.04068996761751501
v 0.11463949942432597 2.00203925 0.03862654470360975
v 0.11531818380015742 2.00203925 0.03655053035228229
v 0.11595927688466047 2.00203925 0.03446260130034656
v 0.11656256969503542 2.00203925 0.03236343816855696
v 0.11712786557057328 2.00203925 0.030253725239740535
v 0.11765498023676288 2.00203925 0.02813415023573545
v 0.11814374186536063 2.00203925 0.02600540409320793
v 0.11859399113040273 2.00203925 0.023868180738421653
v 0.11900558126014224 2.00203925 0.021723176861032187
v 0.1193783780848935 2.00203925 0.019571091686981054
v 0.11971226008076855 2.00203925 0.017412626750563202
v 0.12000711840929143 2.00203925 0.015248485665740863
v 0.12026285695287718 2.00203925 0.013079373896781056
v 0.12047939234616419 2.00203925 0.010905998528288682
v 0.12065665400318942 2.00203925 0.008729068034712116
v 0.12079458414039815 2.00203925 0.00654929204939518
v 0.12089313779548001 2.00203925 0.004367381133251875
v 0.12095228284202578 2.00203925 0.0021840465431388653
v 0.120972 2.00203925 2.2222195887968043e-17
v 0.120149 2.00203925 2.2071013240613303e-17
v 0.12012941698233108 2.00203925 -0.00216918797830561
v 0.1200706743129743 2.00203925 -0.004337668847163699
v 0.11997279114079869 2.00203925 -0.006504735727629338
v 0.11983579937365016 2.00203925 -0.008669682201688166
v 0.11965974366795029 2.00203925 -0.010831802542533518
v 0.11944468141413915 2.00203925 -0.012990391944618108
v 0.11919068271796744 2.00203925 -0.015144746753406522
v 0.11889783037764327 2.00203925 -0.01729416469475096
v 0.11856621985684182 2.00203925 -0.019437945103818195
v 0.11819595925358621 2.00203925 -0.021575389153491314
v 0.11778716926500973 2.00203925 -0.023705800082172886
v 0.11733998314801122 2.00203925 -0.02582848342091432
v 0.1168545466758161 2.00203925 -0.027942747219797753
v 0.1163310180904574 2.00203925 -0.030047902273497837
v 0.11576956805119212 2.00203925 -0.032143262345947374
v 0.11517037957887005 2.00203925 -0.034228144394036195
v 0.11453364799627279 2.00203925 -0.036301868790268595
v 0.11385958086444252 2.00203925 -0.0383637595443079
v 0.11314839791502171 2.00203925 -0.040413144523334374
v 0.11240033097862506 2.00203925 -0.042449355671146986
v 0.11161562390926769 2.00203925 -0.04447172922593534
v 0.11079453250487394 2.00203925 -0.046479605936651756
v 0.10993732442389256 2.00203925 -0.048472331277913554
v 0.10904427909804583 2.00203925 -0.05044925566336423
v 0.10811568764124045 2.00203925 -0.052409734657425315
v 0.10715185275467098 2.00203925 -0.05435312918536807
v 0.10615308862814525 2.00203925 -0.056278805741639015
v 0.10511972083766531 2.00203925 -0.05818613659636907
v 0.10405208623929653 2.00203925 -0.06007450000000002
v 0.10208707459810963 2.00203925 -0.05894000000000001
v 0.10100632392663539 2.00203925 -0.06077348868402736
v 0.09989264732775228 2.00203925 -0.06258716649484386
v 0.09874640783650022 2.00203925 -0.06438044221180503
v 0.09756797910273428 2.00203925 -0.06615273126491761
v 0.09635774526932221 2.00203925 -0.06790345592539758
v 0.0951161008469223 2.00203925 -0.06963204549399725
v 0.09384345058538128 2.00203925 -0.07133793648704105
v 0.09254020934179417 2.00203925 -0.07302057282010947
v 0.09120680194526994 2.00203925 -0.07467940598931075
v 0.08984366305844575 2.00203925 -0.07631389525008186
v 0.08845123703579673 2.00203925 -0.07792350779345923
v 0.0870299777787852 2.00203925 -0.07950771891976371
v 0.08558034858789869 2.00203925 -0.08106601220964152
v 0.08410282201162388 2.00203925 -0.0825978796924056
v 0.08259787969240558 2.00203925 -0.08410282201162395
v 0.08106601220964153 2.00203925 -0.08558034858789866
v 0.07950771891976376 2.00203925 -0.08702997777878516
v 0.07792350779345919 2.00203925 -0.08845123703579676
v 0.0763138952500819 2.00203925 -0.08984366305844572
v 0.07467940598931078 2.00203925 -0.09120680194526991
v 0.07302057282010943 2.00203925 -0.09254020934179422
v 0.07133793648704108 2.00203925 -0.09384345058538125
v 0.0696320454939973 2.00203925 -0.09511610084692229
v 0.06790345592539762 2.00203925 -0.09635774526932218
v 0.06615273126491758 2.00203925 -0.0975679791027343
v 0.06438044221180507 2.00203925 -0.09874640783650021
v 0.0625871664948439 2.00203925 -0.09989264732775226
v 0.06077348868402732 2.00203925 -0.10100632392663543
v 0.058940000000000055 2.00203925 -0.1020870745981096
v 0.06047850000000005 2.00203925 -0.10475183476555432
v 0.05857743738430631 2.00203925 -0.10582664918860313
v 0.05665727976172449 2.00203925 -0.10686696636005759
v 0.05471865306306803 2.00203925 -0.10787244715850104
v 0.05276218923967906 2.00203925 -0.10884276381843809
v 0.05078852605742496 2.00203925 -0.10977760003713993
v 0.04879830688880126 2.00203925 -0.11067665107775157
v 0.046792180503205126 2.00203925 -0.11153962386863006
v 0.04477080085545004 2.00203925 -0.11236623709887963
v 0.04273482687259097 2.00203925 -0.11315622131005292
v 0.04068492223912767 2.00203925 -0.11390931898398889
v 0.038621755180657816 2.00203925 -0.11462528462675822
v 0.03654599824604886 2.00203925 -0.11530388484868927
v 0.03445832808820239 2.00203925 -0.11594489844044799
v 0.03235942524347903 2.00203925 -0.11654811644514762
v 0.030249973909857626 2.00203925 -0.11711334222646426
v 0.02813066172390184 2.00203925 -0.1176403915327359
v 0.02600217953660477 2.00203925 -0.11812909255702496
v 0.023865221188186264 2.00203925 -0.11857928599312337
v 0.02172048328191541 2.00203925 -0.11899082508748324
v 0.019568664957032772 2.00203925 -0.11936357568705538
v 0.017410467660846096 2.00203925 -0.11969741628302019
v 0.015246594920072569 2.00203925 -0.1199922380503973
v 0.013077752111504705 2.00203925 -0.12024794488351985
v 0.01090464623207201 2.00203925 -0.1204644534273632
v 0.008727985668375115 2.00203925 -0.12064169310471665
v 0.0065484799657664055 2.00203925 -0.12077960613919037
v 0.004366839597053433 2.00203925 -0.12087814757404913
v 0.0021837757309001145 2.00203925 -0.1209372852868673
v -0.0 2.00203925 -0.120957
v -0.0 1.001019625 -0.119903
v -0.0021647466575899486 1.001019625 -0.11988345707773217
v -0.004328787653509067 1.001019625 -0.11982483468150842
v -0.006491417556117319 1.001019625 -0.11972715192099131
v -0.008651931393761272 1.001019625 -0.11959044063869673
v -0.010809624884579956 1.001019625 -0.11941474539961414
v -0.01296379466608589 1.001019625 -0.11920012347667916
v -0.015113738524446358 1.001019625 -0.11894664483210386
v -0.017258755623390305 1.001019625 -0.11865439209457058
v -0.01939814673266615 1.001019625 -0.11832346053229661
v -0.021531214455976062 1.001019625 -0.11795395802197892
v -0.023657263458312445 1.001019625 -0.11754600501362857
v -0.025775600692622424 1.001019625 -0.11709973449130653
v -0.027885535625726543 1.001019625 -0.11661529192977366
v -0.029986380463418037 1.001019625 -0.11609283524706916
v -0.03207745037466917 1.001019625 -0.11553253475303239
v -0.03415806371487166 1.001019625 -0.11493457309378569
v -0.036227542248038466 1.001019625 -0.11429914519219549
v -0.03828521136789441 1.001019625 -0.11362645818433156
v -0.04033040031778345 1.001019625 -0.11291673135194506
v -0.04236244240932131 1.001019625 -0.11217019605098734
v -0.04438067523972176 1.001019625 -0.11138709563619274
v -0.04638444090772586 1.001019625 -0.11056768538175014
v -0.048373086228064015 1.001019625 -0.10971223239808897
v -0.0503459629443804 1.001019625 -0.10882101554480673
v -0.05230242794055101 1.001019625 -0.10789432533976692
v -0.05424184345032576 1.001019625 -0.10693246386439598
v -0.05616357726522694 1.001019625 -0.10593574466521148
v -0.058067002940635735 1.001019625 -0.10490449265161239
v -0.0599515 1.001019625 -0.10383904398996552
v -0.060088 1.001019625 -0.10407546892519871
v -0.06195720034010577 1.001019625 -0.10297366800311622
v -0.06380620394201184 1.001019625 -0.10183829984102441
v -0.06563440806961214 1.001019625 -0.10066973454495463
v -0.06744121676698965 1.001019625 -0.09946835304250247
v -0.06922604105268568 1.001019625 -0.09823454695865338
v -0.0709882991116951 1.001019625 -0.09696871848812125
v -0.07272741648512591 1.001019625 -0.09567128026424145
v -0.07444282625746072 1.001019625 -0.09434265522446099
v -0.0761339692413591 1.001019625 -0.09298327647246998
v -0.07780029415994091 1.001019625 -0.09159358713701884
v -0.079441257826491 1.001019625 -0.09017404022746782
v -0.08105632532152642 1.001019625 -0.0887250984861154
v -0.082644970167169 1.001019625 -0.08724723423735417
v -0.08420667449876602 1.001019625 -0.08574092923370304
v -0.08574092923370304 1.001019625 -0.08420667449876601
v -0.08724723423735416 1.001019625 -0.08264497016716899
v -0.08872509848611541 1.001019625 -0.0810563253215264
v -0.0901740402274678 1.001019625 -0.079441257826491
v -0.09159358713701886 1.001019625 -0.07780029415994093
v -0.09298327647246997 1.001019625 -0.0761339692413591
v -0.09434265522446099 1.001019625 -0.07444282625746074
v -0.09567128026424143 1.001019625 -0.07272741648512591
v -0.09696871848812126 1.001019625 -0.0709882991116951
v -0.09823454695865338 1.001019625 -0.06922604105268568
v -0.09946835304250248 1.001019625 -0.06744121676698966
v -0.10066973454495466 1.001019625 -0.06563440806961213
v -0.10183829984102442 1.001019625 -0.06380620394201184
v -0.10297366800311622 1.001019625 -0.06195720034010575
v -0.1040754689251987 1.001019625 -0.060088000000000016
v -0.10424001375191774 1.001019625 -0.060183000000000014
v -0.10530957659528101 1.001019625 -0.0582912260406542
v -0.10634481074179 1.001019625 -0.05638045037327094
v -0.10734537872698671 1.001019625 -0.054451295870344425
v -0.10831095438684926 1.001019625 -0.052504391395481034
v -0.10924122296411443 1.001019625 -0.050540371598402814
v -0.11013588121088196 1.001019625 -0.048559876708065275
v -0.11099463748746685 1.001019625 -0.0465635523239563
v -0.11181721185746793 1.001019625 -0.04455204920564413
v -0.11260333617902087 1.001019625 -0.042526023060643764
v -0.1133527541922072 1.001019625 -0.04048613433067
v -0.1140652216025892 1.001019625 -0.03843304797634736
v -0.11474050616084505 1.001019625 -0.03636743326044716
v -0.11537838773847701 1.001019625 -0.03428996352972186
v -0.11597865839956878 1.001019625 -0.032201315995408215
v -0.11654112246856814 1.001019625 -0.030102171512470712
v -0.11706559659407302 1.001019625 -0.027993214357657458
v -0.11755190980860028 1.001019625 -0.02587513200644011
v -0.11799990358431749 1.001019625 -0.02374861490891167
v -0.11840943188471945 1.001019625 -0.021614356264714085
v -0.11878036121223334 1.001019625 -0.019473051797070096
v -0.11911257065173583 1.001019625 -0.017325399525991842
v -0.11940595190996903 1.001019625 -0.015172099540741354
v -0.11966040935084164 1.001019625 -0.013013853771616159
v -0.11987586002660447 1.001019625 -0.010851365761134837
v -0.12005223370488954 1.001019625 -0.008685340434696957
v -0.12018947289160437 1.001019625 -0.00651648387079235
v -0.12028753284967386 1.001019625 -0.004345503070834545
v -0.12034638161362361 1.001019625 -0.0021731057286929574
v -0.120366 1.001019625 -7.370291831308517e-18
v -0.119286 1.001019625 -7.304160904154559e-18
v -0.1192665576422138 1.001019625 0.0021536072475023377
v -0.11920823690665301 1.001019625 0.004306512464546199
v -0.11911105680464516 1.001019625 0.00645801384952011
v -0.11897504901485016 1.001019625 0.008607410058432304
v -0.11880025787293376 1.001019625 0.010754000433533792
v -0.11858674035711494 1.001019625 0.012897085231718316
v -0.11833456606959246 1.001019625 0.015035965852623429
v -0.11804381721385576 1.001019625 0.01716994506635978
v -0.1177145885678885 1.001019625 0.019298327240793094
v -0.11734698745327289 1.001019625 0.02142041856830572
v -0.11694113370020516 1.001019625 0.02353552729196317
v -0.11649715960843342 1.001019625 0.02564296393101222
v -0.1160152099041307 1.001019625 0.027742041505637194
v -0.11549544169271739 1.001019625 0.02983207576090076
v -0.11493802440764803 1.001019625 0.03191238538979664
v -0.11434313975517979 1.001019625 0.03398229225534124
v -0.11371098165513983 1.001019625 0.03604112161163207
v -0.11304175617771178 1.001019625 0.03808820232380049
v -0.11233568147626097 1.001019625 0.04012286708678779
v -0.11159298771622125 1.001019625 0.042144452642872164
v -0.11081391700006579 1.001019625 0.04415229999787701
v -0.10999872328838685 1.001019625 0.04614575463598899
v -0.10914767231710999 1.001019625 0.048124166733116314
v -0.10826104151086977 1.001019625 0.05008689136871773
v -0.10733911989257514 1.001019625 0.05203328873603302
v -0.1063822079891941 1.001019625 0.05396272435064642
v -0.1053906177337883 1.001019625 0.055874569257315154
v -0.10436467236382939 1.001019625 0.05776820023499561
v -0.10330470631583057 1.001019625 0.059642999999999974
v -0.10668913359382015 1.001019625 0.06159699999999997
v -0.10555966296079 1.001019625 0.06351314188106598
v -0.10439578210803456 1.001019625 0.06540857981986593
v -0.10319787043611987 1.001019625 0.06728269594368091
v -0.10196631843893998 1.001019625 0.06913487933025333
v -0.10070152757642413 1.001019625 0.07096452620693448
v -0.09940391014366935 1.001019625 0.07277104014750174
v -0.0980738891365411 1.001019625 0.07455383226658067
v -0.09671189811378515 1.001019625 0.07631232141160978
v -0.09531838105569719 1.001019625 0.07804593435228324
v -0.09389379221939406 1.001019625 0.07975410596741248
v -0.09243859599073584 1.001019625 0.08143627942914333
v -0.09095326673294582 1.001019625 0.08309190638447052
v -0.0894382886319782 1.001019625 0.0847204471339886
v -0.08789415553868339 1.001019625 0.08632137080782333
v -0.08632137080782334 1.001019625 0.08789415553868336
v -0.08472044713398863 1.001019625 0.0894382886319782
v -0.08309190638447049 1.001019625 0.09095326673294585
v -0.08143627942914336 1.001019625 0.09243859599073583
v -0.07975410596741243 1.001019625 0.09389379221939406
v -0.07804593435228326 1.001019625 0.09531838105569716
v -0.0763123214116098 1.001019625 0.09671189811378515
v -0.07455383226658069 1.001019625 0.09807388913654108
v -0.07277104014750171 1.001019625 0.09940391014366937
v -0.07096452620693446 1.001019625 0.10070152757642414
v -0.06913487933025335 1.001019625 0.10196631843893995
v -0.06728269594368087 1.001019625 0.10319787043611989
v -0.0654085798198659 1.001019625 0.10439578210803456
v -0.06351314188106605 1.001019625 0.10555966296078996
v -0.061597 1.001019625 0.10668913359382014
v -0.0600685 1.001019625 0.1040416939344511
v -0.05818032519852845 1.001019625 0.10510922190176024
v -0.05627318484035069 1.001019625 0.10614248648361184
v -0.054347700612927013 1.001019625 0.10714115085758437
v -0.05240450018343138 1.001019625 0.10810488948019298
v -0.05044421699414549 1.001019625 0.10903338819300977
v -0.048467490055969654 1.001019625 0.10992634432507287
v -0.04647496374011877 1.001019625 0.11078346679155081
v -0.04446728756807129 1.001019625 0.11160447618862987
v -0.04244511599983846 1.001019625 0.11238910488459396
v -0.04040910822062461 1.001019625 0.11313709710706674
v -0.038359927925946245 1.001019625 0.11384820902638831
v -0.03629824310528174 1.001019625 0.11452220883509831
v -0.03422472582432083 1.001019625 0.11515887682350008
v -0.032140052005885 1.001019625 0.11575800545128188
v -0.030044901209591534 1.001019625 0.11631939941517015
v -0.027939956410330896 1.001019625 0.11684287571259452
v -0.025825903775631827 1.001019625 0.1173282637013427
v -0.023703432441984657 1.001019625 0.11777540515518624
v -0.021573234290197866 1.001019625 0.118184154315459
v -0.019436003719859547 1.001019625 0.11855437793857133
v -0.01729243742297725 1.001019625 0.1188859553394446
v -0.015143234156871915 1.001019625 0.11917877843085212
v -0.012989094516397057 1.001019625 0.11943275175865328
v -0.010830720705560152 1.001019625 0.11964779253290947
v -0.008668816308618649 1.001019625 0.11982383065487193
v -0.006504086060726296 1.001019625 0.11996080873983248
v -0.00433723561820487 1.001019625 0.1200586821358296
v -0.002168971328514586 1.001019625 0.12011741893820428
v -1.4712539250916557e-17 1.001019625 0.120137
v -1.451194210521622e-17 1.001019625 0.118499
v 0.002139398632042192 1.001019625 0.11847968591489941
v 0.004278099865334205 1.001019625 0.11842174995558132
v 0.006415406528463353 1.001019625 0.11832521100794433
v 0.00855062190461721 1.001019625 0.11819010054164553
v 0.010683049958698615 1.001019625 0.11801646259984216
v 0.012811995564218664 1.001019625 0.11780435378483443
v 0.01493676472989305 1.001019625 0.11755384323961432
v 0.017056664825868668 1.001019625 0.11726501262532646
v 0.019171004809506086 1.001019625 0.11693795609464831
v 0.02127909545064513 1.001019625 0.11657278026109841
v 0.023380249556279382 1.001019625 0.11616960416428256
v 0.025473782194566138 1.001019625 0.11572855923108956
v 0.027559010918100195 1.001019625 0.11524978923284862
v 0.029635255986377083 1.001019625 0.11473345023846315
v 0.03170184058737416 1.001019625 0.11417971056353537
v 0.03375809105817684 1.001019625 0.11358875071549927
v 0.03580333710457875 1.001019625 0.11296076333477874
v 0.037836912019583495 1.001019625 0.11229595313199091
v 0.0398581529007366 1.001019625 0.11159453682121495
v 0.041866400866218234 1.001019625 0.1108567430493478
v 0.04386100126962448 1.001019625 0.11008281232156995
v 0.04584130391336838 1.001019625 0.10927299692294613
v 0.04780666326063033 1.001019625 0.10842756083618545
v 0.04975643864578978 1.001019625 0.10754677965558872
v 0.051689994483268595 1.001019625 0.10663094049721057
v 0.05360670047471831 1.001019625 0.10568034190526557
v 0.05550593181448446 1.001019625 0.10469529375480925
v 0.057387069393279505 1.001019625 0.10367611715072533
v 0.05924950000000001 1.001019625 0.10262314432305217
v 0.06148450000000001 1.001019625 0.10649427787796861
v 0.06339714226320119 1.001019625 0.10536687009615227
v 0.06528911839756064 1.001019625 0.10420511494101097
v 0.0671598116588348 1.001019625 0.10300939112017815
v 0.0690086122405468 1.001019625 0.10178008841435468
v 0.07083491747277083 1.001019625 0.10051760755024834
v 0.07263813201858968 1.001019625 0.09922236006994561
v 0.0744176680681621 1.001019625 0.09789476819675733
v 0.07617294553033624 1.001019625 0.09653526469758307
v 0.07790339222174715 1.001019625 0.0951442927418383
v 0.07960844405333656 1.001019625 0.09372230575699034
v 0.08128754521423387 1.001019625 0.09226976728075065
v 0.08294014835293888 1.001019625 0.09078715080997139
v 0.08456571475574658 1.001019625 0.0892749396462955
v 0.08616371452235683 1.001019625 0.0877336267386103
v 0.08773362673861028 1.001019625 0.08616371452235684
v 0.08927493964629546 1.001019625 0.08456571475574659
v 0.09078715080997139 1.001019625 0.08294014835293886
v 0.09226976728075063 1.001019625 0.0812875452142339
v 0.09372230575699034 1.001019625 0.07960844405333654
v 0.09514429274183826 1.001019625 0.07790339222174718
v 0.09653526469758307 1.001019625 0.07617294553033623
v 0.09789476819675727 1.001019625 0.07441766806816216
v 0.0992223600699456 1.001019625 0.0726381320185897
v 0.10051760755024838 1.001019625 0.07083491747277078
v 0.10178008841435465 1.001019625 0.06900861224054683
v 0.10300939112017815 1.001019625 0.06715981165883479
v 0.10420511494101098 1.001019625 0.06528911839756063
v 0.10536687009615228 1.001019625 0.06339714226320119
v 0.10649427787796861 1.001019625 0.06148450000000005
v 0.10476482514661109 1.001019625 0.060486000000000054
v 0.1058397728584844 1.001019625 0.0585847016316071
v 0.10688021904072424 1.001019625 0.05666430588833507
v 0.10788582452985922 1.001019625 0.054725438778619476
v 0.1088562615197475 1.001019625 0.052768732332171296
v 0.10979121366843503 1.001019625 0.050794824393948265
v 0.1106903762012762 1.001019625 0.048804358416231104
v 0.11155345601028395 1.001019625 0.046797983248871335
v 0.11238017174967688 1.001019625 0.04477635292778012
v 0.11317025392759181 1.001019625 0.04274012646172668
v 0.11392344499393256 1.001019625 0.04068996761751501
v 0.11463949942432597 1.001019625 0.03862654470360975
v 0.11531818380015742 1.001019625 0.03655053035228229
v 0.11595927688466047 1.001019625 0.03446260130034656
v 0.11656256969503542 1.001019625 0.03236343816855696
v 0.11712786557057328 1.001019625 0.030253725239740535
v 0.11765498023676288 1.001019625 0.02813415023573545
v 0.11814374186536063 1.001019625 0.02600540409320793
v 0.11859399113040273 1.001019625 0.023868180738421653
v 0.11900558126014224 1.001019625 0.021723176861032187
v 0.1193783780848935 1.001019625 0.019571091686981054
v 0.11971226008076855 1.001019625 0.017412626750563202
v 0.12000711840929143 1.001019625 0.015248485665740863
v 0.12026285695287718 1.001019625 0.013079373896781056
v 0.12047939234616419 1.001019625 0.010905998528288682
v 0.12065665400318942 1.001019625 0.008729068034712116
v 0.12079458414039815 1.001019625 0.00654929204939518
v 0.12089313779548001 1.001019625 0.004367381133251875
v 0.12095228284202578 1.001019625 0.0021840465431388653
v 0.120972 1.001019625 2.2222195887968043e-17
v 0.120149 1.001019625 2.2071013240613303e-17
v 0.12012941698233108 1.001019625 -0.00216918797830561
v 0.1200706743129743 1.001019625 -0.004337668847163699
v 0.11997279114079869 1.001019625 -0.006504735727629338
v 0.11983579937365016 1.001019625 -0.008669682201688166
v 0.11965974366795029 1.001019625 -0.010831802542533518
v 0.11944468141413915 1.001019625 -0.012990391944618108
v 0.11919068271796744 1.001019625 -0.015144746753406522
v 0.11889783037764327 1.001019625 -0.01729416469475096
v 0.11856621985684182 1.001019625 -0.019437945103818195
v 0.11819595925358621 1.001019625 -0.021575389153491314
v 0.11778716926500973 1.001019625 -0.023705800082172886
v 0.11733998314801122 1.001019625 -0.02582848342091432
v 0.1168545466758161 1.001019625 -0.027942747219797753
v 0.1163310180904574 1.001019625 -0.030047902273497837
v 0.11576956805119212 1.001019625 -0.032143262345947374
v 0.11517037957887005 1.001019625 -0.034228144394036195
v 0.11453364799627279 1.001019625 -0.036301868790268595
v 0.11385958086444252 1.001019625 -0.0383637595443079
v 0.11314839791502171 1.001019625 -0.040413144523334374
v 0.11240033097862506 1.001019625 -0.042449355671146986
v 0.11161562390926769 1.001019625 -0.04447172922593534
v 0.11079453250487394 1.001019625 -0.046479605936651756
v 0.10993732442389256 1.001019625 -0.048472331277913554
v 0.10904427909804583 1.001019625 -0.05044925566336423
v 0.10811568764124045 1.001019625 -0.052409734657425315
v 0.10715185275467098 1.001019625 -0.05435312918536807
v 0.10615308862814525 1.001019625 -0.056278805741639015
v 0.10511972083766531 1.001019625 -0.05818613659636907
v 0.10405208623929653 1.001019625 -0.06007450000000002
v 0.10208707459810963 1.001019625 -0.05894000000000001
v 0.10100632392663539 1.001019625 -0.06077348868402736
v 0.09989264732775228 1.001019625 -0.06258716649484386
v 0.09874640783650022 1.001019625 -0.06438044221180503
v 0.09756797910273428 1.001019625 -0.06615273126491761
v 0.09635774526932221 1.001019625 -0.06790345592539758
v 0.0951161008469223 1.001019625 -0.06963204549399725
v 0.09384345058538128 1.001019625 -0.07133793648704105
v 0.09254020934179417 1.001019625 -0.07302057282010947
v 0.09120680194526994 1.001019625 -0.07467940598931075
v 0.08984366305844575 1.001019625 -0.07631389525008186
v 0.08845123703579673 1.001019625 -0.07792350779345923
v 0.0870299777787852 1.001019625 -0.07950771891976371
v 0.08558034858789869 1.001019625 -0.08106601220964152
v 0.08410282201162388 1.001019625 -0.0825978796924056
v 0.08259787969240558 1.001019625 -0.08410282201162395
v 0.08106601220964153 1.001019625 -0.08558034858789866
v 0.07950771891976376 1.001019625 -0.08702997777878516
v 0.07792350779345919 1.001019625 -0.08845123703579676
v 0.0763138952500819 1.001019625 -0.08984366305844572
v 0.07467940598931078 1.001019625 -0.09120680194526991
v 0.07302057282010943 1.001019625 -0.09254020934179422
v 0.07133793648704108 1.001019625 -0.09384345058538125
v 0.0696320454939973 1.001019625 -0.09511610084692229
v 0.06790345592539762 1.001019625 -0.09635774526932218
v 0.06615273126491758 1.001019625 -0.0975679791027343
v 0.06438044221180507 1.001019625 -0.09874640783650021
v 0.0625871664948439 1.001019625 -0.09989264732775226
v 0.06077348868402732 1.001019625 -0.10100632392663543
v 0.058940000000000055 1.001019625 -0.1020870745981096
v 0.06047850000000005 1.001019625 -0.10475183476555432
v 0.05857743738430631 1.001019625 -0.10582664918860313
v 0.05665727976172449 1.001019625 -0.10686696636005759
v 0.05471865306306803 1.001019625 -0.10787244715850104
v 0.05276218923967906 1.001019625 -0.10884276381843809
v 0.05078852605742496 1.001019625 -0.10977760003713993
v 0.04879830688880126 1.001019625 -0.11067665107775157
v 0.046792180503205126 1.001019625 -0.11153962386863006
v 0.04477080085545004 1.001019625 -0.11236623709887963
v 0.04273482687259097 1.001019625 -0.11315622131005292
v 0.04068492223912767 1.001019625 -0.11390931898398889
v 0.038621755180657816 1.001019625 -0.11462528462675822
v 0.03654599824604886 1.001019625 -0.11530388484868927
v 0.03445832808820239 1.001019625 -0.11594489844044799
v 0.03235942524347903 1.001019625 -0.11654811644514762
v 0.030249973909857626 1.001019625 -0.11711334222646426
v 0.02813066172390184 1.001019625 -0.1176403915327359
v 0.02600217953660477 1.001019625 -0.11812909255702496
v 0.023865221188186264 1.001019625 -0.11857928599312337
v 0.02172048328191541 1.001019625 -0.11899082508748324
v 0.019568664957032772 1.001019625 -0.11936357568705538
v 0.017410467660846096 1.001019625 -0.11969741628302019
v 0.015246594920072569 1.001019625 -0.1199922380503973
v 0.013077752111504705 1.001019625 -0.12024794488351985
v 0.01090464623207201 1.001019625 -0.1204644534273632
v 0.008727985668375115 1.001019625 -0.12064169310471665
v 0.0065484799657664055 1.001019625 -0.12077960613919037
v 0.004366839597053433 1.001019625 -0.12087814757404913
v 0.0021837757309001145 1.001019625 -0.1209372852868673
v -0.0 1.001019625 -0.120957
v -0.0 2.00203925 -0.119903
v -0.0021647466575899486 2.00203925 -0.11988345707773217
v -0.004328787653509067 2.00203925 -0.11982483468150842
v -0.006491417556117319 2.00203925 -0.11972715192099131
v -0.008651931393761272 2.00203925 -0.11959044063869673
v -0.010809624884579956 2.00203925 -0.11941474539961414
v -0.01296379466608589 2.00203925 -0.11920012347667916
v -0.015113738524446358 2.00203925 -0.11894664483210386
v -0.017258755623390305 2.00203925 -0.11865439209457058
v -0.01939814673266615 2.00203925 -0.11832346053229661
v -0.021531214455976062 2.00203925 -0.11795395802197892
v -0.023657263458312445 2.00203925 -0.11754600501362857
v -0.025775600692622424 2.00203925 -0.11709973449130653
v -0.027885535625726543 2.00203925 -0.11661529192977366
v -0.029986380463418037 2.00203925 -0.11609283524706916
v -0.03207745037466917 2.00203925 -0.11553253475303239
v -0.03415806371487166 2.00203925 -0.11493457309378569
v -0.036227542248038466 2.00203925 -0.11429914519219549
v -0.03828521136789441 2.00203925 -0.11362645818433156
v -0.04033040031778345 2.00203925 -0.11291673135194506
v -0.04236244240932131 2.00203925 -0.11217019605098734
v -0.04438067523972176 2.00203925 -0.11138709563619274
v -0.04638444090772586 2.00203925 -0.11056768538175014
v -0.048373086228064015 2.00203925 -0.10971223239808897
v -0.0503459629443804 2.00203925 -0.10882101554480673
v -0.05230242794055101 2.00203925 -0.10789432533976692
v -0.05424184345032576 2.00203925 -0.10693246386439598
v -0.05616357726522694 2.00203925 -0.10593574466521148
v -0.058067002940635735 2.00203925 -0.10490449265161239
v -0.0599515 2.00203925 -0.10383904398996552
v -0.060088 2.00203925 -0.10407546892519871
v -0.06195720034010577 2.00203925 -0.10297366800311622
v -0.06380620394201184 2.00203925 -0.10183829984102441
v -0.06563440806961214 2.00203925 -0.10066973454495463
v -0.06744121676698965 2.00203925 -0.09946835304250247
v -0.06922604105268568 2.00203925 -0.09823454695865338
v -0.0709882991116951 2.00203925 -0.09696871848812125
v -0.07272741648512591 2.00203925 -0.09567128026424145
v -0.07444282625746072 2.00203925 -0.09434265522446099
v -0.0761339692413591 2.00203925 -0.09298327647246998
v -0.07780029415994091 2.00203925 -0.09159358713701884
v -0.079441257826491 2.00203925 -0.09017404022746782
v -0.08105632532152642 2.00203925 -0.0887250984861154
v -0.082644970167169 2.00203925 -0.08724723423735417
v -0.08420667449876602 2.00203925 -0.08574092923370304
v -0.08574092923370304 2.00203925 -0.08420667449876601
v -0.08724723423735416 2.00203925 -0.08264497016716899
v -0.08872509848611541 2.00203925 -0.0810563253215264
v -0.0901740402274678 2.00203925 -0.079441257826491
v -0.09159358713701886 2.00203925 -0.07780029415994093
v -0.09298327647246997 2.00203925 -0.0761339692413591
v -0.09434265522446099 2.00203925 -0.07444282625746074
v -0.09567128026424143 2.00203925 -0.07272741648512591
v -0.09696871848812126 2.00203925 -0.0709882991116951
v -0.09823454695865338 2.00203925 -0.06922604105268568
v -0.09946835304250248 2.00203925 -0.06744121676698966
v -0.10066973454495466 2.00203925 -0.06563440806961213
v -0.10183829984102442 2.00203925 -0.06380620394201184
v -0.10297366800311622 2.00203925 -0.06195720034010575
v -0.1040754689251987 2.00203925 -0.060088000000000016
v -0.10424001375191774 2.00203925 -0.060183000000000014
v -0.10530957659528101 2.00203925 -0.0582912260406542
v -0.10634481074179 2.00203925 -0.05638045037327094
v -0.10734537872698671 2.00203925 -0.054451295870344425
v -0.10831095438684926 2.00203925 -0.052504391395481034
v -0.10924122296411443 2.00203925 -0.050540371598402814
v -0.11013588121088196 2.00203925 -0.048559876708065275
v -0.11099463748746685 2.00203925 -0.0465635523239563
v -0.11181721185746793 2.00203925 -0.04455204920564413
v -0.11260333617902087 2.00203925 -0.042526023060643764
v -0.1133527541922072 2.00203925 -0.04048613433067
v -0.1140652216025892 2.00203925 -0.03843304797634736
v -0.11474050616084505 2.00203925 -0.03636743326044716
v -0.11537838773847701 2.00203925 -0.03428996352972186
v -0.11597865839956878 2.00203925 -0.032201315995408215
v -0.11654112246856814 2.00203925 -0.030102171512470712
v -0.11706559659407302 2.00203925 -0.027993214357657458
v -0.11755190980860028 2.00203925 -0.02587513200644011
v -0.11799990358431749 2.00203925 -0.02374861490891167
v -0.11840943188471945 2.00203925 -0.021614356264714085
v -0.11878036121223334 2.00203925 -0.019473051797070096
v -0.11911257065173583 2.00203925 -0.017325399525991842
v -0.11940595190996903 2.00203925 -0.015172099540741354
v -0.11966040935084164 2.00203925 -0.013013853771616159
v -0.11987586002660447 2.00203925 -0.010851365761134837
v -0.12005223370488954 2.00203925 -0.008685340434696957
v -0.12018947289160437 2.00203925 -0.00651648387079235
v -0.12028753284967386 2.00203925 -0.004345503070834545
v -0.12034638161362361 2.00203925 -0.0021731057286929574
v -0.120366 2.00203925 -7.370291831308517e-18
v -0.119286 2.00203925 -7.304160904154559e-18
v -0.1192665576422138 2.00203925 0.0021536072475023377
v -0.11920823690665301 2.00203925 0.004306512464546199
v -0.11911105680464516 2.00203925 0.00645801384952011
v -0.11897504901485016 2.00203925 0.008607410058432304
v -0.11880025787293376 2.00203925 0.010754000433533792
v -0.11858674035711494 2.00203925 0.012897085231718316
v -0.11833456606959246 2.00203925 0.015035965852623429
v -0.11804381721385576 2.00203925 0.01716994506635978
v -0.1177145885678885 2.00203925 0.019298327240793094
v -0.11734698745327289 2.00203925 0.02142041856830572
v -0.11694113370020516 2.00203925 0.02353552729196317
v -0.11649715960843342 2.00203925 0.02564296393101222
v -0.1160152099041307 2.00203925 0.027742041505637194
v -0.11549544169271739 2.00203925 0.02983207576090076
v -0.11493802440764803 2.00203925 0.03191238538979664
v -0.11434313975517979 2.00203925 0.03398229225534124
v -0.11371098165513983 2.00203925 0.03604112161163207
v -0.11304175617771178 2.00203925 0.03808820232380049
v -0.11233568147626097 2.00203925 0.04012286708678779
v -0.11159298771622125 2.00203925 0.042144452642872164
v -0.11081391700006579 2.00203925 0.04415229999787701
v -0.10999872328838685 2.00203925 0.04614575463598899
v -0.10914767231710999 2.00203925 0.048124166733116314
v -0.10826104151086977 2.00203925 0.05008689136871773
v -0.10733911989257514 2.00203925 0.05203328873603302
v -0.1063822079891941 2.00203925 0.05396272435064642
v -0.1053906177337883 2.00203925 0.055874569257315154
v -0.10436467236382939 2.00203925 0.05776820023499561
v -0.10330470631583057 2.00203925 0.059642999999999974
v -0.10668913359382015 2.00203925 0.06159699999999997
v -0.10555966296079 2.00203925 0.06351314188106598
v -0.10439578210803456 2.00203925 0.06540857981986593
v -0.10319787043611987 2.00203925 0.06728269594368091
v -0.10196631843893998 2.00203925 0.06913487933025333
v -0.10070152757642413 2.00203925 0.07096452620693448
v -0.09940391014366935 2.00203925 0.07277104014750174
v -0.0980738891365411 2.00203925 0.07455383226658067
v -0.09671189811378515 2.00203925 0.07631232141160978
v -0.09531838105569719 2.00203925 0.07804593435228324
v -0.09389379221939406 2.00203925 0.07975410596741248
v -0.09243859599073584 2.00203925 0.08143627942914333
v -0.09095326673294582 2.00203925 0.08309190638447052
v -0.0894382886319782 2.00203925 0.0847204471339886
v -0.08789415553868339 2.00203925 0.08632137080782333
v -0.08632137080782334 2.00203925 0.08789415553868336
v -0.08472044713398863 2.00203925 0.0894382886319782
v -0.08309190638447049 2.00203925 0.09095326673294585
v -0.08143627942914336 2.00203925 0.09243859599073583
v -0.07975410596741243 2.00203925 0.09389379221939406
v -0.07804593435228326 2.00203925 0.09531838105569716
v -0.0763123214116098 2.00203925 0.09671189811378515
v -0.07455383226658069 2.00203925 0.09807388913654108
v -0.07277104014750171 2.00203925 0.09940391014366937
v -0.07096452620693446 2.00203925 0.10070152757642414
v -0.06913487933025335 2.00203925 0.10196631843893995
v -0.06728269594368087 2.00203925 0.10319787043611989
v -0.0654085798198659 2.00203925 0.10439578210803456
v -0.06351314188106605 2.00203925 0.10555966296078996
v -0.061597 2.00203925 0.10668913359382014
v -0.0600685 2.00203925 0.1040416939344511
v -0.05818032519852845 2.00203925 0.10510922190176024
v -0.05627318484035069 2.00203925 0.10614248648361184
v -0.054347700612927013 2.00203925 0.10714115085758437
v -0.05240450018343138 2.00203925 0.10810488948019298
v -0.05044421699414549 2.00203925 0.10903338819300977
v -0.048467490055969654 2.00203925 0.10992634432507287
v -0.04647496374011877 2.00203925 0.11078346679155081
v -0.04446728756807129 2.00203925 0.11160447618862987
v -0.04244511599983846 2.00203925 0.11238910488459396
v -0.04040910822062461 2.00203925 0.11313709710706674
v -0.038359927925946245 2.00203925 0.11384820902638831
v -0.03629824310528174 2.00203925 0.11452220883509831
v -0.03422472582432083 2.00203925 0.11515887682350008
v -0.032140052005885 2.00203925 0.11575800545128188
v -0.030044901209591534 2.00203925 0.11631939941517015
v -0.027939956410330896 2.00203925 0.11684287571259452
v -0.025825903775631827 2.00203925 0.1173282637013427
v -0.023703432441984657 2.00203925 0.11777540515518624
v -0.021573234290197866 2.00203925 0.118184154315459
v -0.019436003719859547 2.00203925 0.11855437793857133
v -0.01729243742297725 2.00203925 0.1188859553394446
v -0.015143234156871915 2.00203925 0.11917877843085212
v -0.012989094516397057 2.00203925 0.11943275175865328
v -0.010830720705560152 2.00203925 0.11964779253290947
v -0.008668816308618649 2.00203925 0.11982383065487193
v -0.006504086060726296 2.00203925 0.11996080873983248
v -0.00433723561820487 2.00203925 0.1200586821358296
v -0.002168971328514586 2.00203925 0.12011741893820428
v -1.4712539250916557e-17 2.00203925 0.120137
v -1.451194210521622e-17 2.00203925 0.118499
v 0.002139398632042192 2.00203925 0.11847968591489941
v 0.004278099865334205 2.00203925 0.11842174995558132
v 0.006415406528463353 2.00203925 0.11832521100794433
v 0.00855062190461721 2.00203925 0.11819010054164553
v 0.010683049958698615 2.00203925 0.11801646259984216
v 0.012811995564218664 2.00203925 0.11780435378483443
v 0.01493676472989305 2.00203925 0.11755384323961432
v 0.017056664825868668 2.00203925 0.11726501262532646
v 0.019171004809506086 2.00203925 0.11693795609464831
v 0.02127909545064513 2.00203925 0.11657278026109841
v 0.023380249556279382 2.00203925 0.11616960416428256
v 0.025473782194566138 2.00203925 0.11572855923108956
v 0.027559010918100195 2.00203925 0.11524978923284862
v 0.029635255986377083 2.00203925 0.11473345023846315
v 0.03170184058737416 2.00203925 0.11417971056353537
v 0.03375809105817684 2.00203925 0.11358875071549927
v 0.03580333710457875 2.00203925 0.11296076333477874
v 0.037836912019583495 2.00203925 0.11229595313199091
v 0.0398581529007366 2.00203925 0.11159453682121495
v 0.041866400866218234 2.00203925 0.1108567430493478
v 0.04386100126962448 2.00203925 0.11008281232156995
v 0.04584130391336838 2.00203925 0.10927299692294613
v 0.04780666326063033 2.00203925 0.10842756083618545
v 0.04975643864578978 2.00203925 0.10754677965558872
v 0.051689994483268595 2.00203925 0.10663094049721057
v 0.05360670047471831 2.00203925 0.10568034190526557
v 0.05550593181448446 2.00203925 0.10469529375480925
v 0.057387069393279505 2.00203925 0.10367611715072533
v 0.05924950000000001 2.00203925 0.10262314432305217
v 0.06148450000000001 2.00203925 0.10649427787796861
v 0.06339714226320119 2.00203925 0.10536687009615227
v 0.06528911839756064 2.00203925 0.10420511494101097
v 0.0671598116588348 2.00203925 0.10300939112017815
v 0.0690086122405468 2.00203925 0.10178008841435468
v 0.07083491747277083 2.00203925 0.10051760755024834
v 0.07263813201858968 2.00203925 0.09922236006994561
v 0.0744176680681621 2.00203925 0.09789476819675733
v 0.07617294553033624 2.00203925 0.09653526469758307
v 0.07790339222174715 2.00203925 0.0951442927418383
v 0.07960844405333656 2.00203925 0.09372230575699034
v 0.08128754521423387 2.00203925 0.09226976728075065
v 0.08294014835293888 2.00203925 0.09078715080997139
v 0.08456571475574658 2.00203925 0.0892749396462955
v 0.08616371452235683 2.00203925 0.0877336267386103
v 0.08773362673861028 2.00203925 0.08616371452235684
v 0.08927493964629546 2.00203925 0.08456571475574659
v 0.09078715080997139 2.00203925 0.08294014835293886
v 0.09226976728075063 2.00203925 0.0812875452142339
v 0.09372230575699034 2.00203925 0.07960844405333654
v 0.09514429274183826 2.00203925 0.07790339222174718
v 0.09653526469758307 2.00203925 0.07617294553033623
v 0.09789476819675727 2.00203925 0.07441766806816216
v 0.0992223600699456 2.00203925 0.0726381320185897
v 0.10051760755024838 2.00203925 0.07083491747277078
v 0.10178008841435465 2.00203925 0.06900861224054683
v 0.10300939112017815 2.00203925 0.06715981165883479
v 0.10420511494101098 2.00203925 0.06528911839756063
v 0.10536687009615228 2.00203925 0.06339714226320119
v 0.10649427787796861 2.00203925 0.06148450000000005
v 0.10476482514661109 2.00203925 0.060486000000000054
v 0.1058397728584844 2.00203925 0.0585847016316071
v 0.10688021904072424 2.00203925 0.05666430588833507
v 0.10788582452985922 2.00203925 0.054725438778619476
v 0.1088562615197475 2.00203925 0.052768732332171296
v 0.10979121366843503 2.00203925 0.050794824393948265
v 0.1106903762012762 2.00203925 0.048804358416231104
v 0.11155345601028395 2.00203925 0.046797983248871335
v 0.11238017174967688 2.00203925 0.04477635292778012
v 0.11317025392759181 2.00203925 0.04274012646172668
v 0.11392344499393256 2.00203925 0.04068996761751501
v 0.11463949942432597 2.00203925 0.03862654470360975
v 0.11531818380015742 2.00203925 0.03655053035228229
v 0.11595927688466047 2.00203925 0.03446260130034656
v 0.11656256969503542 2.00203925 0.03236343816855696
v 0.11712786557057328 2.00203925 0.030253725239740535
v 0.11765498023676288 2.00203925 0.02813415023573545
v 0.11814374186536063 2.00203925 0.02600540409320793
v 0.11859399113040273 2.00203925 0.023868180738421653
v 0.11900558126014224 2.00203925 0.021723176861032187
v 0.1193783780848935 2.00203925 0.019571091686981054
v 0.11971226008076855 2.00203925 0.017412626750563202
v 0.12000711840929143 2.00203925 0.015248485665740863
v 0.12026285695287718 2.00203925 0.013079373896781056
v 0.12047939234616419 2.00203925 0.010905998528288682
v 0.12065665400318942 2.00203925 0.008729068034712116
v 0.12079458414039815 2.00203925 0.00654929204939518
v 0.12089313779548001 2.00203925 0.004367381133251875
v 0.12095228284202578 2.00203925 0.0021840465431388653
v 0.120972 2.00203925 2.2222195887968043e-17
v 0.120149 2.00203925 2.2071013240613303e-17
v 0.12012941698233108 2.00203925 -0.00216918797830561
v 0.1200706743129743 2.00203925 -0.004337668847163699
v 0.11997279114079869 2.00203925 -0.006504735727629338
v 0.11983579937365016 2.00203925 -0.008669682201688166
v 0.11965974366795029 2.00203925 -0.010831802542533518
v 0.11944468141413915 2.00203925 -0.012990391944618108
v 0.11919068271796744 2.00203925 -0.015144746753406522
v 0.11889783037764327 2.00203925 -0.01729416469475096
v 0.11856621985684182 2.00203925 -0.019437945103818195
v 0.11819595925358621 2.00203925 -0.021575389153491314
v 0.11778716926500973 2.00203925 -0.023705800082172886
v 0.11733998314801122 2.00203925 -0.02582848342091432
v 0.1168545466758161 2.00203925 -0.027942747219797753
v 0.1163310180904574 2.00203925 -0.030047902273497837
v 0.11576956805119212 2.00203925 -0.032143262345947374
v 0.11517037957887005 2.00203925 -0.034228144394036195
v 0.11453364799627279 2.00203925 -0.036301868790268595
v 0.11385958086444252 2.00203925 -0.0383637595443079
v 0.11314839791502171 2.00203925 -0.040413144523334374
v 0.11240033097862506 2.00203925 -0.042449355671146986
v 0.11161562390926769 2.00203925 -0.04447172922593534
v 0.11079453250487394 2.00203925 -0.046479605936651756
v 0.10993732442389256 2.00203925 -0.048472331277913554
v 0.10904427909804583 2.00203925 -0.05044925566336423
v 0.10811568764124045 2.00203925 -0.052409734657425315
v 0.10715185275467098 2.00203925 -0.05435312918536807
v 0.10615308862814525 2.00203925 -0.056278805741639015
v 0.10511972083766531 2.00203925 -0.05818613659636907
v 0.10405208623929653 2.00203925 -0.06007450000000002
v 0.10208707459810963 2.00203925 -0.05894000000000001
v 0.10100632392663539 2.00203925 -0.06077348868402736
v 0.09989264732775228 2.00203925 -0.06258716649484386
v 0.09874640783650022 2.00203925 -0.06438044221180503
v 0.09756797910273428 2.00203925 -0.06615273126491761
v 0.09635774526932221 2.00203925 -0.06790345592539758
v 0.0951161008469223 2.00203925 -0.06963204549399725
v 0.09384345058538128 2.00203925 -0.07133793648704105
v 0.09254020934179417 2.00203925 -0.07302057282010947
v 0.09120680194526994 2.00203925 -0.07467940598931075
v 0.08984366305844575 2.00203925 -0.07631389525008186
v 0.08845123703579673 2.00203925 -0.07792350779345923
v 0.0870299777787852 2.00203925 -0.07950771891976371
v 0.08558034858789869 2.00203925 -0.08106601220964152
v 0.08410282201162388 2.00203925 -0.0825978796924056
v 0.08259787969240558 2.00203925 -0.08410282201162395
v 0.08106601220964153 2.00203925 -0.08558034858789866
v 0.07950771891976376 2.00203925 -0.08702997777878516
v 0.07792350779345919 2.00203925 -0.08845123703579676
v 0.0763138952500819 2.00203925 -0.08984366305844572
v 0.07467940598931078 2.00203925 -0.09120680194526991
v 0.07302057282010943 2.00203925 -0.09254020934179422
v 0.07133793648704108 2.00203925 -0.09384345058538125
v 0.0696320454939973 2.00203925 -0.09511610084692229
v 0.06790345592539762 2.00203925 -0.09635774526932218
v 0.06615273126491758 2.00203925 -0.0975679791027343
v 0.06438044221180507 2.00203925 -0.09874640783650021
v 0.0625871664948439 2.00203925 -0.09989264732775226
v 0.06077348868402732 2.00203925 -0.10100632392663543
v 0.058940000000000055 2.00203925 -0.1020870745981096
v 0.06047850000000005 2.00203925 -0.10475183476555432
v 0.05857743738430631 2.00203925 -0.10582664918860313
v 0.05665727976172449 2.00203925 -0.10686696636005759
v 0.05471865306306803 2.00203925 -0.10787244715850104
v 0.05276218923967906 2.00203925 -0.10884276381843809
v 0.05078852605742496 2.00203925 -0.10977760003713993
v 0.04879830688880126 2.00203925 -0.11067665107775157
v 0.046792180503205126 2.00203925 -0.11153962386863006
v 0.04477080085545004 2.00203925 -0.11236623709887963
v 0.04273482687259097 2.00203925 -0.11315622131005292
v 0.04068492223912767 2.00203925 -0.11390931898398889
v 0.038621755180657816 2.00203925 -0.11462528462675822
v 0.03654599824604886 2.00203925 -0.11530388484868927
v 0.03445832808820239 2.00203925 -0.11594489844044799
v 0.03235942524347903 2.00203925 -0.11654811644514762
v 0.030249973909857626 2.00203925 -0.11711334222646426
v 0.02813066172390184 2.00203925 -0.1176403915327359
v 0.02600217953660477 2.00203925 -0.11812909255702496
v 0.023865221188186264 2.00203925 -0.11857928599312337
v 0.02172048328191541 2.00203925 -0.11899082508748324
v 0.019568664957032772 2.00203925 -0.11936357568705538
v 0.017410467660846096 2.00203925 -0.11969741628302019
v 0.015246594920072569 2.00203925 -0.1199922380503973
v 0.013077752111504705 2.00203925 -0.12024794488351985
v 0.01090464623207201 2.00203925 -0.1204644534273632
v 0.008727985668375115 2.00203925 -0.12064169310471665
v 0.0065484799657664055 2.00203925 -0.12077960613919037
v 0.004366839597053433 2.00203925 -0.12087814757404913
v 0.0021837757309001145 2.00203925 -0.1209372852868673
v -0.0 2.00203925 -0.120957
v 0.0 1.001019625 0.0
v 0.0 2.00203925 0.0
v -0.0 2.00203925 -2.087255
v -0.037683613293978534 2.00203925 -2.0869147994860997
v -0.07535494252625094 2.00203925 -2.0858943088425796
v -0.11300170763945568 2.00203925 -2.0841938607278276
v -0.15061163658361493 2.00203925 -2.0818140094519983
v -0.1881724693165637 2.00203925 -2.0787555307963235
v -0.2256719618004646 2.00203925 -2.0750194217602225
v -0.26309788999310507 2.00203925 -2.070606900236299
v -0.30043805383267747 2.00203925 -2.0655194046133367
v -0.337680281214741 2.00203925 -2.0597585933074134
v -0.37481243196007036 2.00203925 -2.053326344221292
v -0.41182240177209867 2.00203925 -2.046224754132268
v -0.44869812618266114 2.00203925 -2.038456138008657
v -0.4854275844847573 2.00203925 -2.0300230282551706
v -0.521998803651048 2.00203925 -2.020928173887403
v -0.5583998622368088 2.00203925 -2.011174539635711
v -0.5946188942660687 2.00203925 -2.0007653049787715
v -0.6306440930996683 2.00203925 -1.9897038631071449
v -0.6664637152839749 2.00203925 -1.9779938198171603
v -0.7020660843789988 2.00203925 -1.965638992335505
v -0.7374395947646677 2.00203925 -1.9526434080748902
v -0.772572715424013 2.00203925 -1.9390113033211969
v -0.807453993702037 2.00203925 -1.9247471218525383
v -0.8420720590390378 2.00203925 -1.9098555134906814
v -0.87641562667717 2.00203925 -1.894341332585303
v -0.910473501339039 2.00203925 -1.8782096364315755
v -0.9442345808771232 2.00203925 -1.8614656836215926
v -0.9776878598928405 2.00203925 -1.8441149323301835
v -1.0108224333240756 2.00203925 -1.8261630385356598
v -1.0436275 2.00203925 -1.807615854176088
v -1.013899 2.00203925 -1.7561245817432773
v -1.0454390804758504 2.00203925 -1.7375332681182856
v -1.0766383699008433 2.00203925 -1.7183755553607178
v -1.1074866979658446 2.00203925 -1.6986576884801452
v -1.1379740087677082 2.00203925 -1.6783860950845464
v -1.168090364087288 2.00203925 -1.657567383285044
v -1.1978259466290866 2.00203925 -1.6362083395417997
v -1.2271710632214865 2.00203925 -1.6143159264517732
v -1.2561161479765206 2.00203925 -1.5918972804790603
v -1.284651765408147 2.00203925 -1.568959709628559
v -1.3127686135080205 2.00203925 -1.545510691063711
v -1.3404575267777494 2.00203925 -1.5215578686691087
v -1.3677094792166542 2.00203925 -1.4971090505587459
v -1.3945155872640542 2.00203925 -1.472172206530741
v -1.42086711269512 2.00203925 -1.4467554654693497
v -1.4467554654693497 2.00203925 -1.4208671126951198
v -1.4721722065307408 2.00203925 -1.394515587264054
v -1.497109050558746 2.00203925 -1.367709479216654
v -1.5215578686691085 2.00203925 -1.3404575267777494
v -1.5455106910637113 2.00203925 -1.3127686135080208
v -1.5689597096285588 2.00203925 -1.284651765408147
v -1.5918972804790603 2.00203925 -1.2561161479765208
v -1.614315926451773 2.00203925 -1.2271710632214867
v -1.6362083395418 2.00203925 -1.1978259466290866
v -1.657567383285044 2.00203925 -1.168090364087288
v -1.6783860950845466 2.00203925 -1.1379740087677084
v -1.6986576884801456 2.00203925 -1.1074866979658444
v -1.718375555360718 2.00203925 -1.0766383699008433
v -1.7375332681182856 2.00203925 -1.0454390804758502
v -1.7561245817432771 2.00203925 -1.0138990000000003
v -1.7278869574274818 2.00203925 -0.9975960000000003
v -1.7456160771836888 2.00203925 -0.9662378733737512
v -1.7627761629823495 2.00203925 -0.9345647736166958
v -1.7793616209980732 2.00203925 -0.9025870254901238
v -1.795367044721986 2.00203925 -0.8703150530642589
v -1.8107872167241363 2.00203925 -0.8377593763202276
v -1.8256171103542693 2.00203925 -0.8049306077207699
v -1.8398518913804063 2.00203925 -0.7718394487508019
v -1.853486919564704 2.00203925 -0.7384966864289544
v -1.8665177501760715 2.00203925 -0.7049131897912364
v -1.8789401354390631 2.00203925 -0.6710999063479565
v -1.8907500259185581 2.00203925 -0.6370678585150661
v -1.901943571839795 2.00203925 -0.6028281400210865
v -1.912517124343315 2.00203925 -0.5683919122907866
v -1.9224672366744135 2.00203925 -0.5337704008067935
v -1.9317906653067096 2.00203925 -0.4989748914503221
v -1.9404843709994664 2.00203925 -0.4640167268222197
v -1.948545519788319 2.00203925 -0.42890730254551335
v -1.9559714839090903 2.00203925 -0.3936580635506812
v -1.9627598426543806 2.00203925 -0.35828050034484343
v -1.9689083831626728 2.00203925 -0.32278614526610405
v -1.974415101139675 2.00203925 -0.287186568724247
v -1.9792782015116805 2.00203925 -0.25149337542903166
v -1.983496099010721 2.00203925 -0.21571820060730096
v -1.9870674186913333 2.00203925 -0.17987270621014353
v -1.9899909963787614 2.00203925 -0.14396857711134284
v -1.9922658790484515 2.00203925 -0.1080175172983561
v -1.9938913251367205 2.00203925 -0.07203124605706361
v -1.9948668047824878 2.00203925 -0.036021494151524176
v -1.995192 2.00203925 -1.221702748242203e-16
v -2.134546 2.00203925 -1.307032463266393e-16
v -2.1341980915527126 2.00203925 0.038537412066186515
v -2.1331544796216533 2.00203925 0.0770622617503079
v -2.131415504402261 2.00203925 0.11556199076536854
v -2.1289817327637133 2.00203925 0.15402404901318206
v -2.125853958064142 2.00203925 0.19243589867543398
v -2.1220331998920097 2.00203925 0.23078501830075113
v -2.1175207037337516 2.00203925 0.2690589068864236
v -2.1123179405677694 2.00203925 0.30724508795347316
v -2.1064266063849244 2.00203925 0.3453311136137177
v -2.099848621635681 2.00203925 0.3833045686275228
v -2.0925861306040785 2.00203925 0.4211530744509063
v -2.084641500708743 2.00203925 0.4588642932706806
v -2.076017321731155 2.00203925 0.49642593202632196
v -2.066716404971439 2.00203925 0.5338257464172464
v -2.056741782331937 2.00203925 0.5710515448941942
v -2.046096705328873 2.00203925 0.6080911926334156
v -2.034784644032427 2.00203925 0.6449326154923694
v -2.022809285935566 2.00203925 0.6815638039456351
v -2.010174534751999 2.00203925 0.7179728169997697
v -1.9968845091436478 2.00203925 0.7541477860858122
v -1.982943541378053 2.00203925 0.7900769189281925
v -1.9683561759161425 2.00203925 0.8257485033887609
v -1.953127167930837 2.00203925 0.8611509112846979
v -1.9372614817569622 2.00203925 0.8962726021790566
v -1.9207642892729797 2.00203925 0.9311021271427018
v -1.9036409682150652 2.00203925 0.9656281324864184
v -1.8858971004240803 2.00203925 0.999839363461974
v -1.8675384700260094 2.00203925 1.03372466793093
v -1.8485710615464586 2.00203925 1.0672729999999995
v -1.7385815051388158 2.00203925 1.0037704999999995
v -1.7201759123006584 2.00203925 1.0349955059910145
v -1.7012095784611734 2.00203925 1.06588312531579
v -1.681688686244448 2.00203925 1.0964232892630574
v -1.6616195990488822 2.00203925 1.1266060423846624
v -1.6410088589728562 2.00203925 1.156421545740827
v -1.6198631846821445 2.00203925 1.1858600801074386
v -1.5981894692197738 2.00203925 1.214912049144306
v -1.5759947777590333 2.00203925 1.2435679825233736
v -1.553286345300383 2.00203925 1.2718185390158372
v -1.5300715743129905 2.00203925 1.299654509537195
v -1.506358032321686 2.00203925 1.3270668201492104
v -1.482153449440109 2.00203925 1.3540465350178281
v -1.4574657158508542 2.00203925 1.3805848593260597
v -1.4323028792334365 2.00203925 1.4066731421409195
v -1.4066731421409198 2.00203925 1.432302879233436
v -1.3805848593260601 2.00203925 1.4574657158508542
v -1.3540465350178277 2.00203925 1.4821534494401094
v -1.3270668201492108 2.00203925 1.5063580323216859
v -1.2996545095371943 2.00203925 1.5300715743129905
v -1.2718185390158374 2.00203925 1.5532863453003825
v -1.243567982523374 2.00203925 1.5759947777590333
v -1.2149120491443062 2.00203925 1.5981894692197736
v -1.1858600801074382 2.00203925 1.6198631846821447
v -1.1564215457408265 2.00203925 1.6410088589728564
v -1.1266060423846627 2.00203925 1.6616195990488818
v -1.0964232892630568 2.00203925 1.6816886862444482
v -1.0658831253157897 2.00203925 1.7012095784611734
v -1.0349955059910156 2.00203925 1.7201759123006577
v -1.0037705 2.00203925 1.7385815051388156
v -1.012112 2.00203925 1.7530294069501515
v -0.9802975818829007 2.00203925 1.7710165027832283
v -0.9481636074670919 2.00203925 1.7884262846567058
v -0.915720551749266 2.00203925 1.8052530773495497
v -0.8829789904800869 2.00203925 1.8214913956828798
v -0.8499495967167247 2.00203925 1.8371359463080232
v -0.8166431373436586 2.00203925 1.8521816294320341
v -0.7830704695629005 2.00203925 1.8666235404801197
v -0.7492425373547829 2.00203925 1.8804569716944246
v -0.7151703679104439 2.00203925 1.893677413668664
v -0.6808650680372044 2.00203925 1.9062805568180914
v -0.6463378205379743 2.00203925 1.9182622927843367
v -0.6115998805659025 2.00203925 1.9296187157746407
v -0.5766625719554342 2.00203925 1.94034612383506
v -0.5415372835309735 2.00203925 1.9504410200572315
v -0.5062354653943765 2.00203925 1.9599001137182832
v -0.47076862519245233 2.00203925 1.9687203213535456
v -0.43514832436572043 2.00203925 1.9768987677616945
v -0.39938617437961615 2.00203925 1.9844327869420053
v -0.3634938329394065 2.00203925 1.991319922963414
v -0.32748300019002446 2.00203925 1.9975579307650981
v -0.2913654149020593 2.00203925 2.0031447768883184
v -0.2551528506451792 2.00203925 2.008078640139284
v -0.21885711195018448 2.00203925 2.012357912182826
v -0.18249003046098866 2.00203925 2.0159811980666746
v -0.14606346107774684 2.00203925 2.01894731667619
v -0.10958927809240804 2.00203925 2.0212553011193775
v -0.07307937131795479 2.00203925 2.022904399042073
v -0.036545642212566565 2.00203925 2.0238940728732
v -2.4789594423572516e-16 2.00203925 2.024224
v -2.5715488636067877e-16 2.00203925 2.099829
v 0.037910626166655616 2.00203925 2.09948675005694
v 0.07580889427020363 2.00203925 2.09846011179401
v 0.11368245027600804 2.00203925 2.096749419873592
v 0.151518948205052 2.00203925 2.094355231945105
v 0.1893060541584668 2.00203925 2.0912783284632277
v 0.22703145033812705 2.00203925 2.087519712433482
v 0.2646828390619887 2.00203925 2.0830806090852763
v 0.3022479467728756 2.00203925 2.0779624654725075
v 0.3397145280393958 2.00203925 2.0721669500018507
v 0.37707036954769846 2.00203925 2.0656959518888938
v 0.41430329408275673 2.00203925 2.0585515805422943
v 0.45140116449787443 2.00203925 2.050736164876156
v 0.48835188767114845 2.00203925 2.0422522525508513
v 0.5251434184475667 2.00203925 2.0331026091425404
v 0.5617637635654757 2.00203925 2.023290217241647
v 0.5982009855661266 2.00203925 2.0128182754806048
v 0.6344432066850396 2.00203925 2.0016901974911616
v 0.6704786127239049 2.00203925 1.989909610791613
v 0.7062954569017531 2.00203925 1.977480355604309
v 0.7418820636841676 2.00203925 1.964406483603819
v 0.7772268325892566 2.00203925 1.9506922565961735
v 0.8123182419691679 2.00203925 1.9363421451296052
v 0.8471448527658979 2.00203925 1.9213608270372449
v 0.8816953122401888 2.00203925 1.9057531859122459
v 0.9159583576722793 2.00203925 1.8895243095158374
v 0.9499228200333109 2.00203925 1.8726794881188191
v 0.9835776276262003 2.00203925 1.8552242127770477
v 1.0169118096947714 2.00203925 1.8371641735414683
v 1.0499145000000003 2.00203925 1.8185052576032739
v 1.0359505000000002 2.00203925 1.794318900126382
v 1.0681765522389286 2.00203925 1.7753232401588042
v 1.1000544014916305 2.00203925 1.7557488623262412
v 1.1315736562528078 2.00203925 1.735602147462273
v 1.1627240419113853 2.00203925 1.71488966297026
v 1.193495404099825 2.00203925 1.6936181606825063
v 1.2238777120042286 2.00203925 1.6717945746593077
v 1.253861061634177 2.00203925 1.6494260189285894
v 1.2834356790512176 2.00203925 1.626519785166888
v 1.3125919235549621 2.00203925 1.603083340322419
v 1.3413202908257533 2.00203925 1.5791243241810053
v 1.3696114160228705 2.00203925 1.5546505468756724
v 1.3974560768372715 2.00203925 1.5296699863407082
v 1.4248451964978661 2.00203925 1.5041907857110273
v 1.4517698467303601 2.00203925 1.4782212506676757
v 1.4782212506676753 2.00203925 1.4517698467303604
v 1.5041907857110264 2.00203925 1.4248451964978663
v 1.5296699863407082 2.00203925 1.3974560768372712
v 1.5546505468756722 2.00203925 1.369611416022871
v 1.5791243241810053 2.00203925 1.341320290825753
v 1.6030833403224183 2.00203925 1.3125919235549626
v 1.626519785166888 2.00203925 1.2834356790512174
v 1.6494260189285885 2.00203925 1.253861061634178
v 1.6717945746593075 2.00203925 1.2238777120042288
v 1.693618160682507 2.00203925 1.193495404099824
v 1.7148896629702595 2.00203925 1.1627240419113858
v 1.735602147462273 2.00203925 1.1315736562528074
v 1.7557488623262414 2.00203925 1.1000544014916303
v 1.7753232401588044 2.00203925 1.0681765522389286
v 1.794318900126382 2.00203925 1.0359505000000009
v 1.7701264804716637 2.00203925 1.021983000000001
v 1.7882890021696338 2.00203925 0.9898582998970792
v 1.8058685794381593 2.00203925 0.9574109269033884
v 1.822859481706496 2.00203925 0.9246514581769314
v 1.8392561702995094 2.00203925 0.8915905726123305
v 1.855053300243168 2.00203925 0.8582390473597269
v 1.870245722006892 2.00203925 0.8246077543116609
v 1.8848284831821915 2.00203925 0.7907076565590596
v 1.898796830097048 2.00203925 0.7565498048175036
v 1.9121462093655073 2.00203925 0.7221453338249317
v 1.9248722693719902 2.00203925 0.6875054587119475
v 1.9369708616898282 2.00203925 0.6526414713459182
v 1.94843804243356 2.00203925 0.6175647366500763
v 1.9592700735445552 2.00203925 0.5822866888987879
v 1.9694634240095459 2.00203925 0.5468188279902184
v 1.979014771011659 2.00203925 0.5111727156976119
v 1.9879210010135842 2.00203925 0.47535997190040047
v 1.9961792107725236 2.00203925 0.43939227079636484
v 2.003786708286585 2.00203925 0.40328133709609465
v 2.01074101367232 2.00203925 0.36703894220097644
v 2.017039859973113 2.00203925 0.33067690036596836
v 2.0226811938981597 2.00203925 0.2942070648484085
v 2.027663176491798 2.00203925 0.2576413240440903
v 2.031984183732968 2.00203925 0.22099159761191012
v 2.0356428070646087 2.00203925 0.18426983258830232
v 2.038637853852818 2.00203925 0.14748799949276187
v 2.0409683477756264 2.00203925 0.11065808842570239
v 2.042633529141257 2.00203925 0.07379210515994034
v 2.0436328551357676 2.00203925 0.03690206722707217
v 2.043966 2.00203925 3.754704629199029e-16
v 2.061595 2.00203925 3.787088576832282e-16
v 2.0612589817950115 2.00203925 -0.03722034382420956
v 2.060251036714881 2.00203925 -0.07442855460277194
v 2.0585714933284076 2.00203925 -0.11161250324515398
v 2.056220899131248 2.00203925 -0.14876006856977017
v 2.0532000203674436 2.00203925 -0.18585914125522798
v 2.049509841779642 2.00203925 -0.222897627787705
v 2.045151566288093 2.00203925 -0.25986345440319203
v 2.040126614598519 2.00203925 -0.29674457102327195
v 2.0344366247389973 2.00203925 -0.3335289551831981
v 2.0280834515259976 2.00203925 -0.37020461595096027
v 2.021069165959748 2.00203925 -0.4067595978360803
v 2.0133960545491365 2.00203925 -0.44318198468684594
v 2.0050666185663557 2.00203925 -0.4794599035747193
v 1.9960835732315418 2.00203925 -0.5155815286646728
v 1.9864498468276675 2.00203925 -0.5515350850701494
v 1.9761685797459871 2.00203925 -0.5873088526914335
v 1.9652431234623342 2.00203925 -0.6228911700361532
v 1.9536770394446095 2.00203925 -0.6582704380206864
v 1.94147409799182 2.00203925 -0.693435123751205
v 1.9286382770050399 2.00203925 -0.7283737642831674
v 1.9151737606906984 2.00203925 -0.7630749703579903
v 1.901084938196619 2.00203925 -0.7975274301157028
v 1.8863764021812481 2.00203925 -0.8317199127823801
v 1.871052947316547 2.00203925 -0.8656412723311336
v 1.8551195687250257 2.00203925 -0.8992804511154878
v 1.8385814603514463 2.00203925 -0.9326264834739272
v 1.8214440132696994 2.00203925 -0.9656684993044826
v 1.803712813925431 2.00203925 -0.998395727608149
v 1.7853936423149799 2.00203925 -1.0307975000000003
v 1.7398770791428775 2.00203925 -1.0045185000000003
v 1.7214577706362046 2.00203925 -1.035766774561353
v 1.702477303269473 2.00203925 -1.066677411039206
v 1.6829418642739984 2.00203925 -1.0972403332191902
v 1.6628578217901253 2.00203925 -1.1274455782344444
v 1.6422317227913414 2.00203925 -1.15728329981331
v 1.6210702909501042 2.00203925 -1.186743771489004
v 1.5993804244460696 2.00203925 -1.2158173897702367
v 1.5771691937174257 2.00203925 -1.2444946772717533
v 1.5544438391560849 2.00203925 -1.2727662858037574
v 1.5312117687474611 2.00203925 -1.300622999419229
v 1.5074805556556328 2.00203925 -1.3280557374181199
v 1.4832579357546427 2.00203925 -1.3550555573074767
v 1.4585518051067716 2.00203925 -1.3816136577165048
v 1.4333702173885885 2.00203925 -1.4077213812656217
v 1.4077213812656213 2.00203925 -1.4333702173885896
v 1.3816136577165052 2.00203925 -1.4585518051067712
v 1.3550555573074774 2.00203925 -1.483257935754642
v 1.3280557374181192 2.00203925 -1.5074805556556332
v 1.3006229994192298 2.00203925 -1.5312117687474605
v 1.2727662858037578 2.00203925 -1.5544438391560844
v 1.2444946772717527 2.00203925 -1.5771691937174264
v 1.2158173897702373 2.00203925 -1.599380424446069
v 1.1867437714890048 2.00203925 -1.6210702909501038
v 1.1572832998133107 2.00203925 -1.6422317227913408
v 1.127445578234444 2.00203925 -1.662857821790126
v 1.097240333219191 2.00203925 -1.682941864273998
v 1.066677411039207 2.00203925 -1.7024773032694727
v 1.0357667745613524 2.00203925 -1.7214577706362055
v 1.004518500000001 2.00203925 -1.739877079142877
v 1.064756000000001 2.00203925 -1.8442114896638073
v 1.0312867865367767 2.00203925 -1.8631341664138548
v 0.997481395371491 2.00203925 -1.8814495007923393
v 0.9633508463473808 2.00203925 -1.8991515223872442
v 0.9289062653022765 2.00203925 -1.9162344607135573
v 0.8941588804418029 2.00203925 -1.932692747094339
v 0.8591200186792411 2.00203925 -1.9485210164759785
v 0.8238011019431811 2.00203925 -1.9637141091770973
v 0.7882136434542121 2.00203925 -1.9782670725704952
v 0.7523692439718656 2.00203925 -1.9921751626975985
v 0.7162795880130066 2.00203925 -2.005433845814894
v 0.6799564400429327 2.00203925 -2.0180387998718317
v 0.6434116406403929 2.00203925 -2.0299859159197235
v 0.6066571026378305 2.00203925 -2.041271299451171
v 0.5697048072380394 2.00203925 -2.051891271669595
v 0.5325668001085405 2.00203925 -2.061842370688446
v 0.4952551874549605 2.00203925 -2.071121352659701
v 0.4577821320746571 2.00203925 -2.0797251928312983
v 0.42015984939190715 2.00203925 -2.087651086533133
v 0.3824006034759316 2.00203925 -2.0948964500913267
v 0.3445167030430713 2.00203925 -2.1014589216704507
v 0.3065204974444116 2.00203925 -2.107336362043428
v 0.26842437264014135 2.00203925 -2.112526855288885
v 0.23024074716200474 2.00203925 -2.1170287094156945
v 0.19198206806511514 2.00203925 -2.1208404569145323
v 0.1536608068704815 2.00203925 -2.1239608552362523
v 0.11528945549955068 2.00203925 -2.126388887196934
v 0.0768805222021086 2.00203925 -2.1281237613094617
v 0.03844652747886079 2.00203925 -2.12916491204153
v -0.0 2.00203925 -2.129512
v -0.0 3.0030588750000002 -2.087255
v -0.037683613293978534 3.0030588750000002 -2.0869147994860997
v -0.07535494252625094 3.0030588750000002 -2.0858943088425796
v -0.11300170763945568 3.0030588750000002 -2.0841938607278276
v -0.15061163658361493 3.0030588750000002 -2.0818140094519983
v -0.1881724693165637 3.0030588750000002 -2.0787555307963235
v -0.2256719618004646 3.0030588750000002 -2.0750194217602225
v -0.26309788999310507 3.0030588750000002 -2.070606900236299
v -0.30043805383267747 3.0030588750000002 -2.0655194046133367
v -0.337680281214741 3.0030588750000002 -2.0597585933074134
v -0.37481243196007036 3.0030588750000002 -2.053326344221292
v -0.41182240177209867 3.0030588750000002 -2.046224754132268
v -0.44869812618266114 3.0030588750000002 -2.038456138008657
v -0.4854275844847573 3.0030588750000002 -2.0300230282551706
v -0.521998803651048 3.0030588750000002 -2.020928173887403
v -0.5583998622368088 3.0030588750000002 -2.011174539635711
v -0.5946188942660687 3.0030588750000002 -2.0007653049787715
v -0.6306440930996683 3.0030588750000002 -1.9897038631071449
v -0.6664637152839749 3.0030588750000002 -1.9779938198171603
v -0.7020660843789988 3.0030588750000002 -1.965638992335505
v -0.7374395947646677 3.0030588750000002 -1.9526434080748902
v -0.772572715424013 3.0030588750000002 -1.9390113033211969
v -0.807453993702037 3.0030588750000002 -1.9247471218525383
v -0.8420720590390378 3.0030588750000002 -1.9098555134906814
v -0.87641562667717 3.0030588750000002 -1.894341332585303
v -0.910473501339039 3.0030588750000002 -1.8782096364315755
v -0.9442345808771232 3.0030588750000002 -1.8614656836215926
v -0.9776878598928405 3.0030588750000002 -1.8441149323301835
v -1.0108224333240756 3.0030588750000002 -1.8261630385356598
v -1.0436275 3.0030588750000002 -1.807615854176088
v -1.013899 3.0030588750000002 -1.7561245817432773
v -1.0454390804758504 3.0030588750000002 -1.7375332681182856
v -1.0766383699008433 3.0030588750000002 -1.7183755553607178
v -1.1074866979658446 3.0030588750000002 -1.6986576884801452
v -1.1379740087677082 3.0030588750000002 -1.6783860950845464
v -1.168090364087288 3.0030588750000002 -1.657567383285044
v -1.1978259466290866 3.0030588750000002 -1.6362083395417997
v -1.2271710632214865 3.0030588750000002 -1.6143159264517732
v -1.2561161479765206 3.0030588750000002 -1.5918972804790603
v -1.284651765408147 3.0030588750000002 -1.568959709628559
v -1.3127686135080205 3.0030588750000002 -1.545510691063711
v -1.3404575267777494 3.0030588750000002 -1.5215578686691087
v -1.3677094792166542 3.0030588750000002 -1.4971090505587459
v -1.3945155872640542 3.0030588750000002 -1.472172206530741
v -1.42086711269512 3.0030588750000002 -1.4467554654693497
v -1.4467554654693497 3.0030588750000002 -1.4208671126951198
v -1.4721722065307408 3.0030588750000002 -1.394515587264054
v -1.497109050558746 3.0030588750000002 -1.367709479216654
v -1.5215578686691085 3.0030588750000002 -1.3404575267777494
v -1.5455106910637113 3.0030588750000002 -1.3127686135080208
v -1.5689597096285588 3.0030588750000002 -1.284651765408147
v -1.5918972804790603 3.0030588750000002 -1.2561161479765208
v -1.614315926451773 3.0030588750000002 -1.2271710632214867
v -1.6362083395418 3.0030588750000002 -1.1978259466290866
v -1.657567383285044 3.0030588750000002 -1.168090364087288
v -1.6783860950845466 3.0030588750000002 -1.1379740087677084
v -1.6986576884801456 3.0030588750000002 -1.1074866979658444
v -1.718375555360718 3.0030588750000002 -1.0766383699008433
v -1.7375332681182856 3.0030588750000002 -1.0454390804758502
v -1.7561245817432771 3.0030588750000002 -1.0138990000000003
v -1.7278869574274818 3.0030588750000002 -0.9975960000000003
v -1.7456160771836888 3.0030588750000002 -0.9662378733737512
v -1.7627761629823495 3.0030588750000002 -0.9345647736166958
v -1.7793616209980732 3.0030588750000002 -0.9025870254901238
v -1.795367044721986 3.0030588750000002 -0.8703150530642589
v -1.8107872167241363 3.0030588750000002 -0.8377593763202276
v -1.8256171103542693 3.0030588750000002 -0.8049306077207699
v -1.8398518913804063 3.0030588750000002 -0.7718394487508019
v -1.853486919564704 3.0030588750000002 -0.7384966864289544
v -1.8665177501760715 3.0030588750000002 -0.7049131897912364
v -1.8789401354390631 3.0030588750000002 -0.6710999063479565
v -1.8907500259185581 3.0030588750000002 -0.6370678585150661
v -1.901943571839795 3.0030588750000002 -0.6028281400210865
v -1.912517124343315 3.0030588750000002 -0.5683919122907866
v -1.9224672366744135 3.0030588750000002 -0.5337704008067935
v -1.9317906653067096 3.0030588750000002 -0.4989748914503221
v -1.9404843709994664 3.0030588750000002 -0.4640167268222197
v -1.948545519788319 3.0030588750000002 -0.42890730254551335
v -1.9559714839090903 3.0030588750000002 -0.3936580635506812
v -1.9627598426543806 3.0030588750000002 -0.35828050034484343
v -1.9689083831626728 3.0030588750000002 -0.32278614526610405
v -1.974415101139675 3.0030588750000002 -0.287186568724247
v -1.9792782015116805 3.0030588750000002 -0.25149337542903166
v -1.983496099010721 3.0030588750000002 -0.21571820060730096
v -1.9870674186913333 3.0030588750000002 -0.17987270621014353
v -1.9899909963787614 3.0030588750000002 -0.14396857711134284
v -1.9922658790484515 3.0030588750000002 -0.1080175172983561
v -1.9938913251367205 3.0030588750000002 -0.07203124605706361
v -1.9948668047824878 3.0030588750000002 -0.036021494151524176
v -1.995192 3.0030588750000002 -1.221702748242203e-16
v -2.134546 3.0030588750000002 -1.307032463266393e-16
v -2.1341980915527126 3.0030588750000002 0.038537412066186515
v -2.1331544796216533 3.0030588750000002 0.0770622617503079
v -2.131415504402261 3.0030588750000002 0.11556199076536854
v -2.1289817327637133 3.0030588750000002 0.15402404901318206
v -2.125853958064142 3.0030588750000002 0.19243589867543398
v -2.1220331998920097 3.0030588750000002 0.23078501830075113
v -2.1175207037337516 3.0030588750000002 0.2690589068864236
v -2.1123179405677694 3.0030588750000002 0.30724508795347316
v -2.1064266063849244 3.0030588750000002 0.3453311136137177
v -2.099848621635681 3.0030588750000002 0.3833045686275228
v -2.0925861306040785 3.0030588750000002 0.4211530744509063
v -2.084641500708743 3.0030588750000002 0.4588642932706806
v -2.076017321731155 3.0030588750000002 0.49642593202632196
v -2.066716404971439 3.0030588750000002 0.5338257464172464
v -2.056741782331937 3.0030588750000002 0.5710515448941942
v -2.046096705328873 3.0030588750000002 0.6080911926334156
v -2.034784644032427 3.0030588750000002 0.6449326154923694
v -2.022809285935566 3.0030588750000002 0.6815638039456351
v -2.010174534751999 3.0030588750000002 0.7179728169997697
v -1.9968845091436478 3.0030588750000002 0.7541477860858122
v -1.982943541378053 3.0030588750000002 0.7900769189281925
v -1.9683561759161425 3.0030588750000002 0.8257485033887609
v -1.953127167930837 3.0030588750000002 0.8611509112846979
v -1.9372614817569622 3.0030588750000002 0.8962726021790566
v -1.9207642892729797 3.0030588750000002 0.9311021271427018
v -1.9036409682150652 3.0030588750000002 0.9656281324864184
v -1.8858971004240803 3.0030588750000002 0.999839363461974
v -1.8675384700260094 3.0030588750000002 1.03372466793093
v -1.8485710615464586 3.0030588750000002 1.0672729999999995
v -1.7385815051388158 3.0030588750000002 1.0037704999999995
v -1.7201759123006584 3.0030588750000002 1.0349955059910145
v -1.7012095784611734 3.0030588750000002 1.06588312531579
v -1.681688686244448 3.0030588750000002 1.0964232892630574
v -1.6616195990488822 3.0030588750000002 1.1266060423846624
v -1.6410088589728562 3.0030588750000002 1.156421545740827
v -1.6198631846821445 3.0030588750000002 1.1858600801074386
v -1.5981894692197738 3.0030588750000002 1.214912049144306
v -1.5759947777590333 3.0030588750000002 1.2435679825233736
v -1.553286345300383 3.0030588750000002 1.2718185390158372
v -1.5300715743129905 3.0030588750000002 1.299654509537195
v -1.506358032321686 3.0030588750000002 1.3270668201492104
v -1.482153449440109 3.0030588750000002 1.3540465350178281
v -1.4574657158508542 3.0030588750000002 1.3805848593260597
v -1.4323028792334365 3.0030588750000002 1.4066731421409195
v -1.4066731421409198 3.0030588750000002 1.432302879233436
v -1.3805848593260601 3.0030588750000002 1.4574657158508542
v -1.3540465350178277 3.0030588750000002 1.4821534494401094
v -1.3270668201492108 3.0030588750000002 1.5063580323216859
v -1.2996545095371943 3.0030588750000002 1.5300715743129905
v -1.2718185390158374 3.0030588750000002 1.5532863453003825
v -1.243567982523374 3.0030588750000002 1.5759947777590333
v -1.2149120491443062 3.0030588750000002 1.5981894692197736
v -1.1858600801074382 3.0030588750000002 1.6198631846821447
v -1.1564215457408265 3.0030588750000002 1.6410088589728564
v -1.1266060423846627 3.0030588750000002 1.6616195990488818
v -1.0964232892630568 3.0030588750000002 1.6816886862444482
v -1.0658831253157897 3.0030588750000002 1.7012095784611734
v -1.0349955059910156 3.0030588750000002 1.7201759123006577
v -1.0037705 3.0030588750000002 1.7385815051388156
v -1.012112 3.0030588750000002 1.7530294069501515
v -0.9802975818829007 3.0030588750000002 1.7710165027832283
v -0.9481636074670919 3.0030588750000002 1.7884262846567058
v -0.915720551749266 3.0030588750000002 1.8052530773495497
v -0.8829789904800869 3.0030588750000002 1.8214913956828798
v -0.8499495967167247 3.0030588750000002 1.8371359463080232
v -0.8166431373436586 3.0030588750000002 1.8521816294320341
v -0.7830704695629005 3.0030588750000002 1.8666235404801197
v -0.7492425373547829 3.0030588750000002 1.8804569716944246
v -0.7151703679104439 3.0030588750000002 1.893677413668664
v -0.6808650680372044 3.0030588750000002 1.9062805568180914
v -0.6463378205379743 3.0030588750000002 1.9182622927843367
v -0.6115998805659025 3.0030588750000002 1.9296187157746407
v -0.5766625719554342 3.0030588750000002 1.94034612383506
v -0.5415372835309735 3.0030588750000002 1.9504410200572315
v -0.5062354653943765 3.0030588750000002 1.9599001137182832
v -0.47076862519245233 3.0030588750000002 1.9687203213535456
v -0.43514832436572043 3.0030588750000002 1.9768987677616945
v -0.39938617437961615 3.0030588750000002 1.9844327869420053
v -0.3634938329394065 3.0030588750000002 1.991319922963414
v -0.32748300019002446 3.0030588750000002 1.9975579307650981
v -0.2913654149020593 3.0030588750000002 2.0031447768883184
v -0.2551528506451792 3.0030588750000002 2.008078640139284
v -0.21885711195018448 3.0030588750000002 2.012357912182826
v -0.18249003046098866 3.0030588750000002 2.0159811980666746
v -0.14606346107774684 3.0030588750000002 2.01894731667619
v -0.10958927809240804 3.0030588750000002 2.0212553011193775
v -0.07307937131795479 3.0030588750000002 2.022904399042073
v -0.036545642212566565 3.0030588750000002 2.0238940728732
v -2.4789594423572516e-16 3.0030588750000002 2.024224
v -2.5715488636067877e-16 3.0030588750000002 2.099829
v 0.037910626166655616 3.0030588750000002 2.09948675005694
v 0.07580889427020363 3.0030588750000002 2.09846011179401
v 0.11368245027600804 3.0030588750000002 2.096749419873592
v 0.151518948205052 3.0030588750000002 2.094355231945105
v 0.1893060541584668 3.0030588750000002 2.0912783284632277
v 0.22703145033812705 3.0030588750000002 2.087519712433482
v 0.2646828390619887 3.0030588750000002 2.0830806090852763
v 0.3022479467728756 3.0030588750000002 2.0779624654725075
v 0.3397145280393958 3.0030588750000002 2.0721669500018507
v 0.37707036954769846 3.0030588750000002 2.0656959518888938
v 0.41430329408275673 3.0030588750000002 2.0585515805422943
v 0.45140116449787443 3.0030588750000002 2.050736164876156
v 0.48835188767114845 3.0030588750000002 2.0422522525508513
v 0.5251434184475667 3.0030588750000002 2.0331026091425404
v 0.5617637635654757 3.0030588750000002 2.023290217241647
v 0.5982009855661266 3.0030588750000002 2.0128182754806048
v 0.6344432066850396 3.0030588750000002 2.0016901974911616
v 0.6704786127239049 3.0030588750000002 1.989909610791613
v 0.7062954569017531 3.0030588750000002 1.977480355604309
v 0.7418820636841676 3.0030588750000002 1.964406483603819
v 0.7772268325892566 3.0030588750000002 1.9506922565961735
v 0.8123182419691679 3.0030588750000002 1.9363421451296052
v 0.8471448527658979 3.0030588750000002 1.9213608270372449
v 0.8816953122401888 3.0030588750000002 1.9057531859122459
v 0.9159583576722793 3.0030588750000002 1.8895243095158374
v 0.9499228200333109 3.0030588750000002 1.8726794881188191
v 0.9835776276262003 3.0030588750000002 1.8552242127770477
v 1.0169118096947714 3.0030588750000002 1.8371641735414683
v 1.0499145000000003 3.0030588750000002 1.8185052576032739
v 1.0359505000000002 3.0030588750000002 1.794318900126382
v 1.0681765522389286 3.0030588750000002 1.7753232401588042
v 1.1000544014916305 3.0030588750000002 1.7557488623262412
v 1.1315736562528078 3.0030588750000002 1.735602147462273
v 1.1627240419113853 3.0030588750000002 1.71488966297026
v 1.193495404099825 3.0030588750000002 1.6936181606825063
v 1.2238777120042286 3.0030588750000002 1.6717945746593077
v 1.253861061634177 3.0030588750000002 1.6494260189285894
v 1.2834356790512176 3.0030588750000002 1.626519785166888
v 1.3125919235549621 3.0030588750000002 1.603083340322419
v 1.3413202908257533 3.0030588750000002 1.5791243241810053
v 1.3696114160228705 3.0030588750000002 1.5546505468756724
v 1.3974560768372715 3.0030588750000002 1.5296699863407082
v 1.4248451964978661 3.0030588750000002 1.5041907857110273
v 1.4517698467303601 3.0030588750000002 1.4782212506676757
v 1.4782212506676753 3.0030588750000002 1.4517698467303604
v 1.5041907857110264 3.0030588750000002 1.4248451964978663
v 1.5296699863407082 3.0030588750000002 1.3974560768372712
v 1.5546505468756722 3.0030588750000002 1.369611416022871
v 1.5791243241810053 3.0030588750000002 1.341320290825753
v 1.6030833403224183 3.0030588750000002 1.3125919235549626
v 1.626519785166888 3.0030588750000002 1.2834356790512174
v 1.6494260189285885 3.0030588750000002 1.253861061634178
v 1.6717945746593075 3.0030588750000002 1.2238777120042288
v 1.693618160682507 3.0030588750000002 1.193495404099824
v 1.7148896629702595 3.0030588750000002 1.1627240419113858
v 1.735602147462273 3.0030588750000002 1.1315736562528074
v 1.7557488623262414 3.0030588750000002 1.1000544014916303
v 1.7753232401588044 3.0030588750000002 1.0681765522389286
v 1.794318900126382 3.0030588750000002 1.0359505000000009
v 1.7701264804716637 3.0030588750000002 1.021983000000001
v 1.7882890021696338 3.0030588750000002 0.9898582998970792
v 1.8058685794381593 3.0030588750000002 0.9574109269033884
v 1.822859481706496 3.0030588750000002 0.9246514581769314
v 1.8392561702995094 3.0030588750000002 0.8915905726123305
v 1.855053300243168 3.0030588750000002 0.8582390473597269
v 1.870245722006892 3.0030588750000002 0.8246077543116609
v 1.8848284831821915 3.0030588750000002 0.7907076565590596
v 1.898796830097048 3.0030588750000002 0.7565498048175036
v 1.9121462093655073 3.0030588750000002 0.7221453338249317
v 1.9248722693719902 3.0030588750000002 0.6875054587119475
v 1.9369708616898282 3.0030588750000002 0.6526414713459182
v 1.94843804243356 3.0030588750000002 0.6175647366500763
v 1.9592700735445552 3.0030588750000002 0.5822866888987879
v 1.9694634240095459 3.0030588750000002 0.5468188279902184
v 1.979014771011659 3.0030588750000002 0.5111727156976119
v 1.9879210010135842 3.0030588750000002 0.47535997190040047
v 1.9961792107725236 3.0030588750000002 0.43939227079636484
v 2.003786708286585 3.0030588750000002 0.40328133709609465
v 2.01074101367232 3.0030588750000002 0.36703894220097644
v 2.017039859973113 3.0030588750000002 0.33067690036596836
v 2.0226811938981597 3.0030588750000002 0.2942070648484085
v 2.027663176491798 3.0030588750000002 0.2576413240440903
v 2.031984183732968 3.0030588750000002 0.22099159761191012
v 2.0356428070646087 3.0030588750000002 0.18426983258830232
v 2.038637853852818 3.0030588750000002 0.14748799949276187
v 2.0409683477756264 3.0030588750000002 0.11065808842570239
v 2.042633529141257 3.0030588750000002 0.07379210515994034
v 2.0436328551357676 3.0030588750000002 0.03690206722707217
v 2.043966 3.0030588750000002 3.754704629199029e-16
v 2.061595 3.0030588750000002 3.787088576832282e-16
v 2.0612589817950115 3.0030588750000002 -0.03722034382420956
v 2.060251036714881 3.0030588750000002 -0.07442855460277194
v 2.0585714933284076 3.0030588750000002 -0.11161250324515398
v 2.056220899131248 3.0030588750000002 -0.14876006856977017
v 2.0532000203674436 3.0030588750000002 -0.18585914125522798
v 2.049509841779642 3.0030588750000002 -0.222897627787705
v 2.045151566288093 3.0030588750000002 -0.25986345440319203
v 2.040126614598519 3.0030588750000002 -0.29674457102327195
v 2.0344366247389973 3.0030588750000002 -0.3335289551831981
v 2.0280834515259976 3.0030588750000002 -0.37020461595096027
v 2.021069165959748 3.0030588750000002 -0.4067595978360803
v 2.0133960545491365 3.0030588750000002 -0.44318198468684594
v 2.0050666185663557 3.0030588750000002 -0.4794599035747193
v 1.9960835732315418 3.0030588750000002 -0.5155815286646728
v 1.9864498468276675 3.0030588750000002 -0.5515350850701494
v 1.9761685797459871 3.0030588750000002 -0.5873088526914335
v 1.9652431234623342 3.0030588750000002 -0.6228911700361532
v 1.9536770394446095 3.0030588750000002 -0.6582704380206864
v 1.94147409799182 3.0030588750000002 -0.693435123751205
v 1.9286382770050399 3.0030588750000002 -0.7283737642831674
v 1.9151737606906984 3.0030588750000002 -0.7630749703579903
v 1.901084938196619 3.0030588750000002 -0.7975274301157028
v 1.8863764021812481 3.0030588750000002 -0.8317199127823801
v 1.871052947316547 3.0030588750000002 -0.8656412723311336
v 1.8551195687250257 3.0030588750000002 -0.8992804511154878
v 1.8385814603514463 3.0030588750000002 -0.9326264834739272
v 1.8214440132696994 3.0030588750000002 -0.9656684993044826
v 1.803712813925431 3.0030588750000002 -0.998395727608149
v 1.7853936423149799 3.0030588750000002 -1.0307975000000003
v 1.7398770791428775 3.0030588750000002 -1.0045185000000003
v 1.7214577706362046 3.0030588750000002 -1.035766774561353
v 1.702477303269473 3.0030588750000002 -1.066677411039206
v 1.6829418642739984 3.0030588750000002 -1.0972403332191902
v 1.6628578217901253 3.0030588750000002 -1.1274455782344444
v 1.6422317227913414 3.0030588750000002 -1.15728329981331
v 1.6210702909501042 3.0030588750000002 -1.186743771489004
v 1.5993804244460696 3.0030588750000002 -1.2158173897702367
v 1.5771691937174257 3.0030588750000002 -1.2444946772717533
v 1.5544438391560849 3.0030588750000002 -1.2727662858037574
v 1.5312117687474611 3.0030588750000002 -1.300622999419229
v 1.5074805556556328 3.0030588750000002 -1.3280557374181199
v 1.4832579357546427 3.0030588750000002 -1.3550555573074767
v 1.4585518051067716 3.0030588750000002 -1.3816136577165048
v 1.4333702173885885 3.0030588750000002 -1.4077213812656217
v 1.4077213812656213 3.0030588750000002 -1.4333702173885896
v 1.3816136577165052 3.0030588750000002 -1.4585518051067712
v 1.3550555573074774 3.0030588750000002 -1.483257935754642
v 1.3280557374181192 3.0030588750000002 -1.5074805556556332
v 1.3006229994192298 3.0030588750000002 -1.5312117687474605
v 1.2727662858037578 3.0030588750000002 -1.5544438391560844
v 1.2444946772717527 3.0030588750000002 -1.5771691937174264
v 1.2158173897702373 3.0030588750000002 -1.599380424446069
v 1.1867437714890048 3.0030588750000002 -1.6210702909501038
v 1.1572832998133107 3.0030588750000002 -1.6422317227913408
v 1.127445578234444 3.0030588750000002 -1.662857821790126
v 1.097240333219191 3.0030588750000002 -1.682941864273998
v 1.066677411039207 3.0030588750000002 -1.7024773032694727
v 1.0357667745613524 3.0030588750000002 -1.7214577706362055
v 1.004518500000001 3.0030588750000002 -1.739877079142877
v 1.064756000000001 3.0030588750000002 -1.8442114896638073
v 1.0312867865367767 3.0030588750000002 -1.8631341664138548
v 0.997481395371491 3.0030588750000002 -1.8814495007923393
v 0.9633508463473808 3.0030588750000002 -1.8991515223872442
v 0.9289062653022765 3.0030588750000002 -1.9162344607135573
v 0.8941588804418029 3.0030588750000002 -1.932692747094339
v 0.8591200186792411 3.0030588750000002 -1.9485210164759785
v 0.8238011019431811 3.0030588750000002 -1.9637141091770973
v 0.7882136434542121 3.0030588750000002 -1.9782670725704952
v 0.7523692439718656 3.0030588750000002 -1.9921751626975985
v 0.7162795880130066 3.0030588750000002 -2.005433845814894
v 0.6799564400429327 3.0030588750000002 -2.0180387998718317
v 0.6434116406403929 3.0030588750000002 -2.0299859159197235
v 0.6066571026378305 3.0030588750000002 -2.041271299451171
v 0.5697048072380394 3.0030588750000002 -2.051891271669595
v 0.5325668001085405 3.0030588750000002 -2.061842370688446
v 0.4952551874549605 3.0030588750000002 -2.071121352659701
v 0.4577821320746571 3.0030588750000002 -2.0797251928312983
v 0.42015984939190715 3.0030588750000002 -2.087651086533133
v 0.3824006034759316 3.0030588750000002 -2.0948964500913267
v 0.3445167030430713 3.0030588750000002 -2.1014589216704507
v 0.3065204974444116 3.0030588750000002 -2.107336362043428
v 0.26842437264014135 3.0030588750000002 -2.112526855288885
v 0.23024074716200474 3.0030588750000002 -2.1170287094156945
v 0.19198206806511514 3.0030588750000002 -2.1208404569145323
v 0.1536608068704815 3.0030588750000002 -2.1239608552362523
v 0.11528945549955068 3.0030588750000002 -2.126388887196934
v 0.0768805222021086 3.0030588750000002 -2.1281237613094617
v 0.03844652747886079 3.0030588750000002 -2.12916491204153
v -0.0 3.0030588750000002 -2.129512
v -0.0 2.00203925 -2.087255
v -0.037683613293978534 2.00203925 -2.0869147994860997
v -0.07535494252625094 2.00203925 -2.0858943088425796
v -0.11300170763945568 2.00203925 -2.0841938607278276
v -0.15061163658361493 2.00203925 -2.0818140094519983
v -0.1881724693165637 2.00203925 -2.0787555307963235
v -0.2256719618004646 2.00203925 -2.0750194217602225
v -0.26309788999310507 2.00203925 -2.070606900236299
v -0.30043805383267747 2.00203925 -2.0655194046133367
v -0.337680281214741 2.00203925 -2.0597585933074134
v -0.37481243196007036 2.00203925 -2.053326344221292
v -0.41182240177209867 2.00203925 -2.046224754132268
v -0.44869812618266114 2.00203925 -2.038456138008657
v -0.4854275844847573 2.00203925 -2.0300230282551706
v -0.521998803651048 2.00203925 -2.020928173887403
v -0.5583998622368088 2.00203925 -2.011174539635711
v -0.5946188942660687 2.00203925 -2.0007653049787715
v -0.6306440930996683 2.00203925 -1.9897038631071449
v -0.6664637152839749 2.00203925 -1.9779938198171603
v -0.7020660843789988 2.00203925 -1.965638992335505
v -0.7374395947646677 2.00203925 -1.9526434080748902
v -0.772572715424013 2.00203925 -1.9390113033211969
v -0.807453993702037 2.00203925 -1.9247471218525383
v -0.8420720590390378 2.00203925 -1.9098555134906814
v -0.87641562667717 2.00203925 -1.894341332585303
v -0.910473501339039 2.00203925 -1.8782096364315755
v -0.9442345808771232 2.00203925 -1.8614656836215926
v -0.9776878598928405 2.00203925 -1.8441149323301835
v -1.0108224333240756 2.00203925 -1.8261630385356598
v -1.0436275 2.00203925 -1.807615854176088
v -1.013899 2.00203925 -1.7561245817432773
v -1.0454390804758504 2.00203925 -1.7375332681182856
v -1.0766383699008433 2.00203925 -1.7183755553607178
v -1.1074866979658446 2.00203925 -1.6986576884801452
v -1.1379740087677082 2.00203925 -1.6783860950845464
v -1.168090364087288 2.00203925 -1.657567383285044
v -1.1978259466290866 2.00203925 -1.6362083395417997
v -1.2271710632214865 2.00203925 -1.6143159264517732
v -1.2561161479765206 2.00203925 -1.5918972804790603
v -1.284651765408147 2.00203925 -1.568959709628559
v -1.3127686135080205 2.00203925 -1.545510691063711
v -1.3404575267777494 2.00203925 -1.5215578686691087
v -1.3677094792166542 2.00203925 -1.4971090505587459
v -1.3945155872640542 2.00203925 -1.472172206530741
v -1.42086711269512 2.00203925 -1.4467554654693497
v -1.4467554654693497 2.00203925 -1.4208671126951198
v -1.4721722065307408 2.00203925 -1.394515587264054
v -1.497109050558746 2.00203925 -1.367709479216654
v -1.5215578686691085 2.00203925 -1.3404575267777494
v -1.5455106910637113 2.00203925 -1.3127686135080208
v -1.5689597096285588 2.00203925 -1.284651765408147
v -1.5918972804790603 2.00203925 -1.2561161479765208
v -1.614315926451773 2.00203925 -1.2271710632214867
v -1.6362083395418 2.00203925 -1.1978259466290866
v -1.657567383285044 2.00203925 -1.168090364087288
v -1.6783860950845466 2.00203925 -1.1379740087677084
v -1.6986576884801456 2.00203925 -1.1074866979658444
v -1.718375555360718 2.00203925 -1.0766383699008433
v -1.7375332681182856 2.00203925 -1.0454390804758502
v -1.7561245817432771 2.00203925 -1.0138990000000003
v -1.7278869574274818 2.00203925 -0.9975960000000003
v -1.7456160771836888 2.00203925 -0.9662378733737512
v -1.7627761629823495 2.00203925 -0.9345647736166958
v -1.7793616209980732 2.00203925 -0.9025870254901238
v -1.795367044721986 2.00203925 -0.8703150530642589
v -1.8107872167241363 2.00203925 -0.8377593763202276
v -1.8256171103542693 2.00203925 -0.8049306077207699
v -1.8398518913804063 2.00203925 -0.7718394487508019
v -1.853486919564704 2.00203925 -0.7384966864289544
v -1.8665177501760715 2.00203925 -0.7049131897912364
v -1.8789401354390631 2.00203925 -0.6710999063479565
v -1.8907500259185581 2.00203925 -0.6370678585150661
v -1.901943571839795 2.00203925 -0.6028281400210865
v -1.912517124343315 2.00203925 -0.5683919122907866
v -1.9224672366744135 2.00203925 -0.5337704008067935
v -1.9317906653067096 2.00203925 -0.4989748914503221
v -1.9404843709994664 2.00203925 -0.4640167268222197
v -1.948545519788319 2.00203925 -0.42890730254551335
v -1.9559714839090903 2.00203925 -0.3936580635506812
v -1.9627598426543806 2.00203925 -0.35828050034484343
v -1.9689083831626728 2.00203925 -0.32278614526610405
v -1.974415101139675 2.00203925 -0.287186568724247
v -1.9792782015116805 2.00203925 -0.25149337542903166
v -1.983496099010721 2.00203925 -0.21571820060730096
v -1.9870674186913333 2.00203925 -0.17987270621014353
v -1.9899909963787614 2.00203925 -0.14396857711134284
v -1.9922658790484515 2.00203925 -0.1080175172983561
v -1.9938913251367205 2.00203925 -0.07203124605706361
v -1.9948668047824878 2.00203925 -0.036021494151524176
v -1.995192 2.00203925 -1.221702748242203e-16
v -2.134546 2.00203925 -1.307032463266393e-16
v -2.1341980915527126 2.00203925 0.038537412066186515
v -2.1331544796216533 2.00203925 0.0770622617503079
v -2.131415504402261 2.00203925 0.11556199076536854
v -2.1289817327637133 2.00203925 0.15402404901318206
v -2.125853958064142 2.00203925 0.19243589867543398
v -2.1220331998920097 2.00203925 0.23078501830075113
v -2.1175207037337516 2.00203925 0.2690589068864236
v -2.1123179405677694 2.00203925 0.30724508795347316
v -2.1064266063849244 2.00203925 0.3453311136137177
v -2.099848621635681 2.00203925 0.3833045686275228
v -2.0925861306040785 2.00203925 0.4211530744509063
v -2.084641500708743 2.00203925 0.4588642932706806
v -2.076017321731155 2.00203925 0.49642593202632196
v -2.066716404971439 2.00203925 0.5338257464172464
v -2.056741782331937 2.00203925 0.5710515448941942
v -2.046096705328873 2.00203925 0.6080911926334156
v -2.034784644032427 2.00203925 0.6449326154923694
v -2.022809285935566 2.00203925 0.6815638039456351
v -2.010174534751999 2.00203925 0.7179728169997697
v -1.9968845091436478 2.00203925 0.7541477860858122
v -1.982943541378053 2.00203925 0.7900769189281925
v -1.9683561759161425 2.00203925 0.8257485033887609
v -1.953127167930837 2.00203925 0.8611509112846979
v -1.9372614817569622 2.00203925 0.8962726021790566
v -1.9207642892729797 2.00203925 0.9311021271427018
v -1.9036409682150652 2.00203925 0.9656281324864184
v -1.8858971004240803 2.00203925 0.999839363461974
v -1.8675384700260094 2.00203925 1.03372466793093
v -1.8485710615464586 2.00203925 1.0672729999999995
v -1.7385815051388158 2.00203925 1.0037704999999995
v -1.7201759123006584 2.00203925 1.0349955059910145
v -1.7012095784611734 2.00203925 1.06588312531579
v -1.681688686244448 2.00203925 1.0964232892630574
v -1.6616195990488822 2.00203925 1.1266060423846624
v -1.6410088589728562 2.00203925 1.156421545740827
v -1.6198631846821445 2.00203925 1.1858600801074386
v -1.5981894692197738 2.00203925 1.214912049144306
v -1.5759947777590333 2.00203925 1.2435679825233736
v -1.553286345300383 2.00203925 1.2718185390158372
v -1.5300715743129905 2.00203925 1.299654509537195
v -1.506358032321686 2.00203925 1.3270668201492104
v -1.482153449440109 2.00203925 1.3540465350178281
v -1.4574657158508542 2.00203925 1.3805848593260597
v -1.4323028792334365 2.00203925 1.4066731421409195
v -1.4066731421409198 2.00203925 1.432302879233436
v -1.3805848593260601 2.00203925 1.4574657158508542
v -1.3540465350178277 2.00203925 1.4821534494401094
v -1.3270668201492108 2.00203925 1.5063580323216859
v -1.2996545095371943 2.00203925 1.5300715743129905
v -1.2718185390158374 2.00203925 1.5532863453003825
v -1.243567982523374 2.00203925 1.5759947777590333
v -1.2149120491443062 2.00203925 1.5981894692197736
v -1.1858600801074382 2.00203925 1.6198631846821447
v -1.1564215457408265 2.00203925 1.6410088589728564
v -1.1266060423846627 2.00203925 1.6616195990488818
v -1.0964232892630568 2.00203925 1.6816886862444482
v -1.0658831253157897 2.00203925 1.7012095784611734
v -1.0349955059910156 2.00203925 1.7201759123006577
v -1.0037705 2.00203925 1.7385815051388156
v -1.012112 2.00203925 1.7530294069501515
v -0.9802975818829007 2.00203925 1.7710165027832283
v -0.9481636074670919 2.00203925 1.7884262846567058
v -0.915720551749266 2.00203925 1.8052530773495497
v -0.8829789904800869 2.00203925 1.8214913956828798
v -0.8499495967167247 2.00203925 1.8371359463080232
v -0.8166431373436586 2.00203925 1.8521816294320341
v -0.7830704695629005 2.00203925 1.8666235404801197
v -0.7492425373547829 2.00203925 1.8804569716944246
v -0.7151703679104439 2.00203925 1.893677413668664
v -0.6808650680372044 2.00203925 1.9062805568180914
v -0.6463378205379743 2.00203925 1.9182622927843367
v -0.6115998805659025 2.00203925 1.9296187157746407
v -0.5766625719554342 2.00203925 1.94034612383506
v -0.5415372835309735 2.00203925 1.9504410200572315
v -0.5062354653943765 2.00203925 1.9599001137182832
v -0.47076862519245233 2.00203925 1.9687203213535456
v -0.43514832436572043 2.00203925 1.9768987677616945
v -0.39938617437961615 2.00203925 1.9844327869420053
v -0.3634938329394065 2.00203925 1.991319922963414
v -0.32748300019002446 2.00203925 1.9975579307650981
v -0.2913654149020593 2.00203925 2.0031447768883184
v -0.2551528506451792 2.00203925 2.008078640139284
v -0.21885711195018448 2.00203925 2.012357912182826
v -0.18249003046098866 2.00203925 2.0159811980666746
v -0.14606346107774684 2.00203925 2.01894731667619
v -0.10958927809240804 2.00203925 2.0212553011193775
v -0.07307937131795479 2.00203925 2.022904399042073
v -0.036545642212566565 2.00203925 2.0238940728732
v -2.4789594423572516e-16 2.00203925 2.024224
v -2.5715488636067877e-16 2.00203925 2.099829
v 0.037910626166655616 2.00203925 2.09948675005694
v 0.07580889427020363 2.00203925 2.09846011179401
v 0.11368245027600804 2.00203925 2.096749419873592
v 0.151518948205052 2.00203925 2.094355231945105
v 0.1893060541584668 2.00203925 2.0912783284632277
v 0.22703145033812705 2.00203925 2.087519712433482
v 0.2646828390619887 2.00203925 2.0830806090852763
v 0.3022479467728756 2.00203925 2.0779624654725075
v 0.3397145280393958 2.00203925 2.0721669500018507
v 0.37707036954769846 2.00203925 2.0656959518888938
v 0.41430329408275673 2.00203925 2.0585515805422943
v 0.45140116449787443 2.00203925 2.050736164876156
v 0.48835188767114845 2.00203925 2.0422522525508513
v 0.5251434184475667 2.00203925 2.0331026091425404
v 0.5617637635654757 2.00203925 2.023290217241647
v 0.5982009855661266 2.00203925 2.0128182754806048
v 0.6344432066850396 2.00203925 2.0016901974911616
v 0.6704786127239049 2.00203925 1.989909610791613
v 0.7062954569017531 2.00203925 1.977480355604309
v 0.7418820636841676 2.00203925 1.964406483603819
v 0.7772268325892566 2.00203925 1.9506922565961735
v 0.8123182419691679 2.00203925 1.9363421451296052
v 0.8471448527658979 2.00203925 1.9213608270372449
v 0.8816953122401888 2.00203925 1.9057531859122459
v 0.9159583576722793 2.00203925 1.8895243095158374
v 0.9499228200333109 2.00203925 1.8726794881188191
v 0.9835776276262003 2.00203925 1.8552242127770477
v 1.0169118096947714 2.00203925 1.8371641735414683
v 1.0499145000000003 2.00203925 1.8185052576032739
v 1.0359505000000002 2.00203925 1.794318900126382
v 1.0681765522389286 2.00203925 1.7753232401588042
v 1.1000544014916305 2.00203925 1.7557488623262412
v 1.1315736562528078 2.00203925 1.735602147462273
v 1.1627240419113853 2.00203925 1.71488966297026
v 1.193495404099825 2.00203925 1.6936181606825063
v 1.2238777120042286 2.00203925 1.6717945746593077
v 1.253861061634177 2.00203925 1.6494260189285894
v 1.2834356790512176 2.00203925 1.626519785166888
v 1.3125919235549621 2.00203925 1.603083340322419
v 1.3413202908257533 2.00203925 1.5791243241810053
v 1.3696114160228705 2.00203925 1.5546505468756724
v 1.3974560768372715 2.00203925 1.5296699863407082
v 1.4248451964978661 2.00203925 1.5041907857110273
v 1.4517698467303601 2.00203925 1.4782212506676757
v 1.4782212506676753 2.00203925 1.4517698467303604
v 1.5041907857110264 2.00203925 1.4248451964978663
v 1.5296699863407082 2.00203925 1.3974560768372712
v 1.5546505468756722 2.00203925 1.369611416022871
v 1.5791243241810053 2.00203925 1.341320290825753
v 1.6030833403224183 2.00203925 1.3125919235549626
v 1.626519785166888 2.00203925 1.2834356790512174
v 1.6494260189285885 2.00203925 1.253861061634178
v 1.6717945746593075 2.00203925 1.2238777120042288
v 1.693618160682507 2.00203925 1.193495404099824
v 1.7148896629702595 2.00203925 1.1627240419113858
v 1.735602147462273 2.00203925 1.1315736562528074
v 1.7557488623262414 2.00203925 1.1000544014916303
v 1.7753232401588044 2.00203925 1.0681765522389286
v 1.794318900126382 2.00203925 1.0359505000000009
v 1.7701264804716637 2.00203925 1.021983000000001
v 1.7882890021696338 2.00203925 0.9898582998970792
v 1.8058685794381593 2.00203925 0.9574109269033884
v 1.822859481706496 2.00203925 0.9246514581769314
v 1.8392561702995094 2.00203925 0.8915905726123305
v 1.855053300243168 2.00203925 0.8582390473597269
v 1.870245722006892 2.00203925 0.8246077543116609
v 1.8848284831821915 2.00203925 0.7907076565590596
v 1.898796830097048 2.00203925 0.7565498048175036
v 1.9121462093655073 2.00203925 0.7221453338249317
v 1.9248722693719902 2.00203925 0.6875054587119475
v 1.9369708616898282 2.00203925 0.6526414713459182
v 1.94843804243356 2.00203925 0.6175647366500763
v 1.9592700735445552 2.00203925 0.5822866888987879
v 1.9694634240095459 2.00203925 0.5468188279902184
v 1.979014771011659 2.00203925 0.5111727156976119
v 1.9879210010135842 2.00203925 0.47535997190040047
v 1.9961792107725236 2.00203925 0.43939227079636484
v 2.003786708286585 2.00203925 0.40328133709609465
v 2.01074101367232 2.00203925 0.36703894220097644
v 2.017039859973113 2.00203925 0.33067690036596836
v 2.0226811938981597 2.00203925 0.2942070648484085
v 2.027663176491798 2.00203925 0.2576413240440903
v 2.031984183732968 2.00203925 0.22099159761191012
v 2.0356428070646087 2.00203925 0.18426983258830232
v 2.038637853852818 2.00203925 0.14748799949276187
v 2.0409683477756264 2.00203925 0.11065808842570239
v 2.042633529141257 2.00203925 0.07379210515994034
v 2.0436328551357676 2.00203925 0.03690206722707217
v 2.043966 2.00203925 3.754704629199029e-16
v 2.061595 2.00203925 3.787088576832282e-16
v 2.0612589817950115 2.00203925 -0.03722034382420956
v 2.060251036714881 2.00203925 -0.07442855460277194
v 2.0585714933284076 2.00203925 -0.11161250324515398
v 2.056220899131248 2.00203925 -0.14876006856977017
v 2.0532000203674436 2.00203925 -0.18585914125522798
v 2.049509841779642 2.00203925 -0.222897627787705
v 2.045151566288093 2.00203925 -0.25986345440319203
v 2.040126614598519 2.00203925 -0.29674457102327195
v 2.0344366247389973 2.00203925 -0.3335289551831981
v 2.0280834515259976 2.00203925 -0.37020461595096027
v 2.021069165959748 2.00203925 -0.4067595978360803
v 2.0133960545491365 2.00203925 -0.44318198468684594
v 2.0050666185663557 2.00203925 -0.4794599035747193
v 1.9960835732315418 2.00203925 -0.5155815286646728
v 1.9864498468276675 2.00203925 -0.5515350850701494
v 1.9761685797459871 2.00203925 -0.5873088526914335
v 1.9652431234623342 2.00203925 -0.6228911700361532
v 1.9536770394446095 2.00203925 -0.6582704380206864
v 1.94147409799182 2.00203925 -0.693435123751205
v 1.9286382770050399 2.00203925 -0.7283737642831674
v 1.9151737606906984 2.00203925 -0.7630749703579903
v 1.901084938196619 2.00203925 -0.7975274301157028
v 1.8863764021812481 2.00203925 -0.8317199127823801
v 1.871052947316547 2.00203925 -0.8656412723311336
v 1.8551195687250257 2.00203925 -0.8992804511154878
v 1.8385814603514463 2.00203925 -0.9326264834739272
v 1.8214440132696994 2.00203925 -0.9656684993044826
v 1.803712813925431 2.00203925 -0.998395727608149
v 1.7853936423149799 2.00203925 -1.0307975000000003
v 1.7398770791428775 2.00203925 -1.0045185000000003
v 1.7214577706362046 2.00203925 -1.035766774561353
v 1.702477303269473 2.00203925 -1.066677411039206
v 1.6829418642739984 2.00203925 -1.0972403332191902
v 1.6628578217901253 2.00203925 -1.1274455782344444
v 1.6422317227913414 2.00203925 -1.15728329981331
v 1.6210702909501042 2.00203925 -1.186743771489004
v 1.5993804244460696 2.00203925 -1.2158173897702367
v 1.5771691937174257 2.00203925 -1.2444946772717533
v 1.5544438391560849 2.00203925 -1.2727662858037574
v 1.5312117687474611 2.00203925 -1.300622999419229
v 1.5074805556556328 2.00203925 -1.3280557374181199
v 1.4832579357546427 2.00203925 -1.3550555573074767
v 1.4585518051067716 2.00203925 -1.3816136577165048
v 1.4333702173885885 2.00203925 -1.4077213812656217
v 1.4077213812656213 2.00203925 -1.4333702173885896
v 1.3816136577165052 2.00203925 -1.4585518051067712
v 1.3550555573074774 2.00203925 -1.483257935754642
v 1.3280557374181192 2.00203925 -1.5074805556556332
v 1.3006229994192298 2.00203925 -1.5312117687474605
v 1.2727662858037578 2.00203925 -1.5544438391560844
v 1.2444946772717527 2.00203925 -1.5771691937174264
v 1.2158173897702373 2.00203925 -1.599380424446069
v 1.1867437714890048 2.00203925 -1.6210702909501038
v 1.1572832998133107 2.00203925 -1.6422317227913408
v 1.127445578234444 2.00203925 -1.662857821790126
v 1.097240333219191 2.00203925 -1.682941864273998
v 1.066677411039207 2.00203925 -1.7024773032694727
v 1.0357667745613524 2.00203925 -1.7214577706362055
v 1.004518500000001 2.00203925 -1.739877079142877
v 1.064756000000001 2.00203925 -1.8442114896638073
v 1.0312867865367767 2.00203925 -1.8631341664138548
v 0.997481395371491 2.00203925 -1.8814495007923393
v 0.9633508463473808 2.00203925 -1.8991515223872442
v 0.9289062653022765 2.00203925 -1.9162344607135573
v 0.8941588804418029 2.00203925 -1.932692747094339
v 0.8591200186792411 2.00203925 -1.9485210164759785
v 0.8238011019431811 2.00203925 -1.9637141091770973
v 0.7882136434542121 2.00203925 -1.9782670725704952
v 0.7523692439718656 2.00203925 -1.9921751626975985
v 0.7162795880130066 2.00203925 -2.005433845814894
v 0.6799564400429327 2.00203925 -2.0180387998718317
v 0.6434116406403929 2.00203925 -2.0299859159197235
v 0.6066571026378305 2.00203925 -2.041271299451171
v 0.5697048072380394 2.00203925 -2.051891271669595
v 0.5325668001085405 2.00203925 -2.061842370688446
v 0.4952551874549605 2.00203925 -2.071121352659701
v 0.4577821320746571 2.00203925 -2.0797251928312983
v 0.42015984939190715 2.00203925 -2.087651086533133
v 0.3824006034759316 2.00203925 -2.0948964500913267
v 0.3445167030430713 2.00203925 -2.1014589216704507
v 0.3065204974444116 2.00203925 -2.107336362043428
v 0.26842437264014135 2.00203925 -2.112526855288885
v 0.23024074716200474 2.00203925 -2.1170287094156945
v 0.19198206806511514 2.00203925 -2.1208404569145323
v 0.1536608068704815 2.00203925 -2.1239608552362523
v 0.11528945549955068 2.00203925 -2.126388887196934
v 0.0768805222021086 2.00203925 -2.1281237613094617
v 0.03844652747886079 2.00203925 -2.12916491204153
v -0.0 2.00203925 -2.129512
v -0.0 3.0030588750000002 -2.087255
v -0.037683613293978534 3.0030588750000002 -2.0869147994860997
v -0.07535494252625094 3.0030588750000002 -2.0858943088425796
v -0.11300170763945568 3.0030588750000002 -2.0841938607278276
v -0.15061163658361493 3.0030588750000002 -2.0818140094519983
v -0.1881724693165637 3.0030588750000002 -2.0787555307963235
v -0.2256719618004646 3.0030588750000002 -2.0750194217602225
v -0.26309788999310507 3.0030588750000002 -2.070606900236299
v -0.30043805383267747 3.0030588750000002 -2.0655194046133367
v -0.337680281214741 3.0030588750000002 -2.0597585933074134
v -0.37481243196007036 3.0030588750000002 -2.053326344221292
v -0.41182240177209867 3.0030588750000002 -2.046224754132268
v -0.44869812618266114 3.0030588750000002 -2.038456138008657
v -0.4854275844847573 3.0030588750000002 -2.0300230282551706
v -0.521998803651048 3.0030588750000002 -2.020928173887403
v -0.5583998622368088 3.0030588750000002 -2.011174539635711
v -0.5946188942660687 3.0030588750000002 -2.0007653049787715
v -0.6306440930996683 3.0030588750000002 -1.9897038631071449
v -0.6664637152839749 3.0030588750000002 -1.9779938198171603
v -0.7020660843789988 3.0030588750000002 -1.965638992335505
v -0.7374395947646677 3.0030588750000002 -1.9526434080748902
v -0.772572715424013 3.0030588750000002 -1.9390113033211969
v -0.807453993702037 3.0030588750000002 -1.9247471218525383
v -0.8420720590390378 3.0030588750000002 -1.9098555134906814
v -0.87641562667717 3.0030588750000002 -1.894341332585303
v -0.910473501339039 3.0030588750000002 -1.8782096364315755
v -0.9442345808771232 3.0030588750000002 -1.8614656836215926
v -0.9776878598928405 3.0030588750000002 -1.8441149323301835
v -1.0108224333240756 3.0030588750000002 -1.8261630385356598
v -1.0436275 3.0030588750000002 -1.807615854176088
v -1.013899 3.0030588750000002 -1.7561245817432773
v -1.0454390804758504 3.0030588750000002 -1.7375332681182856
v -1.0766383699008433 3.0030588750000002 -1.7183755553607178
v -1.1074866979658446 3.0030588750000002 -1.6986576884801452
v -1.1379740087677082 3.0030588750000002 -1.6783860950845464
v -1.168090364087288 3.0030588750000002 -1.657567383285044
v -1.1978259466290866 3.0030588750000002 -1.6362083395417997
v -1.2271710632214865 3.0030588750000002 -1.6143159264517732
v -1.2561161479765206 3.0030588750000002 -1.5918972804790603
v -1.284651765408147 3.0030588750000002 -1.568959709628559
v -1.3127686135080205 3.0030588750000002 -1.545510691063711
v -1.3404575267777494 3.0030588750000002 -1.5215578686691087
v -1.3677094792166542 3.0030588750000002 -1.4971090505587459
v -1.3945155872640542 3.0030588750000002 -1.472172206530741
v -1.42086711269512 3.0030588750000002 -1.4467554654693497
v -1.4467554654693497 3.0030588750000002 -1.4208671126951198
v -1.4721722065307408 3.0030588750000002 -1.394515587264054
v -1.497109050558746 3.0030588750000002 -1.367709479216654
v -1.5215578686691085 3.0030588750000002 -1.3404575267777494
v -1.5455106910637113 3.0030588750000002 -1.3127686135080208
v -1.5689597096285588 3.0030588750000002 -1.284651765408147
v -1.5918972804790603 3.0030588750000002 -1.2561161479765208
v -1.614315926451773 3.0030588750000002 -1.2271710632214867
v -1.6362083395418 3.0030588750000002 -1.1978259466290866
v -1.657567383285044 3.0030588750000002 -1.168090364087288
v -1.6783860950845466 3.0030588750000002 -1.1379740087677084
v -1.6986576884801456 3.0030588750000002 -1.1074866979658444
v -1.718375555360718 3.0030588750000002 -1.0766383699008433
v -1.7375332681182856 3.0030588750000002 -1.0454390804758502
v -1.7561245817432771 3.0030588750000002 -1.0138990000000003
v -1.7278869574274818 3.0030588750000002 -0.9975960000000003
v -1.7456160771836888 3.0030588750000002 -0.9662378733737512
v -1.7627761629823495 3.0030588750000002 -0.9345647736166958
v -1.7793616209980732 3.0030588750000002 -0.9025870254901238
v -1.795367044721986 3.0030588750000002 -0.8703150530642589
v -1.8107872167241363 3.0030588750000002 -0.8377593763202276
v -1.8256171103542693 3.0030588750000002 -0.8049306077207699
v -1.8398518913804063 3.0030588750000002 -0.7718394487508019
v -1.853486919564704 3.0030588750000002 -0.7384966864289544
v -1.8665177501760715 3.0030588750000002 -0.7049131897912364
v -1.8789401354390631 3.0030588750000002 -0.6710999063479565
v -1.8907500259185581 3.0030588750000002 -0.6370678585150661
v -1.901943571839795 3.0030588750000002 -0.6028281400210865
v -1.912517124343315 3.0030588750000002 -0.5683919122907866
v -1.9224672366744135 3.0030588750000002 -0.5337704008067935
v -1.9317906653067096 3.0030588750000002 -0.4989748914503221
v -1.9404843709994664 3.0030588750000002 -0.4640167268222197
v -1.948545519788319 3.0030588750000002 -0.42890730254551335
v -1.9559714839090903 3.0030588750000002 -0.3936580635506812
v -1.9627598426543806 3.0030588750000002 -0.35828050034484343
v -1.9689083831626728 3.0030588750000002 -0.32278614526610405
v -1.974415101139675 3.0030588750000002 -0.287186568724247
v -1.9792782015116805 3.0030588750000002 -0.25149337542903166
v -1.983496099010721 3.0030588750000002 -0.21571820060730096
v -1.9870674186913333 3.0030588750000002 -0.17987270621014353
v -1.9899909963787614 3.0030588750000002 -0.14396857711134284
v -1.9922658790484515 3.0030588750000002 -0.1080175172983561
v -1.9938913251367205 3.0030588750000002 -0.07203124605706361
v -1.9948668047824878 3.0030588750000002 -0.036021494151524176
v -1.995192 3.0030588750000002 -1.221702748242203e-16
v -2.134546 3.0030588750000002 -1.307032463266393e-16
v -2.1341980915527126 3.0030588750000002 0.038537412066186515
v -2.1331544796216533 3.0030588750000002 0.0770622617503079
v -2.131415504402261 3.0030588750000002 0.11556199076536854
v -2.1289817327637133 3.0030588750000002 0.15402404901318206
v -2.125853958064142 3.0030588750000002 0.19243589867543398
v -2.1220331998920097 3.0030588750000002 0.23078501830075113
v -2.1175207037337516 3.0030588750000002 0.2690589068864236
v -2.1123179405677694 3.0030588750000002 0.30724508795347316
v -2.1064266063849244 3.0030588750000002 0.3453311136137177
v -2.099848621635681 3.0030588750000002 0.3833045686275228
v -2.0925861306040785 3.0030588750000002 0.4211530744509063
v -2.084641500708743 3.0030588750000002 0.4588642932706806
v -2.076017321731155 3.0030588750000002 0.49642593202632196
v -2.066716404971439 3.0030588750000002 0.5338257464172464
v -2.056741782331937 3.0030588750000002 0.5710515448941942
v -2.046096705328873 3.0030588750000002 0.6080911926334156
v -2.034784644032427 3.0030588750000002 0.6449326154923694
v -2.022809285935566 3.0030588750000002 0.6815638039456351
v -2.010174534751999 3.0030588750000002 0.7179728169997697
v -1.9968845091436478 3.0030588750000002 0.7541477860858122
v -1.982943541378053 3.0030588750000002 0.7900769189281925
v -1.9683561759161425 3.0030588750000002 0.8257485033887609
v -1.953127167930837 3.0030588750000002 0.8611509112846979
v -1.9372614817569622 3.0030588750000002 0.8962726021790566
v -1.9207642892729797 3.0030588750000002 0.9311021271427018
v -1.9036409682150652 3.0030588750000002 0.9656281324864184
v -1.8858971004240803 3.0030588750000002 0.999839363461974
v -1.8675384700260094 3.0030588750000002 1.03372466793093
v -1.8485710615464586 3.0030588750000002 1.0672729999999995
v -1.7385815051388158 3.0030588750000002 1.0037704999999995
v -1.7201759123006584 3.0030588750000002 1.0349955059910145
v -1.7012095784611734 3.0030588750000002 1.06588312531579
v -1.681688686244448 3.0030588750000002 1.0964232892630574
v -1.6616195990488822 3.0030588750000002 1.1266060423846624
v -1.6410088589728562 3.0030588750000002 1.156421545740827
v -1.6198631846821445 3.0030588750000002 1.1858600801074386
v -1.5981894692197738 3.0030588750000002 1.214912049144306
v -1.5759947777590333 3.0030588750000002 1.2435679825233736
v -1.553286345300383 3.0030588750000002 1.2718185390158372
v -1.5300715743129905 3.0030588750000002 1.299654509537195
v -1.506358032321686 3.0030588750000002 1.3270668201492104
v -1.482153449440109 3.0030588750000002 1.3540465350178281
v -1.4574657158508542 3.0030588750000002 1.3805848593260597
v -1.4323028792334365 3.0030588750000002 1.4066731421409195
v -1.4066731421409198 3.0030588750000002 1.432302879233436
v -1.3805848593260601 3.0030588750000002 1.4574657158508542
v -1.3540465350178277 3.0030588750000002 1.4821534494401094
v -1.3270668201492108 3.0030588750000002 1.5063580323216859
v -1.2996545095371943 3.0030588750000002 1.5300715743129905
v -1.2718185390158374 3.0030588750000002 1.5532863453003825
v -1.243567982523374 3.0030588750000002 1.5759947777590333
v -1.2149120491443062 3.0030588750000002 1.5981894692197736
v -1.1858600801074382 3.0030588750000002 1.6198631846821447
v -1.1564215457408265 3.0030588750000002 1.6410088589728564
v -1.1266060423846627 3.0030588750000002 1.6616195990488818
v -1.0964232892630568 3.0030588750000002 1.6816886862444482
v -1.0658831253157897 3.0030588750000002 1.7012095784611734
v -1.0349955059910156 3.0030588750000002 1.7201759123006577
v -1.0037705 3.0030588750000002 1.7385815051388156
v -1.012112 3.0030588750000002 1.7530294069501515
v -0.9802975818829007 3.0030588750000002 1.7710165027832283
v -0.9481636074670919 3.0030588750000002 1.7884262846567058
v -0.915720551749266 3.0030588750000002 1.8052530773495497
v -0.8829789904800869 3.0030588750000002 1.8214913956828798
v -0.8499495967167247 3.0030588750000002 1.8371359463080232
v -0.8166431373436586 3.0030588750000002 1.8521816294320341
v -0.7830704695629005 3.0030588750000002 1.8666235404801197
v -0.7492425373547829 3.0030588750000002 1.8804569716944246
v -0.7151703679104439 3.0030588750000002 1.893677413668664
v -0.6808650680372044 3.0030588750000002 1.9062805568180914
v -0.6463378205379743 3.0030588750000002 1.9182622927843367
v -0.6115998805659025 3.0030588750000002 1.9296187157746407
v -0.5766625719554342 3.0030588750000002 1.94034612383506
v -0.5415372835309735 3.0030588750000002 1.9504410200572315
v -0.5062354653943765 3.0030588750000002 1.9599001137182832
v -0.47076862519245233 3.0030588750000002 1.9687203213535456
v -0.43514832436572043 3.0030588750000002 1.9768987677616945
v -0.39938617437961615 3.0030588750000002 1.9844327869420053
v -0.3634938329394065 3.0030588750000002 1.991319922963414
v -0.32748300019002446 3.0030588750000002 1.9975579307650981
v -0.2913654149020593 3.0030588750000002 2.0031447768883184
v -0.2551528506451792 3.0030588750000002 2.008078640139284
v -0.21885711195018448 3.0030588750000002 2.012357912182826
v -0.18249003046098866 3.0030588750000002 2.0159811980666746
v -0.14606346107774684 3.0030588750000002 2.01894731667619
v -0.10958927809240804 3.0030588750000002 2.0212553011193775
v -0.07307937131795479 3.0030588750000002 2.022904399042073
v -0.036545642212566565 3.0030588750000002 2.0238940728732
v -2.4789594423572516e-16 3.0030588750000002 2.024224
v -2.5715488636067877e-16 3.0030588750000002 2.099829
v 0.037910626166655616 3.0030588750000002 2.09948675005694
v 0.07580889427020363 3.0030588750000002 2.09846011179401
v 0.11368245027600804 3.0030588750000002 2.096749419873592
v 0.151518948205052 3.0030588750000002 2.094355231945105
v 0.1893060541584668 3.0030588750000002 2.0912783284632277
v 0.22703145033812705 3.0030588750000002 2.087519712433482
v 0.2646828390619887 3.0030588750000002 2.0830806090852763
v 0.3022479467728756 3.0030588750000002 2.0779624654725075
v 0.3397145280393958 3.0030588750000002 2.0721669500018507
v 0.37707036954769846 3.0030588750000002 2.0656959518888938
v 0.41430329408275673 3.0030588750000002 2.0585515805422943
v 0.45140116449787443 3.0030588750000002 2.050736164876156
v 0.48835188767114845 3.0030588750000002 2.0422522525508513
v 0.5251434184475667 3.0030588750000002 2.0331026091425404
v 0.5617637635654757 3.0030588750000002 2.023290217241647
v 0.5982009855661266 3.0030588750000002 2.0128182754806048
v 0.6344432066850396 3.0030588750000002 2.0016901974911616
v 0.6704786127239049 3.0030588750000002 1.989909610791613
v 0.7062954569017531 3.0030588750000002 1.977480355604309
v 0.7418820636841676 3.0030588750000002 1.964406483603819
v 0.7772268325892566 3.0030588750000002 1.9506922565961735
v 0.8123182419691679 3.0030588750000002 1.9363421451296052
v 0.8471448527658979 3.0030588750000002 1.9213608270372449
v 0.8816953122401888 3.0030588750000002 1.9057531859122459
v 0.9159583576722793 3.0030588750000002 1.8895243095158374
v 0.9499228200333109 3.0030588750000002 1.8726794881188191
v 0.9835776276262003 3.0030588750000002 1.8552242127770477
v 1.0169118096947714 3.0030588750000002 1.8371641735414683
v 1.0499145000000003 3.0030588750000002 1.8185052576032739
v 1.0359505000000002 3.0030588750000002 1.794318900126382
v 1.0681765522389286 3.0030588750000002 1.7753232401588042
v 1.1000544014916305 3.0030588750000002 1.7557488623262412
v 1.1315736562528078 3.0030588750000002 1.735602147462273
v 1.1627240419113853 3.0030588750000002 1.71488966297026
v 1.193495404099825 3.0030588750000002 1.6936181606825063
v 1.2238777120042286 3.0030588750000002 1.6717945746593077
v 1.253861061634177 3.0030588750000002 1.6494260189285894
v 1.2834356790512176 3.0030588750000002 1.626519785166888
v 1.3125919235549621 3.0030588750000002 1.603083340322419
v 1.3413202908257533 3.0030588750000002 1.5791243241810053
v 1.3696114160228705 3.0030588750000002 1.5546505468756724
v 1.3974560768372715 3.0030588750000002 1.5296699863407082
v 1.4248451964978661 3.0030588750000002 1.5041907857110273
v 1.4517698467303601 3.0030588750000002 1.4782212506676757
v 1.4782212506676753 3.0030588750000002 1.4517698467303604
v 1.5041907857110264 3.0030588750000002 1.4248451964978663
v 1.5296699863407082 3.0030588750000002 1.3974560768372712
v 1.5546505468756722 3.0030588750000002 1.369611416022871
v 1.5791243241810053 3.0030588750000002 1.341320290825753
v 1.6030833403224183 3.0030588750000002 1.3125919235549626
v 1.626519785166888 3.0030588750000002 1.2834356790512174
v 1.6494260189285885 3.0030588750000002 1.253861061634178
v 1.6717945746593075 3.0030588750000002 1.2238777120042288
v 1.693618160682507 3.0030588750000002 1.193495404099824
v 1.7148896629702595 3.0030588750000002 1.1627240419113858
v 1.735602147462273 3.0030588750000002 1.1315736562528074
v 1.7557488623262414 3.0030588750000002 1.1000544014916303
v 1.7753232401588044 3.0030588750000002 1.0681765522389286
v 1.794318900126382 3.0030588750000002 1.0359505000000009
v 1.7701264804716637 3.0030588750000002 1.021983000000001
v 1.7882890021696338 3.0030588750000002 0.9898582998970792
v 1.8058685794381593 3.0030588750000002 0.9574109269033884
v 1.822859481706496 3.0030588750000002 0.9246514581769314
v 1.8392561702995094 3.0030588750000002 0.8915905726123305
v 1.855053300243168 3.0030588750000002 0.8582390473597269
v 1.870245722006892 3.0030588750000002 0.8246077543116609
v 1.8848284831821915 3.0030588750000002 0.7907076565590596
v 1.898796830097048 3.0030588750000002 0.7565498048175036
v 1.9121462093655073 3.0030588750000002 0.7221453338249317
v 1.9248722693719902 3.0030588750000002 0.6875054587119475
v 1.9369708616898282 3.0030588750000002 0.6526414713459182
v 1.94843804243356 3.0030588750000002 0.6175647366500763
v 1.9592700735445552 3.0030588750000002 0.5822866888987879
v 1.9694634240095459 3.0030588750000002 0.5468188279902184
v 1.979014771011659 3.0030588750000002 0.5111727156976119
v 1.9879210010135842 3.0030588750000002 0.47535997190040047
v 1.9961792107725236 3.0030588750000002 0.43939227079636484
v 2.003786708286585 3.0030588750000002 0.40328133709609465
v 2.01074101367232 3.0030588750000002 0.36703894220097644
v 2.017039859973113 3.0030588750000002 0.33067690036596836
v 2.0226811938981597 3.0030588750000002 0.2942070648484085
v 2.027663176491798 3.0030588750000002 0.2576413240440903
v 2.031984183732968 3.0030588750000002 0.22099159761191012
v 2.0356428070646087 3.0030588750000002 0.18426983258830232
v 2.038637853852818 3.0030588750000002 0.14748799949276187
v 2.0409683477756264 3.0030588750000002 0.11065808842570239
v 2.042633529141257 3.0030588750000002 0.07379210515994034
v 2.0436328551357676 3.0030588750000002 0.03690206722707217
v 2.043966 3.0030588750000002 3.754704629199029e-16
v 2.061595 3.0030588750000002 3.787088576832282e-16
v 2.0612589817950115 3.0030588750000002 -0.03722034382420956
v 2.060251036714881 3.0030588750000002 -0.07442855460277194
v 2.0585714933284076 3.0030588750000002 -0.11161250324515398
v 2.056220899131248 3.0030588750000002 -0.14876006856977017
v 2.0532000203674436 3.0030588750000002 -0.18585914125522798
v 2.049509841779642 3.0030588750000002 -0.222897627787705
v 2.045151566288093 3.0030588750000002 -0.25986345440319203
v 2.040126614598519 3.0030588750000002 -0.29674457102327195
v 2.0344366247389973 3.0030588750000002 -0.3335289551831981
v 2.0280834515259976 3.0030588750000002 -0.37020461595096027
v 2.021069165959748 3.0030588750000002 -0.4067595978360803
v 2.0133960545491365 3.0030588750000002 -0.44318198468684594
v 2.0050666185663557 3.0030588750000002 -0.4794599035747193
v 1.9960835732315418 3.0030588750000002 -0.5155815286646728
v 1.9864498468276675 3.0030588750000002 -0.5515350850701494
v 1.9761685797459871 3.0030588750000002 -0.5873088526914335
v 1.9652431234623342 3.0030588750000002 -0.6228911700361532
v 1.9536770394446095 3.0030588750000002 -0.6582704380206864
v 1.94147409799182 3.0030588750000002 -0.693435123751205
v 1.9286382770050399 3.0030588750000002 -0.7283737642831674
v 1.9151737606906984 3.0030588750000002 -0.7630749703579903
v 1.901084938196619 3.0030588750000002 -0.7975274301157028
v 1.8863764021812481 3.0030588750000002 -0.8317199127823801
v 1.871052947316547 3.0030588750000002 -0.8656412723311336
v 1.8551195687250257 3.0030588750000002 -0.8992804511154878
v 1.8385814603514463 3.0030588750000002 -0.9326264834739272
v 1.8214440132696994 3.0030588750000002 -0.9656684993044826
v 1.803712813925431 3.0030588750000002 -0.998395727608149
v 1.7853936423149799 3.0030588750000002 -1.0307975000000003
v 1.7398770791428775 3.0030588750000002 -1.0045185000000003
v 1.7214577706362046 3.0030588750000002 -1.035766774561353
v 1.702477303269473 3.0030588750000002 -1.066677411039206
v 1.6829418642739984 3.0030588750000002 -1.0972403332191902
v 1.6628578217901253 3.0030588750000002 -1.1274455782344444
v 1.6422317227913414 3.0030588750000002 -1.15728329981331
v 1.6210702909501042 3.0030588750000002 -1.186743771489004
v 1.5993804244460696 3.0030588750000002 -1.2158173897702367
v 1.5771691937174257 3.0030588750000002 -1.2444946772717533
v 1.5544438391560849 3.0030588750000002 -1.2727662858037574
v 1.5312117687474611 3.0030588750000002 -1.300622999419229
v 1.5074805556556328 3.0030588750000002 -1.3280557374181199
v 1.4832579357546427 3.0030588750000002 -1.3550555573074767
v 1.4585518051067716 3.0030588750000002 -1.3816136577165048
v 1.4333702173885885 3.0030588750000002 -1.4077213812656217
v 1.4077213812656213 3.0030588750000002 -1.4333702173885896
v 1.3816136577165052 3.0030588750000002 -1.4585518051067712
v 1.3550555573074774 3.0030588750000002 -1.483257935754642
v 1.3280557374181192 3.0030588750000002 -1.5074805556556332
v 1.3006229994192298 3.0030588750000002 -1.5312117687474605
v 1.2727662858037578 3.0030588750000002 -1.5544438391560844
v 1.2444946772717527 3.0030588750000002 -1.5771691937174264
v 1.2158173897702373 3.0030588750000002 -1.599380424446069
v 1.1867437714890048 3.0030588750000002 -1.6210702909501038
v 1.1572832998133107 3.0030588750000002 -1.6422317227913408
v 1.127445578234444 3.0030588750000002 -1.662857821790126
v 1.097240333219191 3.0030588750000002 -1.682941864273998
v 1.066677411039207 3.0030588750000002 -1.7024773032694727
v 1.0357667745613524 3.0030588750000002 -1.7214577706362055
v 1.004518500000001 3.0030588750000002 -1.739877079142877
v 1.064756000000001 3.0030588750000002 -1.8442114896638073
v 1.0312867865367767 3.0030588750000002 -1.8631341664138548
v 0.997481395371491 3.0030588750000002 -1.8814495007923393
v 0.9633508463473808 3.0030588750000002 -1.8991515223872442
v 0.9289062653022765 3.0030588750000002 -1.9162344607135573
v 0.8941588804418029 3.0030588750000002 -1.932692747094339
v 0.8591200186792411 3.0030588750000002 -1.9485210164759785
v 0.8238011019431811 3.0030588750000002 -1.9637141091770973
v 0.7882136434542121 3.0030588750000002 -1.9782670725704952
v 0.7523692439718656 3.0030588750000002 -1.9921751626975985
v 0.7162795880130066 3.0030588750000002 -2.005433845814894
v 0.6799564400429327 3.0030588750000002 -2.0180387998718317
v 0.6434116406403929 3.0030588750000002 -2.0299859159197235
v 0.6066571026378305 3.0030588750000002 -2.041271299451171
v 0.5697048072380394 3.0030588750000002 -2.051891271669595
v 0.5325668001085405 3.0030588750000002 -2.061842370688446
v 0.4952551874549605 3.0030588750000002 -2.071121352659701
v 0.4577821320746571 3.0030588750000002 -2.0797251928312983
v 0.42015984939190715 3.0030588750000002 -2.087651086533133
v 0.3824006034759316 3.0030588750000002 -2.0948964500913267
v 0.3445167030430713 3.0030588750000002 -2.1014589216704507
v 0.3065204974444116 3.0030588750000002 -2.107336362043428
v 0.26842437264014135 3.0030588750000002 -2.112526855288885
v 0.23024074716200474 3.0030588750000002 -2.1170287094156945
v 0.19198206806511514 3.0030588750000002 -2.1208404569145323
v 0.1536608068704815 3.0030588750000002 -2.1239608552362523
v 0.11528945549955068 3.0030588750000002 -2.126388887196934
v 0.0768805222021086 3.0030588750000002 -2.1281237613094617
v 0.03844652747886079 3.0030588750000002 -2.12916491204153
v -0.0 3.0030588750000002 -2.129512
v 0.0 2.00203925 0.0
v 0.0 3.0030588750000002 0.0
v -0.0 3.0030588750000002 -1.846273
v -0.03333288829927998 3.0030588750000002 -1.8459720770062118
v -0.06665491078127442 3.0030588750000002 -1.8450694061193849
v -0.0999552051707246 3.0030588750000002 -1.8435652815911563
v -0.1332229162752709 3.0030588750000002 -1.8414601937343398
v -0.16644719952401602 3.0030588750000002 -1.8387548287630986
v -0.19961722450262628 3.0030588750000002 -1.8354500685692507
v -0.23272217848381735 3.0030588750000002 -1.8315469904347925
v -0.2657512699520753 3.0030588750000002 -1.8270468666807262
v -0.29869373212146266 3.0030588750000002 -1.8219511642523114
v -0.3315388264453625 3.0030588750000002 -1.8162615442408705
v -0.36427584611701874 3.0030588750000002 -1.8099798613423106
v -0.39689411955972814 3.0030588750000002 -1.803108163252529
v -0.4293830139055489 3.0030588750000002 -1.7956486899999082
v -0.46173193846139143 3.0030588750000002 -1.7876038732151167
v -0.4939303481613602 3.0030588750000002 -1.7789763353384436
v -0.5259677470042221 3.0030588750000002 -1.7697688887649432
v -0.5578336914748816 3.0030588750000002 -1.7599845349276528
v -0.5895177939487463 3.0030588750000002 -1.7496264633191863
v -0.6210097260778713 3.0030588750000002 -1.7386980504520293
v -0.652299222157785 3.0030588750000002 -1.7272028587578674
v -0.6833760824738898 3.0030588750000002 -1.715144635426307
v -0.7142301766263542 3.0030588750000002 -1.7025273111833732
v -0.7448514468324098 3.0030588750000002 -1.6893549990101742
v -0.7752299112049744 3.0030588750000002 -1.6756319928021566
v -0.8053556670065382 3.0030588750000002 -1.6613627659693877
v -0.835218893877245 3.0030588750000002 -1.6465519699783155
v -0.8648098570361237 3.0030588750000002 -1.6312044328354922
v -0.8941189104544204 3.0030588750000002 -1.6153251575137435
v -0.9231365 3.0030588750000002 -1.5989193203213066
v -0.91365 3.0030588750000002 -1.5824882203353048
v -0.9420715632195718 3.0030588750000002 -1.565735118011036
v -0.9701860310148301 3.0030588750000002 -1.5484716191211547
v -0.9979842386633125 3.0030588750000002 -1.5307033512015344
v -1.025457124536681 3.0030588750000002 -1.512436106332086
v -1.0525957330546243 3.0030588750000002 -1.4936758392486629
v -1.0793912176041842 3.0030588750000002 -1.4744286654019434
v -1.1058348434235667 3.0030588750000002 -1.4547008589639228
v -1.1319179904494905 3.0030588750000002 -1.434498850782665
v -1.1576321561271423 3.0030588750000002 -1.4138292262859837
v -1.1829689581818335 3.0030588750000002 -1.39269872333473
v -1.2079201373514428 3.0030588750000002 -1.371114230026394
v -1.2324775600787612 3.0030588750000002 -1.3490827824497293
v -1.2566332211628604 3.0030588750000002 -1.326611562391137
v -1.2803792463686188 3.0030588750000002 -1.3037078949935557
v -1.3037078949935557 3.0030588750000002 -1.2803792463686186
v -1.3266115623911368 3.0030588750000002 -1.2566332211628601
v -1.3490827824497296 3.0030588750000002 -1.232477560078761
v -1.3711142300263939 3.0030588750000002 -1.2079201373514428
v -1.3926987233347303 3.0030588750000002 -1.1829689581818337
v -1.4138292262859835 3.0030588750000002 -1.1576321561271423
v -1.434498850782665 3.0030588750000002 -1.1319179904494905
v -1.4547008589639225 3.0030588750000002 -1.105834843423567
v -1.4744286654019436 3.0030588750000002 -1.0793912176041842
v -1.4936758392486629 3.0030588750000002 -1.0525957330546243
v -1.5124361063320861 3.0030588750000002 -1.0254571245366813
v -1.5307033512015347 3.0030588750000002 -0.9979842386633123
v -1.548471619121155 3.0030588750000002 -0.9701860310148301
v -1.565735118011036 3.0030588750000002 -0.9420715632195715
v -1.5824882203353046 3.0030588750000002 -0.9136500000000002
v -1.629218951123513 3.0030588750000002 -0.9406300000000002
v -1.6459356800561482 3.0030588750000002 -0.9110625251419928
v -1.662115868734525 3.0030588750000002 -0.8811980631508872
v -1.6777542427590102 3.0030588750000002 -0.8510463492102767
v -1.692845704350099 3.0030588750000002 -0.8206172121418228
v -1.7073853340101848 3.0030588750000002 -0.7899205712012635
v -1.72136839212721 3.0030588750000002 -0.7589664328449469
v -1.7347903205196809 3.0030588750000002 -0.7277648874679397
v -1.7476467439225372 3.0030588750000002 -0.6963261061147672
v -1.7599334714133958 3.0030588750000002 -0.6646603371638726
v -1.7716464977787059 3.0030588750000002 -0.6327779029868587
v -1.7827820048193588 3.0030588750000002 -0.6006891965836136
v -1.7933363625953453 3.0030588750000002 -0.568404678194414
v -1.8033061306090363 3.0030588750000002 -0.5359348718901064
v -1.8126880589267131 3.0030588750000002 -0.5032903621414823
v -1.8214790892379782 3.0030588750000002 -0.47048179036896337
v -1.8296763558526976 3.0030588750000002 -0.43751985147372735
v -1.8372771866351574 3.0030588750000002 -0.4044152903513909
v -1.8442791038751234 3.0030588750000002 -0.3711788983894054
v -1.8506798250955194 3.0030588750000002 -0.33782150994928817
v -1.8564772637964715 3.0030588750000002 -0.3043539988348544
v -1.861669530135458 3.0030588750000002 -0.27078727474758163
v -1.866254931543362 3.0030588750000002 -0.23713227973028164
v -1.8702319732762105 3.0030588750000002 -0.20339998460022443
v -1.8735993589024302 3.0030588750000002 -0.16960138537288372
v -1.8763559907254581 3.0030588750000002 -0.13574749967746702
v -1.8785009701415651 3.0030588750000002 -0.10184936316540232
v -1.8800335979327836 3.0030588750000002 -0.06791802591295047
v -1.880953374494837 3.0030588750000002 -0.033964548819109326
v -1.88126 3.0030588750000002 -1.1519395186819749e-16
v -1.870928 3.0030588750000002 -1.1456129933175797e-16
v -1.870623058501683 3.0030588750000002 0.033778013349052304
v -1.8697083334112174 3.0030588750000002 0.06754501577945853
v -1.8681841229096554 3.0030588750000002 0.10128999996189796
v -1.8660509238574148 3.0030588750000002 0.13500196574453524
v -1.8633094316323138 3.0030588750000002 0.16866992373883363
v -1.8599605399028916 3.0030588750000002 0.20228289890186846
v -1.8560053403370929 3.0030588750000002 0.2358299341139534
v -1.8514451222464055 3.0030588750000002 0.26930009375043484
v -1.8462813721655724 3.0030588750000002 0.302682467246471
v -1.840515773368014 3.0030588750000002 0.3359661726536482
v -1.8341502053171153 3.0030588750000002 0.36914036018726476
v -1.827186743053561 3.0030588750000002 0.40219421576313086
v -1.819627656518916 3.0030588750000002 0.4351169645227334
v -1.8114754098156727 3.0030588750000002 0.4678978743456108
v -1.8027326604040046 3.0030588750000002 0.5005262593477982
v -1.7934022582354927 3.0030588750000002 0.5329914833651985
v -1.7834872448240988 3.0030588750000002 0.5652829634207497
v -1.7729908522546982 3.0030588750000002 0.5973901731742484
v -1.761916502129487 3.0030588750000002 0.6293026463537189
v -1.7502678044526128 3.0030588750000002 0.6610099801671908
v -1.73804855645339 3.0030588750000002 0.692501838693795
v -1.725262741348482 3.0030588750000002 0.7237679562530523
v -1.7119145270434581 3.0030588750000002 0.7547981407512686
v -1.698008264774144 3.0030588750000002 0.7855822770039428
v -1.6835484876882099 3.0030588750000002 0.8161103300331035
v -1.6685399093674607 3.0030588750000002 0.8463723483384991
v -1.6529874222913088 3.0030588750000002 0.8763584671415767
v -1.6368960962419277 3.0030588750000002 0.9060589116011926
v -1.6202711766516125 3.0030588750000002 0.9354639999999995
v -1.5833637720185312 3.0030588750000002 0.9141554999999996
v -1.5666014006161415 3.0030588750000002 0.9425927881691771
v -1.5493283502583144 3.0030588750000002 0.9707228110057219
v -1.5315502515944994 3.0030588750000002 0.9985363987165543
v -1.5132728999092229 3.0030588750000002 1.0260244846597628
v -1.4945022532329462 3.0030588750000002 1.053178108300133
v -1.4752444303998755 3.0030588750000002 1.079988418130096
v -1.4555057090533514 3.0030588750000002 1.1064466745551276
v -1.4352925235994662 3.0030588750000002 1.1325442527426797
v -1.4146114631095896 3.0030588750000002 1.1582726454336847
v -1.3934692691724644 3.0030588750000002 1.1836234657157483
v -1.3718728336965944 3.0030588750000002 1.2085884497571024
v -1.3498291966636273 3.0030588750000002 1.2331594595004438
v -1.3273455438334716 3.0030588750000002 1.257328485315761
v -1.3044292044018846 3.0030588750000002 1.2810876486113145
v -1.2810876486113147 3.0030588750000002 1.3044292044018841
v -1.2573284853157614 3.0030588750000002 1.3273455438334716
v -1.2331594595004434 3.0030588750000002 1.3498291966636278
v -1.208588449757103 3.0030588750000002 1.3718728336965942
v -1.1836234657157476 3.0030588750000002 1.3934692691724644
v -1.1582726454336847 3.0030588750000002 1.4146114631095892
v -1.1325442527426801 3.0030588750000002 1.4352925235994662
v -1.1064466745551278 3.0030588750000002 1.4555057090533512
v -1.0799884181300956 3.0030588750000002 1.4752444303998757
v -1.0531781083001326 3.0030588750000002 1.4945022532329464
v -1.0260244846597628 3.0030588750000002 1.5132728999092226
v -0.9985363987165536 3.0030588750000002 1.5315502515944996
v -0.9707228110057214 3.0030588750000002 1.5493283502583144
v -0.9425927881691782 3.0030588750000002 1.5666014006161408
v -0.9141555 3.0030588750000002 1.583363772018531
v -0.931829 3.0030588750000002 1.6139751719660995
v -0.9025381730760643 3.0030588750000002 1.630535490906138
v -0.8729531377776896 3.0030588750000002 1.646564289728186
v -0.843083538201273 3.0030588750000002 1.6620563433825049
v -0.8129391112051522 3.0030588750000002 1.677006601786939
v -0.7825296832355993 3.0030588750000002 1.6914101914731365
v -0.7518651671236031 3.0030588750000002 1.705262417175197
v -0.7209555588534946 3.0030588750000002 1.7185587633602306
v -0.6898109343044742 3.0030588750000002 1.7312948957003218
v -0.6584414459660799 3.0030588750000002 1.7434666624854342
v -0.6268573196286974 3.0030588750000002 1.7550700959767749
v -0.5950688510501605 3.0030588750000002 1.7661014137001991
v -0.5630864025995586 3.0030588750000002 1.7765570196792133
v -0.530920399879322 3.0030588750000002 1.7864335056071863
v -0.4985813283266907 3.0030588750000002 1.7957276519583902
v -0.46607972979569107 3.0030588750000002 1.8044364290374921
v -0.4334261991207077 3.0030588750000002 1.812556997967175
v -0.4006313806627972 3.0030588750000002 1.8200867116135488
v -0.3677059648398432 3.0030588750000002 1.827023115449063
v -0.33466068464171383 3.0030588750000002 1.8333639483526283
v -0.3015063121315332 3.0030588750000002 1.8391071433466957
v -0.26825365493420794 3.0030588750000002 1.844250828271046
v -0.2349135527133822 3.0030588750000002 1.8487933263930765
v -0.20149687363792593 3.0030588750000002 1.8527331569543792
v -0.16801451083914884 3.0030588750000002 1.8560690356534373
v -0.1344773788598651 3.0030588750000002 1.8587998750642793
v -0.10089641009648191 3.0030588750000002 1.860924784990958
v -0.06728255123527684 3.0030588750000002 1.8624430727577344
v -0.03364675968400107 3.0030588750000002 1.863354243434878
v -2.282322804405358e-16 3.0030588750000002 1.863658
v -2.2193784082227822e-16 3.0030588750000002 1.81226
v 0.03271881252082113 3.0030588750000002 1.8119646207658766
v 0.06542695940008411 3.0030588750000002 1.8110785793508957
v 0.09811377847300819 3.0030588750000002 1.8096021645858378
v 0.1307686145272246 3.0030588750000002 1.8075358577507197
v 0.1633808227761513 3.0030588750000002 1.8048803324179106
v 0.19593977232897256 3.0030588750000002 1.8016364542325596
v 0.22843484965608132 3.0030588750000002 1.7978052806304143
v 0.2608554620488675 3.0030588750000002 1.7933880604931194
v 0.2931910410727137 3.0030588750000002 1.7883862337411063
v 0.3254310460120857 3.0030588750000002 1.7828014308642115
v 0.3575649673065838 3.0030588750000002 1.7766354723901698
v 0.38958232997683045 3.0030588750000002 1.7698903682911618
v 0.42147269703909956 3.0030588750000002 1.762568317328604
v 0.4532256729075498 3.0030588750000002 1.7546717063364015
v 0.4848309067829661 3.0030588750000002 1.7462031094428867
v 0.5162780960268996 3.0030588750000002 1.7371652872317127
v 0.5475569895201132 3.0030588750000002 1.7275611858419577
v 0.5786573910042311 3.0030588750000002 1.7173939360077455
v 0.6095691624054963 3.0030588750000002 1.7066668520376969
v 0.6402822271395764 3.0030588750000002 1.6953834307345297
v 0.6707865733963128 3.0030588750000002 1.6835473502551783
v 0.701072257403362 3.0030588750000002 1.6711624689117914
v 0.7311294066676506 3.0030588750000002 1.6582328239140032
v 0.760948223193605 3.0030588750000002 1.6447626300528884
v 0.7905189866770888 3.0030588750000002 1.630756278327031
v 0.8198320576740142 3.0030588750000002 1.6162183345111485
v 0.8488778807426022 3.0030588750000002 1.6011535376677493
v 0.877646987558247 3.0030588750000002 1.5855667986022963
v 0.9061300000000002 3.0030588750000002 1.5694631982623866
v 0.9183920000000002 3.0030588750000002 1.590701605264796
v 0.9469610760010386 3.0030588750000002 1.573861551469809
v 0.9752214626999084 3.0030588750000002 1.5565084520636085
v 1.003163947807669 3.0030588750000002 1.5386479637899413
v 1.0307794226645781 3.0030588750000002 1.5202859087906062
v 1.0580588852093284 3.0030588750000002 1.5014282727075552
v 1.0849934429135246 3.0030588750000002 1.4820812027317047
v 1.1115743156804645 3.0030588750000002 1.4622510055990756
v 1.1377928387072604 3.0030588750000002 1.4419441455349349
v 1.163640465309384 3.0030588750000002 1.4211672421465957
v 1.1891087697067044 3.0030588750000002 1.399927068265561
v 1.2141894497701156 3.0030588750000002 1.3782305477397254
v 1.2388743297278542 3.0030588750000002 1.3560847531763494
v 1.2631553628306258 3.0030588750000002 1.3334969036365363
v 1.287024633974682 3.0030588750000002 1.3104743622819701
v 1.3104743622819697 3.0030588750000002 1.2870246339746823
v 1.3334969036365358 3.0030588750000002 1.263155362830626
v 1.3560847531763494 3.0030588750000002 1.238874329727854
v 1.3782305477397252 3.0030588750000002 1.214189449770116
v 1.399927068265561 3.0030588750000002 1.1891087697067042
v 1.4211672421465953 3.0030588750000002 1.1636404653093841
v 1.4419441455349349 3.0030588750000002 1.1377928387072602
v 1.4622510055990747 3.0030588750000002 1.1115743156804654
v 1.4820812027317045 3.0030588750000002 1.0849934429135248
v 1.5014282727075559 3.0030588750000002 1.0580588852093276
v 1.5202859087906058 3.0030588750000002 1.0307794226645786
v 1.5386479637899413 3.0030588750000002 1.0031639478076688
v 1.5565084520636088 3.0030588750000002 0.9752214626999082
v 1.5738615514698093 3.0030588750000002 0.9469610760010386
v 1.590701605264796 3.0030588750000002 0.9183920000000008
v 1.6057453325539355 3.0030588750000002 0.9270775000000008
v 1.6222212085806893 3.0030588750000002 0.8979360302694217
v 1.638168274769815 3.0030588750000002 0.8685018523657203
v 1.653581332714687 3.0030588750000002 0.8387845612089673
v 1.668455358084081 3.0030588750000002 0.8087938440081761
v 1.6827855022600038 3.0030588750000002 0.7785394771034715
v 1.6965670939182396 3.0030588750000002 0.7480313227792132
v 1.7097956405511032 3.0030588750000002 0.7172793260490943
v 1.7224668299319026 3.0030588750000002 0.686293511414279
v 1.7345765315206327 3.0030588750000002 0.6550839795956324
v 1.746120797810444 3.0030588750000002 0.6236609042410934
v 1.757095865614449 3.0030588750000002 0.5920345286092777
v 1.7674981572924386 3.0030588750000002 0.5602151622304001
v 1.7773242819171182 3.0030588750000002 0.5282131775455815
v 1.7865710363794796 3.0030588750000002 0.49603900652564836
v 1.7952354064329459 3.0030588750000002 0.4637031372705346
v 1.8033145676759506 3.0030588750000002 0.43121611059038506
v 1.8108058864726362 3.0030588750000002 0.3985885165694702
v 1.81770692081136 3.0030588750000002 0.3658309911140446
v 1.8240154211007427 3.0030588750000002 0.3329542124852622
v 1.8297293309029834 3.0030588750000002 0.2999688978182915
v 1.8348467876042176 3.0030588750000002 0.2668857996287613
v 1.8393661230216891 3.0030588750000002 0.2337157023076559
v 1.8432858639475416 3.0030588750000002 0.20046941860584333
v 1.8466047326290551 3.0030588750000002 0.1671577861093402
v 1.8493216471851641 3.0030588750000002 0.13379166370649112
v 1.8514357219591304 3.0030588750000002 0.10038192804819562
v 1.8529462678072466 3.0030588750000002 0.06693947000235285
v 1.8538527923234824 3.0030588750000002 0.03347519110367393
v 1.854155 3.0030588750000002 3.4060274788095913e-16
v 1.852462 3.0030588750000002 3.4029174882631567e-16
v 1.8521600682645964 3.0030588750000002 -0.033444625428992056
v 1.8512543714817518 3.0030588750000002 -0.06687834861675553
v 1.8497452048894807 3.0030588750000002 -0.10029027087595985
v 1.8476330604442044 3.0030588750000002 -0.13366950062592
v 1.8449186266603843 3.0030588750000002 -0.16700515694301846
v 1.8416027883860793 3.0030588750000002 -0.2002863731076509
v 1.8376866265145062 3.0030588750000002 -0.2335023001465593
v 1.8331714176316891 3.0030588750000002 -0.266642110369356
v 1.8280586336003204 3.0030588750000002 -0.29969500089812867
v 1.8223499410799657 3.0030588750000002 -0.3326501971889473
v 1.8160472009837656 3.0030588750000002 -0.36549695654414227
v 1.8091524678718187 3.0030588750000002 -0.3982245716141939
v 1.8016679892814391 3.0030588750000002 -0.43082237388809713
v 1.7935962049945058 3.0030588750000002 -0.4632797371710821
v 1.7849397462421448 3.0030588750000002 -0.49558608104851776
v 1.7757014348470048 3.0030588750000002 -0.5277308743349098
v 1.7658842823034022 3.0030588750000002 -0.5597036385068418
v 1.7554914887956365 3.0030588750000002 -0.5914939511187585
v 1.744526442154799 3.0030588750000002 -0.6230914492004515
v 1.732992716754411 3.0030588750000002 -0.6544858326351805
v 1.7208940723452533 3.0030588750000002 -0.685666867517288
v 1.708234452829768 3.0030588750000002 -0.7166243894882337
v 1.6950179849764282 3.0030588750000002 -0.7473483070499654
v 1.6812489770745007 3.0030588750000002 -0.7778286048545308
v 1.6669319175296304 3.0030588750000002 -0.8080553469688755
v 1.6520714734007216 3.0030588750000002 -0.8380186801137363
v 1.6366724888785693 3.0030588750000002 -0.8677088368756135
v 1.620739983706757 3.0030588750000002 -0.897116138890736
v 1.604279151545329 3.0030588750000002 -0.9262310000000002
v 1.6055071755678951 3.0030588750000002 -0.9269400000000002
v 1.5885103817535697 3.0030588750000002 -0.9557749847433377
v 1.5709957671188786 3.0030588750000002 -0.9842984070364873
v 1.5529690410581187 3.0030588750000002 -1.0125009688464635
v 1.5344360799030965 3.0030588750000002 -1.040373476734013
v 1.5154029250075591 3.0030588750000002 -1.0679068448504927
v 1.4958757807778447 3.0030588750000002 -1.0950920978996574
v 1.4758610126503788 3.0030588750000002 -1.1219203740634174
v 1.4553651450166727 3.0030588750000002 -1.1483829278906053
v 1.4343948590965137 3.0030588750000002 -1.1744711331478064
v 1.4129569907600223 3.0030588750000002 -1.2001764856313348
v 1.3910585282993115 3.0030588750000002 -1.2254906059394146
v 1.3687066101504437 3.0030588750000002 -1.2504052422036949
v 1.3459085225664542 3.0030588750000002 -1.274912272779184
v 1.3226716972421892 3.0030588750000002 -1.2990037088917281
v 1.2990037088917277 3.0030588750000002 -1.3226716972421904
v 1.2749122727791844 3.0030588750000002 -1.3459085225664538
v 1.2504052422036955 3.0030588750000002 -1.368706610150443
v 1.2254906059394142 3.0030588750000002 -1.391058528299312
v 1.2001764856313355 3.0030588750000002 -1.4129569907600217
v 1.1744711331478068 3.0030588750000002 -1.4343948590965132
v 1.1483829278906046 3.0030588750000002 -1.4553651450166734
v 1.121920374063418 3.0030588750000002 -1.4758610126503782
v 1.0950920978996583 3.0030588750000002 -1.4958757807778442
v 1.0679068448504931 3.0030588750000002 -1.5154029250075587
v 1.0403734767340127 3.0030588750000002 -1.5344360799030972
v 1.0125009688464641 3.0030588750000002 -1.5529690410581185
v 0.9842984070364882 3.0030588750000002 -1.5709957671188781
v 0.955774984743337 3.0030588750000002 -1.5885103817535706
v 0.9269400000000008 3.0030588750000002 -1.605507175567895
v 0.9365745000000008 3.0030588750000002 -1.622194619073417
v 0.9071345044848664 3.0030588750000002 -1.6388392742956814
v 0.8773988022883707 3.0030588750000002 -1.6549497025420234
v 0.8473770866211366 3.0030588750000002 -1.6705206521532368
v 0.8170791439281364 3.0030588750000002 -1.685547047328749
v 0.7865148506985087 3.0030588750000002 -1.7000239897812333
v 0.7556941702460478 3.0030588750000002 -1.7139467603333356
v 0.7246271494613638 3.0030588750000002 -1.7273108204560343
v 0.6933239155368055 3.0030588750000002 -1.740111813748103
v 0.6617946726652191 3.0030588750000002 -1.7523455673562036
v 0.6300496987135904 3.0030588750000002 -1.7640080933351505
v 0.5980993418726821 3.0030588750000002 -1.775095589947895
v 0.5659540172837304 3.0030588750000002 -1.785604442904813
v 0.5336242036433462 3.0030588750000002 -1.7955312265418844
v 0.5011204397876725 3.0030588750000002 -1.8048727049373896
v 0.4684533212569417 3.0030588750000002 -1.813625832966751
v 0.4356334968415636 3.0030588750000002 -1.8217877572951768
v 0.40267166511083846 3.0030588750000002 -1.8293558173077933
v 0.36957857092545215 3.0030588750000002 -1.8363275459769426
v 0.3363650019348741 3.0030588750000002 -1.8427006706663869
v 0.30304178506081486 3.0030588750000002 -1.8484731138721373
v 0.26961978296788286 3.0030588750000002 -1.853642993899675
v 0.23610989052257425 3.0030588750000002 -1.8582086254773487
v 0.20252303124178778 3.0030588750000002 -1.8621685203057312
v 0.16887015373198289 3.0030588750000002 -1.8655213875427794
v 0.13516222812016815 3.0030588750000002 -1.868266134224616
v 0.10141024247786715 3.0030588750000002 -1.8704018656218184
v 0.06762519923924237 3.0030588750000002 -1.8719278855310777
v 0.0338181116145392 3.0030588750000002 -1.8728436965021469
v -0.0 3.0030588750000002 -1.873149
v -0.0 4.0040785 -1.846273
v -0.03333288829927998 4.0040785 -1.8459720770062118
v -0.06665491078127442 4.0040785 -1.8450694061193849
v -0.0999552051707246 4.0040785 -1.8435652815911563
v -0.1332229162752709 4.0040785 -1.8414601937343398
v -0.16644719952401602 4.0040785 -1.8387548287630986
v -0.19961722450262628 4.0040785 -1.8354500685692507
v -0.23272217848381735 4.0040785 -1.8315469904347925
v -0.2657512699520753 4.0040785 -1.8270468666807262
v -0.29869373212146266 4.0040785 -1.8219511642523114
v -0.3315388264453625 4.0040785 -1.8162615442408705
v -0.36427584611701874 4.0040785 -1.8099798613423106
v -0.39689411955972814 4.0040785 -1.803108163252529
v -0.4293830139055489 4.0040785 -1.7956486899999082
v -0.46173193846139143 4.0040785 -1.7876038732151167
v -0.4939303481613602 4.0040785 -1.7789763353384436
v -0.5259677470042221 4.0040785 -1.7697688887649432
v -0.5578336914748816 4.0040785 -1.7599845349276528
v -0.5895177939487463 4.0040785 -1.7496264633191863
v -0.6210097260778713 4.0040785 -1.7386980504520293
v -0.652299222157785 4.0040785 -1.7272028587578674
v -0.6833760824738898 4.0040785 -1.715144635426307
v -0.7142301766263542 4.0040785 -1.7025273111833732
v -0.7448514468324098 4.0040785 -1.6893549990101742
v -0.7752299112049744 4.0040785 -1.6756319928021566
v -0.8053556670065382 4.0040785 -1.6613627659693877
v -0.835218893877245 4.0040785 -1.6465519699783155
v -0.8648098570361237 4.0040785 -1.6312044328354922
v -0.8941189104544204 4.0040785 -1.6153251575137435
v -0.9231365 4.0040785 -1.5989193203213066
v -0.91365 4.0040785 -1.5824882203353048
v -0.9420715632195718 4.0040785 -1.565735118011036
v -0.9701860310148301 4.0040785 -1.5484716191211547
v -0.9979842386633125 4.0040785 -1.5307033512015344
v -1.025457124536681 4.0040785 -1.512436106332086
v -1.0525957330546243 4.0040785 -1.4936758392486629
v -1.0793912176041842 4.0040785 -1.4744286654019434
v -1.1058348434235667 4.0040785 -1.4547008589639228
v -1.1319179904494905 4.0040785 -1.434498850782665
v -1.1576321561271423 4.0040785 -1.4138292262859837
v -1.1829689581818335 4.0040785 -1.39269872333473
v -1.2079201373514428 4.0040785 -1.371114230026394
v -1.2324775600787612 4.0040785 -1.3490827824497293
v -1.2566332211628604 4.0040785 -1.326611562391137
v -1.2803792463686188 4.0040785 -1.3037078949935557
v -1.3037078949935557 4.0040785 -1.2803792463686186
v -1.3266115623911368 4.0040785 -1.2566332211628601
v -1.3490827824497296 4.0040785 -1.232477560078761
v -1.3711142300263939 4.0040785 -1.2079201373514428
v -1.3926987233347303 4.0040785 -1.1829689581818337
v -1.4138292262859835 4.0040785 -1.1576321561271423
v -1.434498850782665 4.0040785 -1.1319179904494905
v -1.4547008589639225 4.0040785 -1.105834843423567
v -1.4744286654019436 4.0040785 -1.0793912176041842
v -1.4936758392486629 4.0040785 -1.0525957330546243
v -1.5124361063320861 4.0040785 -1.0254571245366813
v -1.5307033512015347 4.0040785 -0.9979842386633123
v -1.548471619121155 4.0040785 -0.9701860310148301
v -1.565735118011036 4.0040785 -0.9420715632195715
v -1.5824882203353046 4.0040785 -0.9136500000000002
v -1.629218951123513 4.0040785 -0.9406300000000002
v -1.6459356800561482 4.0040785 -0.9110625251419928
v -1.662115868734525 4.0040785 -0.8811980631508872
v -1.6777542427590102 4.0040785 -0.8510463492102767
v -1.692845704350099 4.0040785 -0.8206172121418228
v -1.7073853340101848 4.0040785 -0.7899205712012635
v -1.72136839212721 4.0040785 -0.7589664328449469
v -1.7347903205196809 4.0040785 -0.7277648874679397
v -1.7476467439225372 4.0040785 -0.6963261061147672
v -1.7599334714133958 4.0040785 -0.6646603371638726
v -1.7716464977787059 4.0040785 -0.6327779029868587
v -1.7827820048193588 4.0040785 -0.6006891965836136
v -1.7933363625953453 4.0040785 -0.568404678194414
v -1.8033061306090363 4.0040785 -0.5359348718901064
v -1.8126880589267131 4.0040785 -0.5032903621414823
v -1.8214790892379782 4.0040785 -0.47048179036896337
v -1.8296763558526976 4.0040785 -0.43751985147372735
v -1.8372771866351574 4.0040785 -0.4044152903513909
v -1.8442791038751234 4.0040785 -0.3711788983894054
v -1.8506798250955194 4.0040785 -0.33782150994928817
v -1.8564772637964715 4.0040785 -0.3043539988348544
v -1.861669530135458 4.0040785 -0.27078727474758163
v -1.866254931543362 4.0040785 -0.23713227973028164
v -1.8702319732762105 4.0040785 -0.20339998460022443
v -1.8735993589024302 4.0040785 -0.16960138537288372
v -1.8763559907254581 4.0040785 -0.13574749967746702
v -1.8785009701415651 4.0040785 -0.10184936316540232
v -1.8800335979327836 4.0040785 -0.06791802591295047
v -1.880953374494837 4.0040785 -0.033964548819109326
v -1.88126 4.0040785 -1.1519395186819749e-16
v -1.870928 4.0040785 -1.1456129933175797e-16
v -1.870623058501683 4.0040785 0.033778013349052304
v -1.8697083334112174 4.0040785 0.06754501577945853
v -1.8681841229096554 4.0040785 0.10128999996189796
v -1.8660509238574148 4.0040785 0.13500196574453524
v -1.8633094316323138 4.0040785 0.16866992373883363
v -1.8599605399028916 4.0040785 0.20228289890186846
v -1.8560053403370929 4.0040785 0.2358299341139534
v -1.8514451222464055 4.0040785 0.26930009375043484
v -1.8462813721655724 4.0040785 0.302682467246471
v -1.840515773368014 4.0040785 0.3359661726536482
v -1.8341502053171153 4.0040785 0.36914036018726476
v -1.827186743053561 4.0040785 0.40219421576313086
v -1.819627656518916 4.0040785 0.4351169645227334
v -1.8114754098156727 4.0040785 0.4678978743456108
v -1.8027326604040046 4.0040785 0.5005262593477982
v -1.7934022582354927 4.0040785 0.5329914833651985
v -1.7834872448240988 4.0040785 0.5652829634207497
v -1.7729908522546982 4.0040785 0.5973901731742484
v -1.761916502129487 4.0040785 0.6293026463537189
v -1.7502678044526128 4.0040785 0.6610099801671908
v -1.73804855645339 4.0040785 0.692501838693795
v -1.725262741348482 4.0040785 0.7237679562530523
v -1.7119145270434581 4.0040785 0.7547981407512686
v -1.698008264774144 4.0040785 0.7855822770039428
v -1.6835484876882099 4.0040785 0.8161103300331035
v -1.6685399093674607 4.0040785 0.8463723483384991
v -1.6529874222913088 4.0040785 0.8763584671415767
v -1.6368960962419277 4.0040785 0.9060589116011926
v -1.6202711766516125 4.0040785 0.9354639999999995
v -1.5833637720185312 4.0040785 0.9141554999999996
v -1.5666014006161415 4.0040785 0.9425927881691771
v -1.5493283502583144 4.0040785 0.9707228110057219
v -1.5315502515944994 4.0040785 0.9985363987165543
v -1.5132728999092229 4.0040785 1.0260244846597628
v -1.4945022532329462 4.0040785 1.053178108300133
v -1.4752444303998755 4.0040785 1.079988418130096
v -1.4555057090533514 4.0040785 1.1064466745551276
v -1.4352925235994662 4.0040785 1.1325442527426797
v -1.4146114631095896 4.0040785 1.1582726454336847
v -1.3934692691724644 4.0040785 1.1836234657157483
v -1.3718728336965944 4.0040785 1.2085884497571024
v -1.3498291966636273 4.0040785 1.2331594595004438
v -1.3273455438334716 4.0040785 1.257328485315761
v -1.3044292044018846 4.0040785 1.2810876486113145
v -1.2810876486113147 4.0040785 1.3044292044018841
v -1.2573284853157614 4.0040785 1.3273455438334716
v -1.2331594595004434 4.0040785 1.3498291966636278
v -1.208588449757103 4.0040785 1.3718728336965942
v -1.1836234657157476 4.0040785 1.3934692691724644
v -1.1582726454336847 4.0040785 1.4146114631095892
v -1.1325442527426801 4.0040785 1.4352925235994662
v -1.1064466745551278 4.0040785 1.4555057090533512
v -1.0799884181300956 4.0040785 1.4752444303998757
v -1.0531781083001326 4.0040785 1.4945022532329464
v -1.0260244846597628 4.0040785 1.5132728999092226
v -0.9985363987165536 4.0040785 1.5315502515944996
v -0.9707228110057214 4.0040785 1.5493283502583144
v -0.9425927881691782 4.0040785 1.5666014006161408
v -0.9141555 4.0040785 1.583363772018531
v -0.931829 4.0040785 1.6139751719660995
v -0.9025381730760643 4.0040785 1.630535490906138
v -0.8729531377776896 4.0040785 1.646564289728186
v -0.843083538201273 4.0040785 1.6620563433825049
v -0.8129391112051522 4.0040785 1.677006601786939
v -0.7825296832355993 4.0040785 1.6914101914731365
v -0.7518651671236031 4.0040785 1.705262417175197
v -0.7209555588534946 4.0040785 1.7185587633602306
v -0.6898109343044742 4.0040785 1.7312948957003218
v -0.6584414459660799 4.0040785 1.7434666624854342
v -0.6268573196286974 4.0040785 1.7550700959767749
v -0.5950688510501605 4.0040785 1.7661014137001991
v -0.5630864025995586 4.0040785 1.7765570196792133
v -0.530920399879322 4.0040785 1.7864335056071863
v -0.4985813283266907 4.0040785 1.7957276519583902
v -0.46607972979569107 4.0040785 1.8044364290374921
v -0.4334261991207077 4.0040785 1.812556997967175
v -0.4006313806627972 4.0040785 1.8200867116135488
v -0.3677059648398432 4.0040785 1.827023115449063
v -0.33466068464171383 4.0040785 1.8333639483526283
v -0.3015063121315332 4.0040785 1.8391071433466957
v -0.26825365493420794 4.0040785 1.844250828271046
v -0.2349135527133822 4.0040785 1.8487933263930765
v -0.20149687363792593 4.0040785 1.8527331569543792
v -0.16801451083914884 4.0040785 1.8560690356534373
v -0.1344773788598651 4.0040785 1.8587998750642793
v -0.10089641009648191 4.0040785 1.860924784990958
v -0.06728255123527684 4.0040785 1.8624430727577344
v -0.03364675968400107 4.0040785 1.863354243434878
v -2.282322804405358e-16 4.0040785 1.863658
v -2.2193784082227822e-16 4.0040785 1.81226
v 0.03271881252082113 4.0040785 1.8119646207658766
v 0.06542695940008411 4.0040785 1.8110785793508957
v 0.09811377847300819 4.0040785 1.8096021645858378
v 0.1307686145272246 4.0040785 1.8075358577507197
v 0.1633808227761513 4.0040785 1.8048803324179106
v 0.19593977232897256 4.0040785 1.8016364542325596
v 0.22843484965608132 4.0040785 1.7978052806304143
v 0.2608554620488675 4.0040785 1.7933880604931194
v 0.2931910410727137 4.0040785 1.7883862337411063
v 0.3254310460120857 4.0040785 1.7828014308642115
v 0.3575649673065838 4.0040785 1.7766354723901698
v 0.38958232997683045 4.0040785 1.7698903682911618
v 0.42147269703909956 4.0040785 1.762568317328604
v 0.4532256729075498 4.0040785 1.7546717063364015
v 0.4848309067829661 4.0040785 1.7462031094428867
v 0.5162780960268996 4.0040785 1.7371652872317127
v 0.5475569895201132 4.0040785 1.7275611858419577
v 0.5786573910042311 4.0040785 1.7173939360077455
v 0.6095691624054963 4.0040785 1.7066668520376969
v 0.6402822271395764 4.0040785 1.6953834307345297
v 0.6707865733963128 4.0040785 1.6835473502551783
v 0.701072257403362 4.0040785 1.6711624689117914
v 0.7311294066676506 4.0040785 1.6582328239140032
v 0.760948223193605 4.0040785 1.6447626300528884
v 0.7905189866770888 4.0040785 1.630756278327031
v 0.8198320576740142 4.0040785 1.6162183345111485
v 0.8488778807426022 4.0040785 1.6011535376677493
v 0.877646987558247 4.0040785 1.5855667986022963
v 0.9061300000000002 4.0040785 1.5694631982623866
v 0.9183920000000002 4.0040785 1.590701605264796
v 0.9469610760010386 4.0040785 1.573861551469809
v 0.9752214626999084 4.0040785 1.5565084520636085
v 1.003163947807669 4.0040785 1.5386479637899413
v 1.0307794226645781 4.0040785 1.5202859087906062
v 1.0580588852093284 4.0040785 1.5014282727075552
v 1.0849934429135246 4.0040785 1.4820812027317047
v 1.1115743156804645 4.0040785 1.4622510055990756
v 1.1377928387072604 4.0040785 1.4419441455349349
v 1.163640465309384 4.0040785 1.4211672421465957
v 1.1891087697067044 4.0040785 1.399927068265561
v 1.2141894497701156 4.0040785 1.3782305477397254
v 1.2388743297278542 4.0040785 1.3560847531763494
v 1.2631553628306258 4.0040785 1.3334969036365363
v 1.287024633974682 4.0040785 1.3104743622819701
v 1.3104743622819697 4.0040785 1.2870246339746823
v 1.3334969036365358 4.0040785 1.263155362830626
v 1.3560847531763494 4.0040785 1.238874329727854
v 1.3782305477397252 4.0040785 1.214189449770116
v 1.399927068265561 4.0040785 1.1891087697067042
v 1.4211672421465953 4.0040785 1.1636404653093841
v 1.4419441455349349 4.0040785 1.1377928387072602
v 1.4622510055990747 4.0040785 1.1115743156804654
v 1.4820812027317045 4.0040785 1.0849934429135248
v 1.5014282727075559 4.0040785 1.0580588852093276
v 1.5202859087906058 4.0040785 1.0307794226645786
v 1.5386479637899413 4.0040785 1.0031639478076688
v 1.5565084520636088 4.0040785 0.9752214626999082
v 1.5738615514698093 4.0040785 0.9469610760010386
v 1.590701605264796 4.0040785 0.9183920000000008
v 1.6057453325539355 4.0040785 0.9270775000000008
v 1.6222212085806893 4.0040785 0.8979360302694217
v 1.638168274769815 4.0040785 0.8685018523657203
v 1.653581332714687 4.0040785 0.8387845612089673
v 1.668455358084081 4.0040785 0.8087938440081761
v 1.6827855022600038 4.0040785 0.7785394771034715
v 1.6965670939182396 4.0040785 0.7480313227792132
v 1.7097956405511032 4.0040785 0.7172793260490943
v 1.7224668299319026 4.0040785 0.686293511414279
v 1.7345765315206327 4.0040785 0.6550839795956324
v 1.746120797810444 4.0040785 0.6236609042410934
v 1.757095865614449 4.0040785 0.5920345286092777
v 1.7674981572924386 4.0040785 0.5602151622304001
v 1.7773242819171182 4.0040785 0.5282131775455815
v 1.7865710363794796 4.0040785 0.49603900652564836
v 1.7952354064329459 4.0040785 0.4637031372705346
v 1.8033145676759506 4.0040785 0.43121611059038506
v 1.8108058864726362 4.0040785 0.3985885165694702
v 1.81770692081136 4.0040785 0.3658309911140446
v 1.8240154211007427 4.0040785 0.3329542124852622
v 1.8297293309029834 4.0040785 0.2999688978182915
v 1.8348467876042176 4.0040785 0.2668857996287613
v 1.8393661230216891 4.0040785 0.2337157023076559
v 1.8432858639475416 4.0040785 0.20046941860584333
v 1.8466047326290551 4.0040785 0.1671577861093402
v 1.8493216471851641 4.0040785 0.13379166370649112
v 1.8514357219591304 4.0040785 0.10038192804819562
v 1.8529462678072466 4.0040785 0.06693947000235285
v 1.8538527923234824 4.0040785 0.03347519110367393
v 1.854155 4.0040785 3.4060274788095913e-16
v 1.852462 4.0040785 3.4029174882631567e-16
v 1.8521600682645964 4.0040785 -0.033444625428992056
v 1.8512543714817518 4.0040785 -0.06687834861675553
v 1.8497452048894807 4.0040785 -0.10029027087595985
v 1.8476330604442044 4.0040785 -0.13366950062592
v 1.8449186266603843 4.0040785 -0.16700515694301846
v 1.8416027883860793 4.0040785 -0.2002863731076509
v 1.8376866265145062 4.0040785 -0.2335023001465593
v 1.8331714176316891 4.0040785 -0.266642110369356
v 1.8280586336003204 4.0040785 -0.29969500089812867
v 1.8223499410799657 4.0040785 -0.3326501971889473
v 1.8160472009837656 4.0040785 -0.36549695654414227
v 1.8091524678718187 4.0040785 -0.3982245716141939
v 1.8016679892814391 4.0040785 -0.43082237388809713
v 1.7935962049945058 4.0040785 -0.4632797371710821
v 1.7849397462421448 4.0040785 -0.49558608104851776
v 1.7757014348470048 4.0040785 -0.5277308743349098
v 1.7658842823034022 4.0040785 -0.5597036385068418
v 1.7554914887956365 4.0040785 -0.5914939511187585
v 1.744526442154799 4.0040785 -0.6230914492004515
v 1.732992716754411 4.0040785 -0.6544858326351805
v 1.7208940723452533 4.0040785 -0.685666867517288
v 1.708234452829768 4.0040785 -0.7166243894882337
v 1.6950179849764282 4.0040785 -0.7473483070499654
v 1.6812489770745007 4.0040785 -0.7778286048545308
v 1.6669319175296304 4.0040785 -0.8080553469688755
v 1.6520714734007216 4.0040785 -0.8380186801137363
v 1.6366724888785693 4.0040785 -0.8677088368756135
v 1.620739983706757 4.0040785 -0.897116138890736
v 1.604279151545329 4.0040785 -0.9262310000000002
v 1.6055071755678951 4.0040785 -0.9269400000000002
v 1.5885103817535697 4.0040785 -0.9557749847433377
v 1.5709957671188786 4.0040785 -0.9842984070364873
v 1.5529690410581187 4.0040785 -1.0125009688464635
v 1.5344360799030965 4.0040785 -1.040373476734013
v 1.5154029250075591 4.0040785 -1.0679068448504927
v 1.4958757807778447 4.0040785 -1.0950920978996574
v 1.4758610126503788 4.0040785 -1.1219203740634174
v 1.4553651450166727 4.0040785 -1.1483829278906053
v 1.4343948590965137 4.0040785 -1.1744711331478064
v 1.4129569907600223 4.0040785 -1.2001764856313348
v 1.3910585282993115 4.0040785 -1.2254906059394146
v 1.3687066101504437 4.0040785 -1.2504052422036949
v 1.3459085225664542 4.0040785 -1.274912272779184
v 1.3226716972421892 4.0040785 -1.2990037088917281
v 1.2990037088917277 4.0040785 -1.3226716972421904
v 1.2749122727791844 4.0040785 -1.3459085225664538
v 1.2504052422036955 4.0040785 -1.368706610150443
v 1.2254906059394142 4.0040785 -1.391058528299312
v 1.2001764856313355 4.0040785 -1.4129569907600217
v 1.1744711331478068 4.0040785 -1.4343948590965132
v 1.1483829278906046 4.0040785 -1.4553651450166734
v 1.121920374063418 4.0040785 -1.4758610126503782
v 1.0950920978996583 4.0040785 -1.4958757807778442
v 1.0679068448504931 4.0040785 -1.5154029250075587
v 1.0403734767340127 4.0040785 -1.5344360799030972
v 1.0125009688464641 4.0040785 -1.5529690410581185
v 0.9842984070364882 4.0040785 -1.5709957671188781
v 0.955774984743337 4.0040785 -1.5885103817535706
v 0.9269400000000008 4.0040785 -1.605507175567895
v 0.9365745000000008 4.0040785 -1.622194619073417
v 0.9071345044848664 4.0040785 -1.6388392742956814
v 0.8773988022883707 4.0040785 -1.6549497025420234
v 0.8473770866211366 4.0040785 -1.6705206521532368
v 0.8170791439281364 4.0040785 -1.685547047328749
v 0.7865148506985087 4.0040785 -1.7000239897812333
v 0.7556941702460478 4.0040785 -1.7139467603333356
v 0.7246271494613638 4.0040785 -1.7273108204560343
v 0.6933239155368055 4.0040785 -1.740111813748103
v 0.6617946726652191 4.0040785 -1.7523455673562036
v 0.6300496987135904 4.0040785 -1.7640080933351505
v 0.5980993418726821 4.0040785 -1.775095589947895
v 0.5659540172837304 4.0040785 -1.785604442904813
v 0.5336242036433462 4.0040785 -1.7955312265418844
v 0.5011204397876725 4.0040785 -1.8048727049373896
v 0.4684533212569417 4.0040785 -1.813625832966751
v 0.4356334968415636 4.0040785 -1.8217877572951768
v 0.40267166511083846 4.0040785 -1.8293558173077933
v 0.36957857092545215 4.0040785 -1.8363275459769426
v 0.3363650019348741 4.0040785 -1.8427006706663869
v 0.30304178506081486 4.0040785 -1.8484731138721373
v 0.26961978296788286 4.0040785 -1.853642993899675
v 0.23610989052257425 4.0040785 -1.8582086254773487
v 0.20252303124178778 4.0040785 -1.8621685203057312
v 0.16887015373198289 4.0040785 -1.8655213875427794
v 0.13516222812016815 4.0040785 -1.868266134224616
v 0.10141024247786715 4.0040785 -1.8704018656218184
v 0.06762519923924237 4.0040785 -1.8719278855310777
v 0.0338181116145392 4.0040785 -1.8728436965021469
v -0.0 4.0040785 -1.873149
v -0.0 3.0030588750000002 -1.846273
v -0.03333288829927998 3.0030588750000002 -1.8459720770062118
v -0.06665491078127442 3.0030588750000002 -1.8450694061193849
v -0.0999552051707246 3.0030588750000002 -1.8435652815911563
v -0.1332229162752709 3.0030588750000002 -1.8414601937343398
v -0.16644719952401602 3.0030588750000002 -1.8387548287630986
v -0.19961722450262628 3.0030588750000002 -1.8354500685692507
v -0.23272217848381735 3.0030588750000002 -1.8315469904347925
v -0.2657512699520753 3.0030588750000002 -1.8270468666807262
v -0.29869373212146266 3.0030588750000002 -1.8219511642523114
v -0.3315388264453625 3.0030588750000002 -1.8162615442408705
v -0.36427584611701874 3.0030588750000002 -1.8099798613423106
v -0.39689411955972814 3.0030588750000002 -1.803108163252529
v -0.4293830139055489 3.0030588750000002 -1.7956486899999082
v -0.46173193846139143 3.0030588750000002 -1.7876038732151167
v -0.4939303481613602 3.0030588750000002 -1.7789763353384436
v -0.5259677470042221 3.0030588750000002 -1.7697688887649432
v -0.5578336914748816 3.0030588750000002 -1.7599845349276528
v -0.5895177939487463 3.0030588750000002 -1.7496264633191863
v -0.6210097260778713 3.0030588750000002 -1.7386980504520293
v -0.652299222157785 3.0030588750000002 -1.7272028587578674
v -0.6833760824738898 3.0030588750000002 -1.715144635426307
v -0.7142301766263542 3.0030588750000002 -1.7025273111833732
v -0.7448514468324098 3.0030588750000002 -1.6893549990101742
v -0.7752299112049744 3.0030588750000002 -1.6756319928021566
v -0.8053556670065382 3.0030588750000002 -1.6613627659693877
v -0.835218893877245 3.0030588750000002 -1.6465519699783155
v -0.8648098570361237 3.0030588750000002 -1.6312044328354922
v -0.8941189104544204 3.0030588750000002 -1.6153251575137435
v -0.9231365 3.0030588750000002 -1.5989193203213066
v -0.91365 3.0030588750000002 -1.5824882203353048
v -0.9420715632195718 3.0030588750000002 -1.565735118011036
v -0.9701860310148301 3.0030588750000002 -1.5484716191211547
v -0.9979842386633125 3.0030588750000002 -1.5307033512015344
v -1.025457124536681 3.0030588750000002 -1.512436106332086
v -1.0525957330546243 3.0030588750000002 -1.4936758392486629
v -1.0793912176041842 3.0030588750000002 -1.4744286654019434
v -1.1058348434235667 3.0030588750000002 -1.4547008589639228
v -1.1319179904494905 3.0030588750000002 -1.434498850782665
v -1.1576321561271423 3.0030588750000002 -1.4138292262859837
v -1.1829689581818335 3.0030588750000002 -1.39269872333473
v -1.2079201373514428 3.0030588750000002 -1.371114230026394
v -1.2324775600787612 3.0030588750000002 -1.3490827824497293
v -1.2566332211628604 3.0030588750000002 -1.326611562391137
v -1.2803792463686188 3.0030588750000002 -1.3037078949935557
v -1.3037078949935557 3.0030588750000002 -1.2803792463686186
v -1.3266115623911368 3.0030588750000002 -1.2566332211628601
v -1.3490827824497296 3.0030588750000002 -1.232477560078761
v -1.3711142300263939 3.0030588750000002 -1.2079201373514428
v -1.3926987233347303 3.0030588750000002 -1.1829689581818337
v -1.4138292262859835 3.0030588750000002 -1.1576321561271423
v -1.434498850782665 3.0030588750000002 -1.1319179904494905
v -1.4547008589639225 3.0030588750000002 -1.105834843423567
v -1.4744286654019436 3.0030588750000002 -1.0793912176041842
v -1.4936758392486629 3.0030588750000002 -1.0525957330546243
v -1.5124361063320861 3.0030588750000002 -1.0254571245366813
v -1.5307033512015347 3.0030588750000002 -0.9979842386633123
v -1.548471619121155 3.0030588750000002 -0.9701860310148301
v -1.565735118011036 3.0030588750000002 -0.9420715632195715
v -1.5824882203353046 3.0030588750000002 -0.9136500000000002
v -1.629218951123513 3.0030588750000002 -0.9406300000000002
v -1.6459356800561482 3.0030588750000002 -0.9110625251419928
v -1.662115868734525 3.0030588750000002 -0.8811980631508872
v -1.6777542427590102 3.0030588750000002 -0.8510463492102767
v -1.692845704350099 3.0030588750000002 -0.8206172121418228
v -1.7073853340101848 3.0030588750000002 -0.7899205712012635
v -1.72136839212721 3.0030588750000002 -0.7589664328449469
v -1.7347903205196809 3.0030588750000002 -0.7277648874679397
v -1.7476467439225372 3.0030588750000002 -0.6963261061147672
v -1.7599334714133958 3.0030588750000002 -0.6646603371638726
v -1.7716464977787059 3.0030588750000002 -0.6327779029868587
v -1.7827820048193588 3.0030588750000002 -0.6006891965836136
v -1.7933363625953453 3.0030588750000002 -0.568404678194414
v -1.8033061306090363 3.0030588750000002 -0.5359348718901064
v -1.8126880589267131 3.0030588750000002 -0.5032903621414823
v -1.8214790892379782 3.0030588750000002 -0.47048179036896337
v -1.8296763558526976 3.0030588750000002 -0.43751985147372735
v -1.8372771866351574 3.0030588750000002 -0.4044152903513909
v -1.8442791038751234 3.0030588750000002 -0.3711788983894054
v -1.8506798250955194 3.0030588750000002 -0.33782150994928817
v -1.8564772637964715 3.0030588750000002 -0.3043539988348544
v -1.861669530135458 3.0030588750000002 -0.27078727474758163
v -1.866254931543362 3.0030588750000002 -0.23713227973028164
v -1.8702319732762105 3.0030588750000002 -0.20339998460022443
v -1.8735993589024302 3.0030588750000002 -0.16960138537288372
v -1.8763559907254581 3.0030588750000002 -0.13574749967746702
v -1.8785009701415651 3.0030588750000002 -0.10184936316540232
v -1.8800335979327836 3.0030588750000002 -0.06791802591295047
v -1.880953374494837 3.0030588750000002 -0.033964548819109326
v -1.88126 3.0030588750000002 -1.1519395186819749e-16
v -1.870928 3.0030588750000002 -1.1456129933175797e-16
v -1.870623058501683 3.0030588750000002 0.033778013349052304
v -1.8697083334112174 3.0030588750000002 0.06754501577945853
v -1.8681841229096554 3.0030588750000002 0.10128999996189796
v -1.8660509238574148 3.0030588750000002 0.13500196574453524
v -1.8633094316323138 3.0030588750000002 0.16866992373883363
v -1.8599605399028916 3.0030588750000002 0.20228289890186846
v -1.8560053403370929 3.0030588750000002 0.2358299341139534
v -1.8514451222464055 3.0030588750000002 0.26930009375043484
v -1.8462813721655724 3.0030588750000002 0.302682467246471
v -1.840515773368014 3.0030588750000002 0.3359661726536482
v -1.8341502053171153 3.0030588750000002 0.36914036018726476
v -1.827186743053561 3.0030588750000002 0.40219421576313086
v -1.819627656518916 3.0030588750000002 0.4351169645227334
v -1.8114754098156727 3.0030588750000002 0.4678978743456108
v -1.8027326604040046 3.0030588750000002 0.5005262593477982
v -1.7934022582354927 3.0030588750000002 0.5329914833651985
v -1.7834872448240988 3.0030588750000002 0.5652829634207497
v -1.7729908522546982 3.0030588750000002 0.5973901731742484
v -1.761916502129487 3.0030588750000002 0.6293026463537189
v -1.7502678044526128 3.0030588750000002 0.6610099801671908
v -1.73804855645339 3.0030588750000002 0.692501838693795
v -1.725262741348482 3.0030588750000002 0.7237679562530523
v -1.7119145270434581 3.0030588750000002 0.7547981407512686
v -1.698008264774144 3.0030588750000002 0.7855822770039428
v -1.6835484876882099 3.0030588750000002 0.8161103300331035
v -1.6685399093674607 3.0030588750000002 0.8463723483384991
v -1.6529874222913088 3.0030588750000002 0.8763584671415767
v -1.6368960962419277 3.0030588750000002 0.9060589116011926
v -1.6202711766516125 3.0030588750000002 0.9354639999999995
v -1.5833637720185312 3.0030588750000002 0.9141554999999996
v -1.5666014006161415 3.0030588750000002 0.9425927881691771
v -1.5493283502583144 3.0030588750000002 0.9707228110057219
v -1.5315502515944994 3.0030588750000002 0.9985363987165543
v -1.5132728999092229 3.0030588750000002 1.0260244846597628
v -1.4945022532329462 3.0030588750000002 1.053178108300133
v -1.4752444303998755 3.0030588750000002 1.079988418130096
v -1.4555057090533514 3.0030588750000002 1.1064466745551276
v -1.4352925235994662 3.0030588750000002 1.1325442527426797
v -1.4146114631095896 3.0030588750000002 1.1582726454336847
v -1.3934692691724644 3.0030588750000002 1.1836234657157483
v -1.3718728336965944 3.0030588750000002 1.2085884497571024
v -1.3498291966636273 3.0030588750000002 1.2331594595004438
v -1.3273455438334716 3.0030588750000002 1.257328485315761
v -1.3044292044018846 3.0030588750000002 1.2810876486113145
v -1.2810876486113147 3.0030588750000002 1.3044292044018841
v -1.2573284853157614 3.0030588750000002 1.3273455438334716
v -1.2331594595004434 3.0030588750000002 1.3498291966636278
v -1.208588449757103 3.0030588750000002 1.3718728336965942
v -1.1836234657157476 3.0030588750000002 1.3934692691724644
v -1.1582726454336847 3.0030588750000002 1.4146114631095892
v -1.1325442527426801 3.0030588750000002 1.4352925235994662
v -1.1064466745551278 3.0030588750000002 1.4555057090533512
v -1.0799884181300956 3.0030588750000002 1.4752444303998757
v -1.0531781083001326 3.0030588750000002 1.4945022532329464
v -1.0260244846597628 3.0030588750000002 1.5132728999092226
v -0.9985363987165536 3.0030588750000002 1.5315502515944996
v -0.9707228110057214 3.0030588750000002 1.5493283502583144
v -0.9425927881691782 3.0030588750000002 1.5666014006161408
v -0.9141555 3.0030588750000002 1.583363772018531
v -0.931829 3.0030588750000002 1.6139751719660995
v -0.9025381730760643 3.0030588750000002 1.630535490906138
v -0.8729531377776896 3.0030588750000002 1.646564289728186
v -0.843083538201273 3.0030588750000002 1.6620563433825049
v -0.8129391112051522 3.0030588750000002 1.677006601786939
v -0.7825296832355993 3.0030588750000002 1.6914101914731365
v -0.7518651671236031 3.0030588750000002 1.705262417175197
v -0.7209555588534946 3.0030588750000002 1.7185587633602306
v -0.6898109343044742 3.0030588750000002 1.7312948957003218
v -0.6584414459660799 3.0030588750000002 1.7434666624854342
v -0.6268573196286974 3.0030588750000002 1.7550700959767749
v -0.5950688510501605 3.0030588750000002 1.7661014137001991
v -0.5630864025995586 3.0030588750000002 1.7765570196792133
v -0.530920399879322 3.0030588750000002 1.7864335056071863
v -0.4985813283266907 3.0030588750000002 1.7957276519583902
v -0.46607972979569107 3.0030588750000002 1.8044364290374921
v -0.4334261991207077 3.0030588750000002 1.812556997967175
v -0.4006313806627972 3.0030588750000002 1.8200867116135488
v -0.3677059648398432 3.0030588750000002 1.827023115449063
v -0.33466068464171383 3.0030588750000002 1.8333639483526283
v -0.3015063121315332 3.0030588750000002 1.8391071433466957
v -0.26825365493420794 3.0030588750000002 1.844250828271046
v -0.2349135527133822 3.0030588750000002 1.8487933263930765
v -0.20149687363792593 3.0030588750000002 1.8527331569543792
v -0.16801451083914884 3.0030588750000002 1.8560690356534373
v -0.1344773788598651 3.0030588750000002 1.8587998750642793
v -0.10089641009648191 3.0030588750000002 1.860924784990958
v -0.06728255123527684 3.0030588750000002 1.8624430727577344
v -0.03364675968400107 3.0030588750000002 1.863354243434878
v -2.282322804405358e-16 3.0030588750000002 1.863658
v -2.2193784082227822e-16 3.0030588750000002 1.81226
v 0.03271881252082113 3.0030588750000002 1.8119646207658766
v 0.06542695940008411 3.0030588750000002 1.8110785793508957
v 0.09811377847300819 3.0030588750000002 1.8096021645858378
v 0.1307686145272246 3.0030588750000002 1.8075358577507197
v 0.1633808227761513 3.0030588750000002 1.8048803324179106
v 0.19593977232897256 3.0030588750000002 1.8016364542325596
v 0.22843484965608132 3.0030588750000002 1.7978052806304143
v 0.2608554620488675 3.0030588750000002 1.7933880604931194
v 0.2931910410727137 3.0030588750000002 1.7883862337411063
v 0.3254310460120857 3.0030588750000002 1.7828014308642115
v 0.3575649673065838 3.0030588750000002 1.7766354723901698
v 0.38958232997683045 3.0030588750000002 1.7698903682911618
v 0.42147269703909956 3.0030588750000002 1.762568317328604
v 0.4532256729075498 3.0030588750000002 1.7546717063364015
v 0.4848309067829661 3.0030588750000002 1.7462031094428867
v 0.5162780960268996 3.0030588750000002 1.7371652872317127
v 0.5475569895201132 3.0030588750000002 1.7275611858419577
v 0.5786573910042311 3.0030588750000002 1.7173939360077455
v 0.6095691624054963 3.0030588750000002 1.7066668520376969
v 0.6402822271395764 3.0030588750000002 1.6953834307345297
v 0.6707865733963128 3.0030588750000002 1.6835473502551783
v 0.701072257403362 3.0030588750000002 1.6711624689117914
v 0.7311294066676506 3.0030588750000002 1.6582328239140032
v 0.760948223193605 3.0030588750000002 1.6447626300528884
v 0.7905189866770888 3.0030588750000002 1.630756278327031
v 0.8198320576740142 3.0030588750000002 1.6162183345111485
v 0.8488778807426022 3.0030588750000002 1.6011535376677493
v 0.877646987558247 3.0030588750000002 1.5855667986022963
v 0.9061300000000002 3.0030588750000002 1.5694631982623866
v 0.9183920000000002 3.0030588750000002 1.590701605264796
v 0.9469610760010386 3.0030588750000002 1.573861551469809
v 0.9752214626999084 3.0030588750000002 1.5565084520636085
v 1.003163947807669 3.0030588750000002 1.5386479637899413
v 1.0307794226645781 3.0030588750000002 1.5202859087906062
v 1.0580588852093284 3.0030588750000002 1.5014282727075552
v 1.0849934429135246 3.0030588750000002 1.4820812027317047
v 1.1115743156804645 3.0030588750000002 1.4622510055990756
v 1.1377928387072604 3.0030588750000002 1.4419441455349349
v 1.163640465309384 3.0030588750000002 1.4211672421465957
v 1.1891087697067044 3.0030588750000002 1.399927068265561
v 1.2141894497701156 3.0030588750000002 1.3782305477397254
v 1.2388743297278542 3.0030588750000002 1.3560847531763494
v 1.2631553628306258 3.0030588750000002 1.3334969036365363
v 1.287024633974682 3.0030588750000002 1.3104743622819701
v 1.3104743622819697 3.0030588750000002 1.2870246339746823
v 1.3334969036365358 3.0030588750000002 1.263155362830626
v 1.3560847531763494 3.0030588750000002 1.238874329727854
v 1.3782305477397252 3.0030588750000002 1.214189449770116
v 1.399927068265561 3.0030588750000002 1.1891087697067042
v 1.4211672421465953 3.0030588750000002 1.1636404653093841
v 1.4419441455349349 3.0030588750000002 1.1377928387072602
v 1.4622510055990747 3.0030588750000002 1.1115743156804654
v 1.4820812027317045 3.0030588750000002 1.0849934429135248
v 1.5014282727075559 3.0030588750000002 1.0580588852093276
v 1.5202859087906058 3.0030588750000002 1.0307794226645786
v 1.5386479637899413 3.0030588750000002 1.0031639478076688
v 1.5565084520636088 3.0030588750000002 0.9752214626999082
v 1.5738615514698093 3.0030588750000002 0.9469610760010386
v 1.590701605264796 3.0030588750000002 0.9183920000000008
v 1.6057453325539355 3.0030588750000002 0.9270775000000008
v 1.6222212085806893 3.0030588750000002 0.8979360302694217
v 1.638168274769815 3.0030588750000002 0.8685018523657203
v 1.653581332714687 3.0030588750000002 0.8387845612089673
v 1.668455358084081 3.0030588750000002 0.8087938440081761
v 1.6827855022600038 3.0030588750000002 0.7785394771034715
v 1.6965670939182396 3.0030588750000002 0.7480313227792132
v 1.7097956405511032 3.0030588750000002 0.7172793260490943
v 1.7224668299319026 3.0030588750000002 0.686293511414279
v 1.7345765315206327 3.0030588750000002 0.6550839795956324
v 1.746120797810444 3.0030588750000002 0.6236609042410934
v 1.757095865614449 3.0030588750000002 0.5920345286092777
v 1.7674981572924386 3.0030588750000002 0.5602151622304001
v 1.7773242819171182 3.0030588750000002 0.5282131775455815
v 1.7865710363794796 3.0030588750000002 0.49603900652564836
v 1.7952354064329459 3.0030588750000002 0.4637031372705346
v 1.8033145676759506 3.0030588750000002 0.43121611059038506
v 1.8108058864726362 3.0030588750000002 0.3985885165694702
v 1.81770692081136 3.0030588750000002 0.3658309911140446
v 1.8240154211007427 3.0030588750000002 0.3329542124852622
v 1.8297293309029834 3.0030588750000002 0.2999688978182915
v 1.8348467876042176 3.0030588750000002 0.2668857996287613
v 1.8393661230216891 3.0030588750000002 0.2337157023076559
v 1.8432858639475416 3.0030588750000002 0.20046941860584333
v 1.8466047326290551 3.0030588750000002 0.1671577861093402
v 1.8493216471851641 3.0030588750000002 0.13379166370649112
v 1.8514357219591304 3.0030588750000002 0.10038192804819562
v 1.8529462678072466 3.0030588750000002 0.06693947000235285
v 1.8538527923234824 3.0030588750000002 0.03347519110367393
v 1.854155 3.0030588750000002 3.4060274788095913e-16
v 1.852462 3.0030588750000002 3.4029174882631567e-16
v 1.8521600682645964 3.0030588750000002 -0.033444625428992056
v 1.8512543714817518 3.0030588750000002 -0.06687834861675553
v 1.8497452048894807 3.0030588750000002 -0.10029027087595985
v 1.8476330604442044 3.0030588750000002 -0.13366950062592
v 1.8449186266603843 3.0030588750000002 -0.16700515694301846
v 1.8416027883860793 3.0030588750000002 -0.2002863731076509
v 1.8376866265145062 3.0030588750000002 -0.2335023001465593
v 1.8331714176316891 3.0030588750000002 -0.266642110369356
v 1.8280586336003204 3.0030588750000002 -0.29969500089812867
v 1.8223499410799657 3.0030588750000002 -0.3326501971889473
v 1.8160472009837656 3.0030588750000002 -0.36549695654414227
v 1.8091524678718187 3.0030588750000002 -0.3982245716141939
v 1.8016679892814391 3.0030588750000002 -0.43082237388809713
v 1.7935962049945058 3.0030588750000002 -0.4632797371710821
v 1.7849397462421448 3.0030588750000002 -0.49558608104851776
v 1.7757014348470048 3.0030588750000002 -0.5277308743349098
v 1.7658842823034022 3.0030588750000002 -0.5597036385068418
v 1.7554914887956365 3.0030588750000002 -0.5914939511187585
v 1.744526442154799 3.0030588750000002 -0.6230914492004515
v 1.732992716754411 3.0030588750000002 -0.6544858326351805
v 1.7208940723452533 3.0030588750000002 -0.685666867517288
v 1.708234452829768 3.0030588750000002 -0.7166243894882337
v 1.6950179849764282 3.0030588750000002 -0.7473483070499654
v 1.6812489770745007 3.0030588750000002 -0.7778286048545308
v 1.6669319175296304 3.0030588750000002 -0.8080553469688755
v 1.6520714734007216 3.0030588750000002 -0.8380186801137363
v 1.6366724888785693 3.0030588750000002 -0.8677088368756135
v 1.620739983706757 3.0030588750000002 -0.897116138890736
v 1.604279151545329 3.0030588750000002 -0.9262310000000002
v 1.6055071755678951 3.0030588750000002 -0.9269400000000002
v 1.5885103817535697 3.0030588750000002 -0.9557749847433377
v 1.5709957671188786 3.0030588750000002 -0.9842984070364873
v 1.5529690410581187 3.0030588750000002 -1.0125009688464635
v 1.5344360799030965 3.0030588750000002 -1.040373476734013
v 1.5154029250075591 3.0030588750000002 -1.0679068448504927
v 1.4958757807778447 3.0030588750000002 -1.0950920978996574
v 1.4758610126503788 3.0030588750000002 -1.1219203740634174
v 1.4553651450166727 3.0030588750000002 -1.1483829278906053
v 1.4343948590965137 3.0030588750000002 -1.1744711331478064
v 1.4129569907600223 3.0030588750000002 -1.2001764856313348
v 1.3910585282993115 3.0030588750000002 -1.2254906059394146
v 1.3687066101504437 3.0030588750000002 -1.2504052422036949
v 1.3459085225664542 3.0030588750000002 -1.274912272779184
v 1.3226716972421892 3.0030588750000002 -1.2990037088917281
v 1.2990037088917277 3.0030588750000002 -1.3226716972421904
v 1.2749122727791844 3.0030588750000002 -1.3459085225664538
v 1.2504052422036955 3.0030588750000002 -1.368706610150443
v 1.2254906059394142 3.0030588750000002 -1.391058528299312
v 1.2001764856313355 3.0030588750000002 -1.4129569907600217
v 1.1744711331478068 3.0030588750000002 -1.4343948590965132
v 1.1483829278906046 3.0030588750000002 -1.4553651450166734
v 1.121920374063418 3.0030588750000002 -1.4758610126503782
v 1.0950920978996583 3.0030588750000002 -1.4958757807778442
v 1.0679068448504931 3.0030588750000002 -1.5154029250075587
v 1.0403734767340127 3.0030588750000002 -1.5344360799030972
v 1.0125009688464641 3.0030588750000002 -1.5529690410581185
v 0.9842984070364882 3.0030588750000002 -1.5709957671188781
v 0.955774984743337 3.0030588750000002 -1.5885103817535706
v 0.9269400000000008 3.0030588750000002 -1.605507175567895
v 0.9365745000000008 3.0030588750000002 -1.622194619073417
v 0.9071345044848664 3.0030588750000002 -1.6388392742956814
v 0.8773988022883707 3.0030588750000002 -1.6549497025420234
v 0.8473770866211366 3.0030588750000002 -1.6705206521532368
v 0.8170791439281364 3.0030588750000002 -1.685547047328749
v 0.7865148506985087 3.0030588750000002 -1.7000239897812333
v 0.7556941702460478 3.0030588750000002 -1.7139467603333356
v 0.7246271494613638 3.0030588750000002 -1.7273108204560343
v 0.6933239155368055 3.0030588750000002 -1.740111813748103
v 0.6617946726652191 3.0030588750000002 -1.7523455673562036
v 0.6300496987135904 3.0030588750000002 -1.7640080933351505
v 0.5980993418726821 3.0030588750000002 -1.775095589947895
v 0.5659540172837304 3.0030588750000002 -1.785604442904813
v 0.5336242036433462 3.0030588750000002 -1.7955312265418844
v 0.5011204397876725 3.0030588750000002 -1.8048727049373896
v 0.4684533212569417 3.0030588750000002 -1.813625832966751
v 0.4356334968415636 3.0030588750000002 -1.8217877572951768
v 0.40267166511083846 3.0030588750000002 -1.8293558173077933
v 0.36957857092545215 3.0030588750000002 -1.8363275459769426
v 0.3363650019348741 3.0030588750000002 -1.8427006706663869
v 0.30304178506081486 3.0030588750000002 -1.8484731138721373
v 0.26961978296788286 3.0030588750000002 -1.853642993899675
v 0.23610989052257425 3.0030588750000002 -1.8582086254773487
v 0.20252303124178778 3.0030588750000002 -1.8621685203057312
v 0.16887015373198289 3.0030588750000002 -1.8655213875427794
v 0.13516222812016815 3.0030588750000002 -1.868266134224616
v 0.10141024247786715 3.0030588750000002 -1.8704018656218184
v 0.06762519923924237 3.0030588750000002 -1.8719278855310777
v 0.0338181116145392 3.0030588750000002 -1.8728436965021469
v -0.0 3.0030588750000002 -1.873149
v -0.0 4.0040785 -1.846273
v -0.03333288829927998 4.0040785 -1.8459720770062118
v -0.06665491078127442 4.0040785 -1.8450694061193849
v -0.0999552051707246 4.0040785 -1.8435652815911563
v -0.1332229162752709 4.0040785 -1.8414601937343398
v -0.16644719952401602 4.0040785 -1.8387548287630986
v -0.19961722450262628 4.0040785 -1.8354500685692507
v -0.23272217848381735 4.0040785 -1.8315469904347925
v -0.2657512699520753 4.0040785 -1.8270468666807262
v -0.29869373212146266 4.0040785 -1.8219511642523114
v -0.3315388264453625 4.0040785 -1.8162615442408705
v -0.36427584611701874 4.0040785 -1.8099798613423106
v -0.39689411955972814 4.0040785 -1.803108163252529
v -0.4293830139055489 4.0040785 -1.7956486899999082
v -0.46173193846139143 4.0040785 -1.7876038732151167
v -0.4939303481613602 4.0040785 -1.7789763353384436
v -0.5259677470042221 4.0040785 -1.7697688887649432
v -0.5578336914748816 4.0040785 -1.7599845349276528
v -0.5895177939487463 4.0040785 -1.7496264633191863
v -0.6210097260778713 4.0040785 -1.7386980504520293
v -0.652299222157785 4.0040785 -1.7272028587578674
v -0.6833760824738898 4.0040785 -1.715144635426307
v -0.7142301766263542 4.0040785 -1.7025273111833732
v -0.7448514468324098 4.0040785 -1.6893549990101742
v -0.7752299112049744 4.0040785 -1.6756319928021566
v -0.8053556670065382 4.0040785 -1.6613627659693877
v -0.835218893877245 4.0040785 -1.6465519699783155
v -0.8648098570361237 4.0040785 -1.6312044328354922
v -0.8941189104544204 4.0040785 -1.6153251575137435
v -0.9231365 4.0040785 -1.5989193203213066
v -0.91365 4.0040785 -1.5824882203353048
v -0.9420715632195718 4.0040785 -1.565735118011036
v -0.9701860310148301 4.0040785 -1.5484716191211547
v -0.9979842386633125 4.0040785 -1.5307033512015344
v -1.025457124536681 4.0040785 -1.512436106332086
v -1.0525957330546243 4.0040785 -1.4936758392486629
v -1.0793912176041842 4.0040785 -1.4744286654019434
v -1.1058348434235667 4.0040785 -1.4547008589639228
v -1.1319179904494905 4.0040785 -1.434498850782665
v -1.1576321561271423 4.0040785 -1.4138292262859837
v -1.1829689581818335 4.0040785 -1.39269872333473
v -1.2079201373514428 4.0040785 -1.371114230026394
v -1.2324775600787612 4.0040785 -1.3490827824497293
v -1.2566332211628604 4.0040785 -1.326611562391137
v -1.2803792463686188 4.0040785 -1.3037078949935557
v -1.3037078949935557 4.0040785 -1.2803792463686186
v -1.3266115623911368 4.0040785 -1.2566332211628601
v -1.3490827824497296 4.0040785 -1.232477560078761
v -1.3711142300263939 4.0040785 -1.2079201373514428
v -1.3926987233347303 4.0040785 -1.1829689581818337
v -1.4138292262859835 4.0040785 -1.1576321561271423
v -1.434498850782665 4.0040785 -1.1319179904494905
v -1.4547008589639225 4.0040785 -1.105834843423567
v -1.4744286654019436 4.0040785 -1.0793912176041842
v -1.4936758392486629 4.0040785 -1.0525957330546243
v -1.5124361063320861 4.0040785 -1.0254571245366813
v -1.5307033512015347 4.0040785 -0.9979842386633123
v -1.548471619121155 4.0040785 -0.9701860310148301
v -1.565735118011036 4.0040785 -0.9420715632195715
v -1.5824882203353046 4.0040785 -0.9136500000000002
v -1.629218951123513 4.0040785 -0.9406300000000002
v -1.6459356800561482 4.0040785 -0.9110625251419928
v -1.662115868734525 4.0040785 -0.8811980631508872
v -1.6777542427590102 4.0040785 -0.8510463492102767
v -1.692845704350099 4.0040785 -0.8206172121418228
v -1.7073853340101848 4.0040785 -0.7899205712012635
v -1.72136839212721 4.0040785 -0.7589664328449469
v -1.7347903205196809 4.0040785 -0.7277648874679397
v -1.7476467439225372 4.0040785 -0.6963261061147672
v -1.7599334714133958 4.0040785 -0.6646603371638726
v -1.7716464977787059 4.0040785 -0.6327779029868587
v -1.7827820048193588 4.0040785 -0.6006891965836136
v -1.7933363625953453 4.0040785 -0.568404678194414
v -1.8033061306090363 4.0040785 -0.5359348718901064
v -1.8126880589267131 4.0040785 -0.5032903621414823
v -1.8214790892379782 4.0040785 -0.47048179036896337
v -1.8296763558526976 4.0040785 -0.43751985147372735
v -1.8372771866351574 4.0040785 -0.4044152903513909
v -1.8442791038751234 4.0040785 -0.3711788983894054
v -1.8506798250955194 4.0040785 -0.33782150994928817
v -1.8564772637964715 4.0040785 -0.3043539988348544
v -1.861669530135458 4.0040785 -0.27078727474758163
v -1.866254931543362 4.0040785 -0.23713227973028164
v -1.8702319732762105 4.0040785 -0.20339998460022443
v -1.8735993589024302 4.0040785 -0.16960138537288372
v -1.8763559907254581 4.0040785 -0.13574749967746702
v -1.8785009701415651 4.0040785 -0.10184936316540232
v -1.8800335979327836 4.0040785 -0.06791802591295047
v -1.880953374494837 4.0040785 -0.033964548819109326
v -1.88126 4.0040785 -1.1519395186819749e-16
v -1.870928 4.0040785 -1.1456129933175797e-16
v -1.870623058501683 4.0040785 0.033778013349052304
v -1.8697083334112174 4.0040785 0.06754501577945853
v -1.8681841229096554 4.0040785 0.10128999996189796
v -1.8660509238574148 4.0040785 0.13500196574453524
v -1.8633094316323138 4.0040785 0.16866992373883363
v -1.8599605399028916 4.0040785 0.20228289890186846
v -1.8560053403370929 4.0040785 0.2358299341139534
v -1.8514451222464055 4.0040785 0.26930009375043484
v -1.8462813721655724 4.0040785 0.302682467246471
v -1.840515773368014 4.0040785 0.3359661726536482
v -1.8341502053171153 4.0040785 0.36914036018726476
v -1.827186743053561 4.0040785 0.40219421576313086
v -1.819627656518916 4.0040785 0.4351169645227334
v -1.8114754098156727 4.0040785 0.4678978743456108
v -1.8027326604040046 4.0040785 0.5005262593477982
v -1.7934022582354927 4.0040785 0.5329914833651985
v -1.7834872448240988 4.0040785 0.5652829634207497
v -1.7729908522546982 4.0040785 0.5973901731742484
v -1.761916502129487 4.0040785 0.6293026463537189
v -1.7502678044526128 4.0040785 0.6610099801671908
v -1.73804855645339 4.0040785 0.692501838693795
v -1.725262741348482 4.0040785 0.7237679562530523
v -1.7119145270434581 4.0040785 0.7547981407512686
v -1.698008264774144 4.0040785 0.7855822770039428
v -1.6835484876882099 4.0040785 0.8161103300331035
v -1.6685399093674607 4.0040785 0.8463723483384991
v -1.6529874222913088 4.0040785 0.8763584671415767
v -1.6368960962419277 4.0040785 0.9060589116011926
v -1.6202711766516125 4.0040785 0.9354639999999995
v -1.5833637720185312 4.0040785 0.9141554999999996
v -1.5666014006161415 4.0040785 0.9425927881691771
v -1.5493283502583144 4.0040785 0.9707228110057219
v -1.5315502515944994 4.0040785 0.9985363987165543
v -1.5132728999092229 4.0040785 1.0260244846597628
v -1.4945022532329462 4.0040785 1.053178108300133
v -1.4752444303998755 4.0040785 1.079988418130096
v -1.4555057090533514 4.0040785 1.1064466745551276
v -1.4352925235994662 4.0040785 1.1325442527426797
v -1.4146114631095896 4.0040785 1.1582726454336847
v -1.3934692691724644 4.0040785 1.1836234657157483
v -1.3718728336965944 4.0040785 1.2085884497571024
v -1.3498291966636273 4.0040785 1.2331594595004438
v -1.3273455438334716 4.0040785 1.257328485315761
v -1.3044292044018846 4.0040785 1.2810876486113145
v -1.2810876486113147 4.0040785 1.3044292044018841
v -1.2573284853157614 4.0040785 1.3273455438334716
v -1.2331594595004434 4.0040785 1.3498291966636278
v -1.208588449757103 4.0040785 1.3718728336965942
v -1.1836234657157476 4.0040785 1.3934692691724644
v -1.1582726454336847 4.0040785 1.4146114631095892
v -1.1325442527426801 4.0040785 1.4352925235994662
v -1.1064466745551278 4.0040785 1.4555057090533512
v -1.0799884181300956 4.0040785 1.4752444303998757
v -1.0531781083001326 4.0040785 1.4945022532329464
v -1.0260244846597628 4.0040785 1.5132728999092226
v -0.9985363987165536 4.0040785 1.5315502515944996
v -0.9707228110057214 4.0040785 1.5493283502583144
v -0.9425927881691782 4.0040785 1.5666014006161408
v -0.9141555 4.0040785 1.583363772018531
v -0.931829 4.0040785 1.6139751719660995
v -0.9025381730760643 4.0040785 1.630535490906138
v -0.8729531377776896 4.0040785 1.646564289728186
v -0.843083538201273 4.0040785 1.6620563433825049
v -0.8129391112051522 4.0040785 1.677006601786939
v -0.7825296832355993 4.0040785 1.6914101914731365
v -0.7518651671236031 4.0040785 1.705262417175197
v -0.7209555588534946 4.0040785 1.7185587633602306
v -0.6898109343044742 4.0040785 1.7312948957003218
v -0.6584414459660799 4.0040785 1.7434666624854342
v -0.6268573196286974 4.0040785 1.7550700959767749
v -0.5950688510501605 4.0040785 1.7661014137001991
v -0.5630864025995586 4.0040785 1.7765570196792133
v -0.530920399879322 4.0040785 1.7864335056071863
v -0.4985813283266907 4.0040785 1.7957276519583902
v -0.46607972979569107 4.0040785 1.8044364290374921
v -0.4334261991207077 4.0040785 1.812556997967175
v -0.4006313806627972 4.0040785 1.8200867116135488
v -0.3677059648398432 4.0040785 1.827023115449063
v -0.33466068464171383 4.0040785 1.8333639483526283
v -0.3015063121315332 4.0040785 1.8391071433466957
v -0.26825365493420794 4.0040785 1.844250828271046
v -0.2349135527133822 4.0040785 1.8487933263930765
v -0.20149687363792593 4.0040785 1.8527331569543792
v -0.16801451083914884 4.0040785 1.8560690356534373
v -0.1344773788598651 4.0040785 1.8587998750642793
v -0.10089641009648191 4.0040785 1.860924784990958
v -0.06728255123527684 4.0040785 1.8624430727577344
v -0.03364675968400107 4.0040785 1.863354243434878
v -2.282322804405358e-16 4.0040785 1.863658
v -2.2193784082227822e-16 4.0040785 1.81226
v 0.03271881252082113 4.0040785 1.8119646207658766
v 0.06542695940008411 4.0040785 1.8110785793508957
v 0.09811377847300819 4.0040785 1.8096021645858378
v 0.1307686145272246 4.0040785 1.8075358577507197
v 0.1633808227761513 4.0040785 1.8048803324179106
v 0.19593977232897256 4.0040785 1.8016364542325596
v 0.22843484965608132 4.0040785 1.7978052806304143
v 0.2608554620488675 4.0040785 1.7933880604931194
v 0.2931910410727137 4.0040785 1.7883862337411063
v 0.3254310460120857 4.0040785 1.7828014308642115
v 0.3575649673065838 4.0040785 1.7766354723901698
v 0.38958232997683045 4.0040785 1.7698903682911618
v 0.42147269703909956 4.0040785 1.762568317328604
v 0.4532256729075498 4.0040785 1.7546717063364015
v 0.4848309067829661 4.0040785 1.7462031094428867
v 0.5162780960268996 4.0040785 1.7371652872317127
v 0.5475569895201132 4.0040785 1.7275611858419577
v 0.5786573910042311 4.0040785 1.7173939360077455
v 0.6095691624054963 4.0040785 1.7066668520376969
v 0.6402822271395764 4.0040785 1.6953834307345297
v 0.6707865733963128 4.0040785 1.6835473502551783
v 0.701072257403362 4.0040785 1.6711624689117914
v 0.7311294066676506 4.0040785 1.6582328239140032
v 0.760948223193605 4.0040785 1.6447626300528884
v 0.7905189866770888 4.0040785 1.630756278327031
v 0.8198320576740142 4.0040785 1.6162183345111485
v 0.8488778807426022 4.0040785 1.6011535376677493
v 0.877646987558247 4.0040785 1.5855667986022963
v 0.9061300000000002 4.0040785 1.5694631982623866
v 0.9183920000000002 4.0040785 1.590701605264796
v 0.9469610760010386 4.0040785 1.573861551469809
v 0.9752214626999084 4.0040785 1.5565084520636085
v 1.003163947807669 4.0040785 1.5386479637899413
v 1.0307794226645781 4.0040785 1.5202859087906062
v 1.0580588852093284 4.0040785 1.5014282727075552
v 1.0849934429135246 4.0040785 1.4820812027317047
v 1.1115743156804645 4.0040785 1.4622510055990756
v 1.1377928387072604 4.0040785 1.4419441455349349
v 1.163640465309384 4.0040785 1.4211672421465957
v 1.1891087697067044 4.0040785 1.399927068265561
v 1.2141894497701156 4.0040785 1.3782305477397254
v 1.2388743297278542 4.0040785 1.3560847531763494
v 1.2631553628306258 4.0040785 1.3334969036365363
v 1.287024633974682 4.0040785 1.3104743622819701
v 1.3104743622819697 4.0040785 1.2870246339746823
v 1.3334969036365358 4.0040785 1.263155362830626
v 1.3560847531763494 4.0040785 1.238874329727854
v 1.3782305477397252 4.0040785 1.214189449770116
v 1.399927068265561 4.0040785 1.1891087697067042
v 1.4211672421465953 4.0040785 1.1636404653093841
v 1.4419441455349349 4.0040785 1.1377928387072602
v 1.4622510055990747 4.0040785 1.1115743156804654
v 1.4820812027317045 4.0040785 1.0849934429135248
v 1.5014282727075559 4.0040785 1.0580588852093276
v 1.5202859087906058 4.0040785 1.0307794226645786
v 1.5386479637899413 4.0040785 1.0031639478076688
v 1.5565084520636088 4.0040785 0.9752214626999082
v 1.5738615514698093 4.0040785 0.9469610760010386
v 1.590701605264796 4.0040785 0.9183920000000008
v 1.6057453325539355 4.0040785 0.9270775000000008
v 1.6222212085806893 4.0040785 0.8979360302694217
v 1.638168274769815 4.0040785 0.8685018523657203
v 1.653581332714687 4.0040785 0.8387845612089673
v 1.668455358084081 4.0040785 0.8087938440081761
v 1.6827855022600038 4.0040785 0.7785394771034715
v 1.6965670939182396 4.0040785 0.7480313227792132
v 1.7097956405511032 4.0040785 0.7172793260490943
v 1.7224668299319026 4.0040785 0.686293511414279
v 1.7345765315206327 4.0040785 0.6550839795956324
v 1.746120797810444 4.0040785 0.6236609042410934
v 1.757095865614449 4.0040785 0.5920345286092777
v 1.7674981572924386 4.0040785 0.5602151622304001
v 1.7773242819171182 4.0040785 0.5282131775455815
v 1.7865710363794796 4.0040785 0.49603900652564836
v 1.7952354064329459 4.0040785 0.4637031372705346
v 1.8033145676759506 4.0040785 0.43121611059038506
v 1.8108058864726362 4.0040785 0.3985885165694702
v 1.81770692081136 4.0040785 0.3658309911140446
v 1.8240154211007427 4.0040785 0.3329542124852622
v 1.8297293309029834 4.0040785 0.2999688978182915
v 1.8348467876042176 4.0040785 0.2668857996287613
v 1.8393661230216891 4.0040785 0.2337157023076559
v 1.8432858639475416 4.0040785 0.20046941860584333
v 1.8466047326290551 4.0040785 0.1671577861093402
v 1.8493216471851641 4.0040785 0.13379166370649112
v 1.8514357219591304 4.0040785 0.10038192804819562
v 1.8529462678072466 4.0040785 0.06693947000235285
v 1.8538527923234824 4.0040785 0.03347519110367393
v 1.854155 4.0040785 3.4060274788095913e-16
v 1.852462 4.0040785 3.4029174882631567e-16
v 1.8521600682645964 4.0040785 -0.033444625428992056
v 1.8512543714817518 4.0040785 -0.06687834861675553
v 1.8497452048894807 4.0040785 -0.10029027087595985
v 1.8476330604442044 4.0040785 -0.13366950062592
v 1.8449186266603843 4.0040785 -0.16700515694301846
v 1.8416027883860793 4.0040785 -0.2002863731076509
v 1.8376866265145062 4.0040785 -0.2335023001465593
v 1.8331714176316891 4.0040785 -0.266642110369356
v 1.8280586336003204 4.0040785 -0.29969500089812867
v 1.8223499410799657 4.0040785 -0.3326501971889473
v 1.8160472009837656 4.0040785 -0.36549695654414227
v 1.8091524678718187 4.0040785 -0.3982245716141939
v 1.8016679892814391 4.0040785 -0.43082237388809713
v 1.7935962049945058 4.0040785 -0.4632797371710821
v 1.7849397462421448 4.0040785 -0.49558608104851776
v 1.7757014348470048 4.0040785 -0.5277308743349098
v 1.7658842823034022 4.0040785 -0.5597036385068418
v 1.7554914887956365 4.0040785 -0.5914939511187585
v 1.744526442154799 4.0040785 -0.6230914492004515
v 1.732992716754411 4.0040785 -0.6544858326351805
v 1.7208940723452533 4.0040785 -0.685666867517288
v 1.708234452829768 4.0040785 -0.7166243894882337
v 1.6950179849764282 4.0040785 -0.7473483070499654
v 1.6812489770745007 4.0040785 -0.7778286048545308
v 1.6669319175296304 4.0040785 -0.8080553469688755
v 1.6520714734007216 4.0040785 -0.8380186801137363
v 1.6366724888785693 4.0040785 -0.8677088368756135
v 1.620739983706757 4.0040785 -0.897116138890736
v 1.604279151545329 4.0040785 -0.9262310000000002
v 1.6055071755678951 4.0040785 -0.9269400000000002
v 1.5885103817535697 4.0040785 -0.9557749847433377
v 1.5709957671188786 4.0040785 -0.9842984070364873
v 1.5529690410581187 4.0040785 -1.0125009688464635
v 1.5344360799030965 4.0040785 -1.040373476734013
v 1.5154029250075591 4.0040785 -1.0679068448504927
v 1.4958757807778447 4.0040785 -1.0950920978996574
v 1.4758610126503788 4.0040785 -1.1219203740634174
v 1.4553651450166727 4.0040785 -1.1483829278906053
v 1.4343948590965137 4.0040785 -1.1744711331478064
v 1.4129569907600223 4.0040785 -1.2001764856313348
v 1.3910585282993115 4.0040785 -1.2254906059394146
v 1.3687066101504437 4.0040785 -1.2504052422036949
v 1.3459085225664542 4.0040785 -1.274912272779184
v 1.3226716972421892 4.0040785 -1.2990037088917281
v 1.2990037088917277 4.0040785 -1.3226716972421904
v 1.2749122727791844 4.0040785 -1.3459085225664538
v 1.2504052422036955 4.0040785 -1.368706610150443
v 1.2254906059394142 4.0040785 -1.391058528299312
v 1.2001764856313355 4.0040785 -1.4129569907600217
v 1.1744711331478068 4.0040785 -1.4343948590965132
v 1.1483829278906046 4.0040785 -1.4553651450166734
v 1.121920374063418 4.0040785 -1.4758610126503782
v 1.0950920978996583 4.0040785 -1.4958757807778442
v 1.0679068448504931 4.0040785 -1.5154029250075587
v 1.0403734767340127 4.0040785 -1.5344360799030972
v 1.0125009688464641 4.0040785 -1.5529690410581185
v 0.9842984070364882 4.0040785 -1.5709957671188781
v 0.955774984743337 4.0040785 -1.5885103817535706
v 0.9269400000000008 4.0040785 -1.605507175567895
v 0.9365745000000008 4.0040785 -1.622194619073417
v 0.9071345044848664 4.0040785 -1.6388392742956814
v 0.8773988022883707 4.0040785 -1.6549497025420234
v 0.8473770866211366 4.0040785 -1.6705206521532368
v 0.8170791439281364 4.0040785 -1.685547047328749
v 0.7865148506985087 4.0040785 -1.7000239897812333
v 0.7556941702460478 4.0040785 -1.7139467603333356
v 0.7246271494613638 4.0040785 -1.7273108204560343
v 0.6933239155368055 4.0040785 -1.740111813748103
v 0.6617946726652191 4.0040785 -1.7523455673562036
v 0.6300496987135904 4.0040785 -1.7640080933351505
v 0.5980993418726821 4.0040785 -1.775095589947895
v 0.5659540172837304 4.0040785 -1.785604442904813
v 0.5336242036433462 4.0040785 -1.7955312265418844
v 0.5011204397876725 4.0040785 -1.8048727049373896
v 0.4684533212569417 4.0040785 -1.813625832966751
v 0.4356334968415636 4.0040785 -1.8217877572951768
v 0.40267166511083846 4.0040785 -1.8293558173077933
v 0.36957857092545215 4.0040785 -1.8363275459769426
v 0.3363650019348741 4.0040785 -1.8427006706663869
v 0.30304178506081486 4.0040785 -1.8484731138721373
v 0.26961978296788286 4.0040785 -1.853642993899675
v 0.23610989052257425 4.0040785 -1.8582086254773487
v 0.20252303124178778 4.0040785 -1.8621685203057312
v 0.16887015373198289 4.0040785 -1.8655213875427794
v 0.13516222812016815 4.0040785 -1.868266134224616
v 0.10141024247786715 4.0040785 -1.8704018656218184
v 0.06762519923924237 4.0040785 -1.8719278855310777
v 0.0338181116145392 4.0040785 -1.8728436965021469
v -0.0 4.0040785 -1.873149
v 0.0 3.0030588750000002 0.0
v 0.0 4.0040785 0.0
v -0.0 4.0040785 -1.508112
v -0.027227679134561207 4.0040785 -1.507866193676662
v -0.054446482621025874 4.0040785 -1.5071288548343162
v -0.08164753770457121 4.0040785 -1.505900223829846
v -0.10882197741597872 4.0040785 -1.5041807011709982
v -0.1359609434620789 4.0040785 -1.5019708473858275
v -0.16305558911336768 4.0040785 -1.4992713828399753
v -0.19009708208785303 4.0040785 -1.4960831875018459
v -0.21707660743019272 4.0040785 -1.4924073006557552
v -0.24398537038518314 4.0040785 -1.488244920563146
v -0.2708145992646637 4.0040785 -1.4835974040719804
v -0.29755554830690223 4.0040785 -1.478466266174436
v -0.324199500527528 4.0040785 -1.4728531795130502
v -0.35073777056108446 4.0040785 -1.4667599738354737
v -0.37716170749227546 4.0040785 -1.4601886353980131
v -0.4034626976759803 4.0040785 -1.4531413063181504
v -0.42963216754511996 4.0040785 -1.4456202838762608
v -0.45566158640545934 4.0040785 -1.4376280197667475
v -0.48154246921643307 4.0040785 -1.4291671192988384
v -0.507266379357089 4.0040785 -1.4202403405473139
v -0.532824931376249 4.0040785 -1.41085059345343
v -0.558209793725989 4.0040785 -1.401000938876341
v -0.5834126914775466 4.0040785 -1.3906945875953227
v -0.6084254090187741 4.0040785 -1.3799348992631273
v -0.6332397927322537 4.0040785 -1.368725381310806
v -0.6578477536532051 4.0040785 -1.3570696878043633
v -0.6822412701063166 4.0040785 -1.3449716182536045
v -0.7064123903206418 4.0040785 -1.3324351163735804
v -0.7303532350217095 4.0040785 -1.3194642687990163
v -0.754056 4.0040785 -1.306063303752157
v -0.7465595 4.0040785 -1.2930789848732174
v -0.7697832596742975 4.0040785 -1.279389730022175
v -0.7927560862709091 4.0040785 -1.2652834211517319
v -0.8154704911337638 4.0040785 -1.2507646566205242
v -0.8379190698468149 4.0040785 -1.2358381692390181
v -0.860094504647725 4.0040785 -1.220508824726714
v -0.8819895668132995 4.0040785 -1.2047816201260244
v -0.9035971190158992 4.0040785 -1.1886616821733451
v -0.924910117650059 4.0040785 -1.1721542656278456
v -0.9459216151285519 4.0040785 -1.1552647515585301
v -0.9666247621471576 4.0040785 -1.1379986455901214
v -0.9870128099173913 4.0040785 -1.1203615761083456
v -1.0070791123664642 4.0040785 -1.1023592924251944
v -1.0268171283037646 4.0040785 -1.0839976629047732
v -1.0462204235531471 4.0040785 -1.0652826730503382
v -1.0652826730503382 4.0040785 -1.0462204235531471
v -1.0839976629047732 4.0040785 -1.0268171283037644
v -1.1023592924251944 4.0040785 -1.0070791123664642
v -1.1203615761083454 4.0040785 -0.9870128099173913
v -1.1379986455901216 4.0040785 -0.9666247621471579
v -1.15526475155853 4.0040785 -0.9459216151285519
v -1.1721542656278456 4.0040785 -0.9249101176500591
v -1.188661682173345 4.0040785 -0.9035971190158995
v -1.2047816201260246 4.0040785 -0.8819895668132995
v -1.220508824726714 4.0040785 -0.860094504647725
v -1.2358381692390183 4.0040785 -0.8379190698468151
v -1.2507646566205246 4.0040785 -0.8154704911337637
v -1.265283421151732 4.0040785 -0.7927560862709091
v -1.279389730022175 4.0040785 -0.7697832596742974
v -1.2930789848732172 4.0040785 -0.7465595000000002
v -1.304662074648834 4.0040785 -0.7532470000000002
v -1.31804866227449 4.0040785 -0.7295696648795283
v -1.3310055938856669 4.0040785 -0.7056545054635897
v -1.3435286457964302 4.0040785 -0.6815093175888428
v -1.3556137357564602 4.0040785 -0.6571419720763655
v -1.367256924281779 4.0040785 -0.6325604121659293
v -1.3784544159389396 4.0040785 -0.6077726509266744
v -1.3892025605822567 4.0040785 -0.5827867686450179
v -1.3994978545436776 4.0040785 -0.5576109101906489
v -1.409336941774902 4.0040785 -0.5322532823614764
v -1.418716614941387 4.0040785 -0.5067221512083842
v -1.4276338164678648 4.0040785 -0.481025839340673
v -1.4360856395350523 4.0040785 -0.45517272321306756
v -1.4440693290272104 4.0040785 -0.4291712303951681
v -1.4515822824302542 4.0040785 -0.4030298368242402
v -1.458622050680118 4.0040785 -0.37675706404223824
v -1.4651863389610973 4.0040785 -0.35036147641796533
v -1.471273007453911 4.0040785 -0.32385167835526635
v -1.4768800720332385 4.0040785 -0.29723631148817753
v -1.4820057049144986 4.0040785 -0.2705240518639332
v -1.486648235249674 4.0040785 -0.24372360711476096
v -1.4908061496719682 4.0040785 -0.21684371361937385
v -1.4944780927891337 4.0040785 -0.18989313365509866
v -1.4976628676252999 4.0040785 -0.1628806525415575
v -1.5003594360111616 4.0040785 -0.13581507577683952
v -1.5025669189224022 4.0040785 -0.10870522616709334
v -1.5042845967662348 4.0040785 -0.08155994095047978
v -1.505511909615976 4.0040785 -0.05438806891642006
v -1.5062484573935686 4.0040785 -0.027198467521073792
v -1.506494 4.0040785 -9.224615275173463e-17
v -1.491242 4.0040785 -9.131223710270486e-17
v -1.4909989433084367 4.0040785 0.026923105636704064
v -1.4902698524650926 4.0040785 0.05383743490983688
v -1.4890549651381775 4.0040785 0.08073421431673514
v -1.4873546773552904 4.0040785 0.10760467607562248
v -1.4851695433743228 4.0040785 0.1344400609837181
v -1.4825002755027814 4.0040785 0.16123162127255572
v -1.4793477438655935 4.0040785 0.18797062345956664
v -1.4757129761214618 4.0040785 0.2146483511950144
v -1.4715971571278705 4.0040785 0.24125610810333797
v -1.4670016285548477 4.0040785 0.2677852206179883
v -1.4619278884476077 4.0040785 0.294227040808827
v -1.4563775907382213 4.0040785 0.32057294920116797
v -1.4503525447064674 4.0040785 0.3468143575855458
v -1.4438547143900478 4.0040785 0.3729427118172892
v -1.436886217944351 4.0040785 0.39894949460499235
v -1.4294493269519792 4.0040785 0.4248262282869706
v -1.4215464656822596 4.0040785 0.4505644775948009
v -1.4131802103009847 4.0040785 0.47615585240303876
v -1.4043532880306353 4.0040785 0.5015920104642255
v -1.395068576261365 4.0040785 0.5268646601282797
v -1.3853291016130318 4.0040785 0.5519655630454043
v -1.375138038948582 4.0040785 0.5768865368516128
v -1.3644987103391155 4.0040785 0.6016194578360061
v -1.353414583980957 4.0040785 0.6261562635889322
v -1.3418892730651 4.0040785 0.6504889556301607
v -1.329926534599381 4.0040785 0.6746096020162187
v -1.3175302681837762 4.0040785 0.6985103399260363
v -1.304704514739212 4.0040785 0.7221833782240608
v -1.291453455190314 4.0040785 0.7456209999999996
v -1.2897699018053572 4.0040785 0.7446489999999997
v -1.2761156787520385 4.0040785 0.7678133283860237
v -1.2620454689508551 4.0040785 0.7907273658503392
v -1.2475638589929092 4.0040785 0.8133836429008888
v -1.232675569577061 4.0040785 0.8357747740700654
v -1.2173854539710807 4.0040785 0.8578934603222163
v -1.2016984964295865 4.0040785 0.879732491432976
v -1.1856198105692841 4.0040785 0.9012847483396437
v -1.169154637702031 4.0040785 0.9225432054618539
v -1.1523083451262863 4.0040785 0.9435009329917589
v -1.135086424377479 4.0040785 0.9641510991530065
v -1.1174944894378858 4.0040785 0.9844869724277507
v -1.0995382749065925 4.0040785 1.0045019237509876
v -1.0812236341301351 4.0040785 1.0241894286714852
v -1.0625565372944308 4.0040785 1.0435430694786245
v -1.0435430694786247 4.0040785 1.0625565372944303
v -1.0241894286714857 4.0040785 1.0812236341301351
v -1.0045019237509873 4.0040785 1.0995382749065927
v -0.9844869724277511 4.0040785 1.1174944894378858
v -0.9641510991530059 4.0040785 1.135086424377479
v -0.943500932991759 4.0040785 1.1523083451262859
v -0.9225432054618542 4.0040785 1.169154637702031
v -0.9012847483396439 4.0040785 1.185619810569284
v -0.8797324914329757 4.0040785 1.2016984964295867
v -0.8578934603222159 4.0040785 1.2173854539710807
v -0.8357747740700655 4.0040785 1.2326755695770606
v -0.8133836429008883 4.0040785 1.2475638589929094
v -0.7907273658503389 4.0040785 1.2620454689508551
v -0.7678133283860245 4.0040785 1.276115678752038
v -0.744649 4.0040785 1.289769901805357
v -0.753166 4.0040785 1.304521778533421
v -0.7294912110086798 4.0040785 1.3179069266397723
v -0.7055786232961963 4.0040785 1.3308624649344665
v -0.6814360318608886 4.0040785 1.3433841701857612
v -0.657071306677448 4.0040785 1.355467960582319
v -0.6324923901314763 4.0040785 1.3671098970637923
v -0.6077072944304326 4.0040785 1.3783061846048734
v -0.5827240989918226 4.0040785 1.3890531734523945
v -0.5575509478094839 4.0040785 1.399347360315067
v -0.5321960467988103 4.0040785 1.4091853895054829
v -0.5066676611218018 4.0040785 1.418564054033995
v -0.48097411249279126 4.0040785 1.4274802966541331
v -0.4551237764657454 4.0040785 1.4359312108591966
v -0.4291250797040117 4.0040785 1.4439140418297156
v -0.4029864972333983 4.0040785 1.4514261873314662
v -0.37671654967950285 4.0040785 1.4584651985637405
v -0.3503238004901617 4.0040785 1.4650287809576061
v -0.3238168531439527 4.0040785 1.4711147949238865
v -0.2972043483456357 4.0040785 1.4767212565506214
v -0.270494961209472 4.0040785 1.4818463382497815
v -0.24369739843131982 4.0040785 1.4864883693530224
v -0.21682039545042883 4.0040785 1.4906458366562862
v -0.18987271360188107 4.0040785 1.494317384913077
v -0.1628631372605726 4.0040785 1.4975018172762407
v -0.1358004709776991 4.0040785 1.500198095688111
v -0.10869353661065406 4.0040785 1.5024053412188962
v -0.08155117044728905 4.0040785 1.5041228343531912
v -0.05438222032547657 4.0040785 1.5053500152245227
v -0.02719554274889529 4.0040785 1.506086483797857
v -1.844724662253231e-16 4.0040785 1.506332
v -1.8325443251889113e-16 4.0040785 1.496386
v 0.027015976180449517 4.0040785 1.496142104890781
v 0.05402314572349125 4.0040785 1.495410499067777
v 0.08101270486249812 4.0040785 1.494191421019028
v 0.10797585557146078 4.0040785 1.4924852681382188
v 0.13490380843295882 4.0040785 1.4902925965951395
v 0.1617877855033284 4.0040785 1.4876141211543834
v 0.1886190231740837 4.0040785 1.4844507149423498
v 0.21538877502866954 4.0040785 1.4808034091626239
v 0.24208831469360564 4.0040785 1.4766733927598243
v 0.26870893868310336 4.0040785 1.472062012032034
v 0.2952419692362187 4.0040785 1.4669707701919352
v 0.32167875714561345 4.0040785 1.4614013268767938
v 0.3480106845770199 4.0040785 1.4553554976074516
v 0.3742291678784704 4.0040785 1.4488352531965074
v 0.40032566037838696 4.0040785 1.4418427191058698
v 0.4262916551716134 4.0040785 1.434380174753906
v 0.45211868789249016 4.0040785 1.4264500527723967
v 0.4777983394740586 4.0040785 1.418054938213549
v 0.503322238892494 4.0040785 1.4091975677073272
v 0.5286820658958881 4.0040785 1.3998808285693665
v 0.5538695537164727 4.0040785 1.3901077578597691
v 0.5788764917654129 4.0040785 1.3798815413930892
v 0.6036947283092817 4.0040785 1.369205512699822
v 0.628316173127358 4.0040785 1.3580831519397445
v 0.652732800148865 4.0040785 1.3465180847674576
v 0.6769366500692988 4.0040785 1.334514081150497
v 0.7009198329449966 4.0040785 1.3220750541404063
v 0.7246745307650861 4.0040785 1.3092050585971635
v 0.7481930000000001 4.0040785 1.2959082898673808
v 0.7445565000000001 4.0040785 1.2896096871056564
v 0.7677179509224463 4.0040785 1.275957160174447
v 0.7906291420142209 4.0040785 1.2618886981690804
v 0.8132826047111262 4.0040785 1.2474088871109128
v 0.8356709544629732 4.0040785 1.2325224471124019
v 0.8577868931407931 4.0040785 1.2172342308384467
v 0.8796232114158701 4.0040785 1.2015492219245252
v 0.901172791109833 4.0040785 1.1854725333521285
v 0.9224286075150289 4.0040785 1.1690094057820426
v 0.9433837316844291 4.0040785 1.1521652058460023
v 0.9640313326903216 4.0040785 1.1349454243972803
v 0.9843646798510473 4.0040785 1.117355674720787
v 1.0043771449250614 4.0040785 1.099401690703258
v 1.0240622042715974 4.0040785 1.0810893249641294
v 1.0434134409772409 4.0040785 1.0624245469477038
v 1.0624245469477036 4.0040785 1.043413440977241
v 1.081089324964129 4.0040785 1.0240622042715974
v 1.099401690703258 4.0040785 1.0043771449250611
v 1.1173556747207867 4.0040785 0.9843646798510476
v 1.1349454243972803 4.0040785 0.9640313326903214
v 1.152165205846002 4.0040785 0.9433837316844295
v 1.1690094057820426 4.0040785 0.9224286075150288
v 1.1854725333521279 4.0040785 0.9011727911098337
v 1.201549221924525 4.0040785 0.8796232114158702
v 1.2172342308384474 4.0040785 0.8577868931407925
v 1.2325224471124014 4.0040785 0.8356709544629736
v 1.2474088871109128 4.0040785 0.813282604711126
v 1.2618886981690807 4.0040785 0.7906291420142207
v 1.2759571601744473 4.0040785 0.7677179509224463
v 1.2896096871056564 4.0040785 0.7445565000000006
v 1.306204465892974 4.0040785 0.7541375000000007
v 1.3196068793450597 4.0040785 0.7304321731757119
v 1.3325791288368247 4.0040785 0.7064887408964767
v 1.3451169856890306 4.0040785 0.6823150082153084
v 1.3572163628252585 4.0040785 0.6579188552582884
v 1.368873316104213 4.0040785 0.6333082346558073
v 1.3800840456054282 4.0040785 0.6084911689501783
v 1.3908448968679614 4.0040785 0.5834757479804534
v 1.401152362081671 4.0040785 0.5582701262453094
v 1.411003081230686 4.0040785 0.5328825202448567
v 1.420393843188702 4.0040785 0.5073212058022307
v 1.4293215867657414 4.0040785 0.481594515365845
v 1.437783401706035 4.0040785 0.45571083529319656
v 1.4457765296367033 4.0040785 0.4296786031170867
v 1.4532983649669309 4.0040785 0.40350630479516125
v 1.4603464557373311 4.0040785 0.37720247194367007
v 1.4669185044192339 4.0040785 0.35077567905634266
v 1.4730123686636314 4.0040785 0.3242345407092814
v 1.4786260619995384 4.0040785 0.2975877087527934
v 1.4837577544815415 4.0040785 0.2708438694910667
v 1.4884057732863203 4.0040785 0.24401174085062124
v 1.4925686032579537 4.0040785 0.21710006953845282
v 1.4962448874018288 4.0040785 0.19011762819078218
v 1.4994334273269918 4.0040785 0.16307321251337042
v 1.5021331836367986 4.0040785 0.13597563841429927
v 1.5043432762677358 4.0040785 0.10883373913017406
v 1.5060629847763038 4.0040785 0.08165636234667126
v 1.5072917485738653 4.0040785 0.05445236731438243
v 1.5080291671093844 4.0040785 0.027230621960889895
v 1.508275 4.0040785 2.7706562264759615e-16
v 1.508967 4.0040785 2.7719274098534764e-16
v 1.508721054320695 4.0040785 -0.02724311543217073
v 1.5079832974558747 4.0040785 -0.05447735018433832
v 1.5067539698986887 4.0040785 -0.08169382647141182
v 1.505033472383946 4.0040785 -0.10888367229718754
v 1.5028223657574837 4.0040785 -0.13603802434642961
v 1.5001213707933425 4.0040785 -0.16314803087411922
v 1.4969313679588108 4.0040785 -0.19020485459094605
v 1.4932533971274105 4.0040785 -0.21719967554406835
v 1.489088657239919 4.0040785 -0.24412369399223652
v 1.4844385059135423 4.0040785 -0.2709681332743204
v 1.4793044589993585 4.0040785 -0.2977242426703191
v 1.4736881900881824 4.0040785 -0.32438330025390816
v 1.4675915299650115 4.0040785 -0.3509366157355996
v 1.4610164660122282 4.0040785 -0.3773755332956013
v 1.4539651415617543 4.0040785 -0.403691434405423
v 1.446439855196371 4.0040785 -0.42987574063733874
v 1.4384430600004308 4.0040785 -0.4559199164607714
v 1.4299773627601997 4.0040785 -0.4818154720246998
v 1.4210455231141046 4.0040785 -0.5075539659251621
v 1.4116504526531466 4.0040785 -0.5331270079569839
v 1.4017952139717844 4.0040785 -0.5585262618488042
v 1.3914830196695944 4.0040785 -0.5837434479805208
v 1.38071723130403 4.0040785 -0.608770346082276
v 1.3695013582946252 4.0040785 -0.6335987979140877
v 1.3578390567789966 4.0040785 -0.6582207099252686
v 1.3457341284210238 4.0040785 -0.6826280558927439
v 1.3331905191715823 4.0040785 -0.7068128795374393
v 1.3202123179822494 4.0040785 -0.7307672971178557
v 1.306803755472393 4.0040785 -0.7544835000000002
v 1.3016231915069547 4.0040785 -0.7514925000000002
v 1.2878434829222436 4.0040785 -0.7748697140292066
v 1.27364396457331 4.0040785 -0.7979943369040795
v 1.2590292652031074 4.0040785 -0.8208588304861706
v 1.2440041488948343 4.0040785 -0.84345574143368
v 1.2285735135189366 4.0040785 -0.8657777036310967
v 1.2127423891365077 4.0040785 -0.8878174405903925
v 1.196515936359597 4.0040785 -0.9095677678230013
v 1.179899444668956 4.0040785 -0.9310215951818139
v 1.1628983306897822 4.0040785 -0.9521719291724146
v 1.1455181364260103 4.0040785 -0.9730118752328155
v 1.1277645274537407 4.0040785 -0.9935346399809325
v 1.1096432910743763 4.0040785 -1.0137335334290896
v 1.0911603344280871 4.0040785 -1.0336019711648121
v 1.0723216825682094 4.0040785 -1.0531334764972027
v 1.0531334764972022 4.0040785 -1.07232168256821
v 1.0336019711648126 4.0040785 -1.091160334428087
v 1.01373353342909 4.0040785 -1.1096432910743756
v 0.993534639980932 4.0040785 -1.1277645274537411
v 0.973011875232816 4.0040785 -1.1455181364260099
v 0.9521719291724149 4.0040785 -1.162898330689782
v 0.9310215951818135 4.0040785 -1.1798994446689564
v 0.9095677678230017 4.0040785 -1.1965159363595965
v 0.8878174405903931 4.0040785 -1.2127423891365074
v 0.8657777036310973 4.0040785 -1.2285735135189364
v 0.8434557414336796 4.0040785 -1.2440041488948348
v 0.820858830486171 4.0040785 -1.259029265203107
v 0.7979943369040802 4.0040785 -1.2736439645733095
v 0.774869714029206 4.0040785 -1.2878434829222443
v 0.7514925000000007 4.0040785 -1.3016231915069543
v 0.7422080000000006 4.0040785 -1.285541965784081
v 0.7188776614190369 4.0040785 -1.298732370031908
v 0.6953129839098193 4.0040785 -1.3114994149683876
v 0.671521649059312 4.0040785 -1.3238389388066294
v 0.647511412339984 4.0040785 -1.3357469191225857
v 0.6232901005816822 4.0040785 -1.347219474166283
v 0.5988656094202636 4.0040785 -1.3582528641271832
v 0.5742459007237758 4.0040785 -1.3688434923532857
v 0.5494389999970545 4.0040785 -1.3789879065235622
v 0.5244529937655861 4.0040785 -1.3886827997733369
v 0.49929602693946556 4.0040785 -1.3979250117722568
v 0.473976300158332 4.0040785 -1.4067115297544908
v 0.4485020671181235 4.0040785 -1.4150394895008302
v 0.4228816318805612 4.0040785 -1.4229061762723616
v 0.3971233461661927 4.0040785 -1.4303090256954145
v 0.371235606631904 4.0040785 -1.4372456245974947
v 0.3452268521337953 4.0040785 -1.4437137117939243
v 0.3191055609762867 4.0040785 -1.4497111788249442
v 0.2928802481483726 4.0040785 -1.4552360706430236
v 0.26655946254791163 4.0040785 -1.4602865862501677
v 0.24015178419486893 4.0040785 -1.464861079285002
v 0.21366582143441487 4.0040785 -1.4689580585594526
v 0.1871102081307774 4.0040785 -1.472576188544843
v 0.16049360085279368 4.0040785 -1.4757142898072457
v 0.13382467605204662 4.0040785 -1.4783713393919558
v 0.10711212723452727 4.0040785 -1.480546471156949
v 0.08036466212673185 4.0040785 -1.4822389760552297
v 0.053590999837129456 4.0040785 -1.4834483023659626
v 0.02679986801392085 4.0040785 -1.4841740558743224
v -0.0 4.0040785 -1.484416
v -0.0 5.005098125 -1.508112
v -0.027227679134561207 5.005098125 -1.507866193676662
v -0.054446482621025874 5.005098125 -1.5071288548343162
v -0.08164753770457121 5.005098125 -1.505900223829846
v -0.10882197741597872 5.005098125 -1.5041807011709982
v -0.1359609434620789 5.005098125 -1.5019708473858275
v -0.16305558911336768 5.005098125 -1.4992713828399753
v -0.19009708208785303 5.005098125 -1.4960831875018459
v -0.21707660743019272 5.005098125 -1.4924073006557552
v -0.24398537038518314 5.005098125 -1.488244920563146
v -0.2708145992646637 5.005098125 -1.4835974040719804
v -0.29755554830690223 5.005098125 -1.478466266174436
v -0.324199500527528 5.005098125 -1.4728531795130502
v -0.35073777056108446 5.005098125 -1.4667599738354737
v -0.37716170749227546 5.005098125 -1.4601886353980131
v -0.4034626976759803 5.005098125 -1.4531413063181504
v -0.42963216754511996 5.005098125 -1.4456202838762608
v -0.45566158640545934 5.005098125 -1.4376280197667475
v -0.48154246921643307 5.005098125 -1.4291671192988384
v -0.507266379357089 5.005098125 -1.4202403405473139
v -0.532824931376249 5.005098125 -1.41085059345343
v -0.558209793725989 5.005098125 -1.401000938876341
v -0.5834126914775466 5.005098125 -1.3906945875953227
v -0.6084254090187741 5.005098125 -1.3799348992631273
v -0.6332397927322537 5.005098125 -1.368725381310806
v -0.6578477536532051 5.005098125 -1.3570696878043633
v -0.6822412701063166 5.005098125 -1.3449716182536045
v -0.7064123903206418 5.005098125 -1.3324351163735804
v -0.7303532350217095 5.005098125 -1.3194642687990163
v -0.754056 5.005098125 -1.306063303752157
v -0.7465595 5.005098125 -1.2930789848732174
v -0.7697832596742975 5.005098125 -1.279389730022175
v -0.7927560862709091 5.005098125 -1.2652834211517319
v -0.8154704911337638 5.005098125 -1.2507646566205242
v -0.8379190698468149 5.005098125 -1.2358381692390181
v -0.860094504647725 5.005098125 -1.220508824726714
v -0.8819895668132995 5.005098125 -1.2047816201260244
v -0.9035971190158992 5.005098125 -1.1886616821733451
v -0.924910117650059 5.005098125 -1.1721542656278456
v -0.9459216151285519 5.005098125 -1.1552647515585301
v -0.9666247621471576 5.005098125 -1.1379986455901214
v -0.9870128099173913 5.005098125 -1.1203615761083456
v -1.0070791123664642 5.005098125 -1.1023592924251944
v -1.0268171283037646 5.005098125 -1.0839976629047732
v -1.0462204235531471 5.005098125 -1.0652826730503382
v -1.0652826730503382 5.005098125 -1.0462204235531471
v -1.0839976629047732 5.005098125 -1.0268171283037644
v -1.1023592924251944 5.005098125 -1.0070791123664642
v -1.1203615761083454 5.005098125 -0.9870128099173913
v -1.1379986455901216 5.005098125 -0.9666247621471579
v -1.15526475155853 5.005098125 -0.9459216151285519
v -1.1721542656278456 5.005098125 -0.9249101176500591
v -1.188661682173345 5.005098125 -0.9035971190158995
v -1.2047816201260246 5.005098125 -0.8819895668132995
v -1.220508824726714 5.005098125 -0.860094504647725
v -1.2358381692390183 5.005098125 -0.8379190698468151
v -1.2507646566205246 5.005098125 -0.8154704911337637
v -1.265283421151732 5.005098125 -0.7927560862709091
v -1.279389730022175 5.005098125 -0.7697832596742974
v -1.2930789848732172 5.005098125 -0.7465595000000002
v -1.304662074648834 5.005098125 -0.7532470000000002
v -1.31804866227449 5.005098125 -0.7295696648795283
v -1.3310055938856669 5.005098125 -0.7056545054635897
v -1.3435286457964302 5.005098125 -0.6815093175888428
v -1.3556137357564602 5.005098125 -0.6571419720763655
v -1.367256924281779 5.005098125 -0.6325604121659293
v -1.3784544159389396 5.005098125 -0.6077726509266744
v -1.3892025605822567 5.005098125 -0.5827867686450179
v -1.3994978545436776 5.005098125 -0.5576109101906489
v -1.409336941774902 5.005098125 -0.5322532823614764
v -1.418716614941387 5.005098125 -0.5067221512083842
v -1.4276338164678648 5.005098125 -0.481025839340673
v -1.4360856395350523 5.005098125 -0.45517272321306756
v -1.4440693290272104 5.005098125 -0.4291712303951681
v -1.4515822824302542 5.005098125 -0.4030298368242402
v -1.458622050680118 5.005098125 -0.37675706404223824
v -1.4651863389610973 5.005098125 -0.35036147641796533
v -1.471273007453911 5.005098125 -0.32385167835526635
v -1.4768800720332385 5.005098125 -0.29723631148817753
v -1.4820057049144986 5.005098125 -0.2705240518639332
v -1.486648235249674 5.005098125 -0.24372360711476096
v -1.4908061496719682 5.005098125 -0.21684371361937385
v -1.4944780927891337 5.005098125 -0.18989313365509866
v -1.4976628676252999 5.005098125 -0.1628806525415575
v -1.5003594360111616 5.005098125 -0.13581507577683952
v -1.5025669189224022 5.005098125 -0.10870522616709334
v -1.5042845967662348 5.005098125 -0.08155994095047978
v -1.505511909615976 5.005098125 -0.05438806891642006
v -1.5062484573935686 5.005098125 -0.027198467521073792
v -1.506494 5.005098125 -9.224615275173463e-17
v -1.491242 5.005098125 -9.131223710270486e-17
v -1.4909989433084367 5.005098125 0.026923105636704064
v -1.4902698524650926 5.005098125 0.05383743490983688
v -1.4890549651381775 5.005098125 0.08073421431673514
v -1.4873546773552904 5.005098125 0.10760467607562248
v -1.4851695433743228 5.005098125 0.1344400609837181
v -1.4825002755027814 5.005098125 0.16123162127255572
v -1.4793477438655935 5.005098125 0.18797062345956664
v -1.4757129761214618 5.005098125 0.2146483511950144
v -1.4715971571278705 5.005098125 0.24125610810333797
v -1.4670016285548477 5.005098125 0.2677852206179883
v -1.4619278884476077 5.005098125 0.294227040808827
v -1.4563775907382213 5.005098125 0.32057294920116797
v -1.4503525447064674 5.005098125 0.3468143575855458
v -1.4438547143900478 5.005098125 0.3729427118172892
v -1.436886217944351 5.005098125 0.39894949460499235
v -1.4294493269519792 5.005098125 0.4248262282869706
v -1.4215464656822596 5.005098125 0.4505644775948009
v -1.4131802103009847 5.005098125 0.47615585240303876
v -1.4043532880306353 5.005098125 0.5015920104642255
v -1.395068576261365 5.005098125 0.5268646601282797
v -1.3853291016130318 5.005098125 0.5519655630454043
v -1.375138038948582 5.005098125 0.5768865368516128
v -1.3644987103391155 5.005098125 0.6016194578360061
v -1.353414583980957 5.005098125 0.6261562635889322
v -1.3418892730651 5.005098125 0.6504889556301607
v -1.329926534599381 5.005098125 0.6746096020162187
v -1.3175302681837762 5.005098125 0.6985103399260363
v -1.304704514739212 5.005098125 0.7221833782240608
v -1.291453455190314 5.005098125 0.7456209999999996
v -1.2897699018053572 5.005098125 0.7446489999999997
v -1.2761156787520385 5.005098125 0.7678133283860237
v -1.2620454689508551 5.005098125 0.7907273658503392
v -1.2475638589929092 5.005098125 0.8133836429008888
v -1.232675569577061 5.005098125 0.8357747740700654
v -1.2173854539710807 5.005098125 0.8578934603222163
v -1.2016984964295865 5.005098125 0.879732491432976
v -1.1856198105692841 5.005098125 0.9012847483396437
v -1.169154637702031 5.005098125 0.9225432054618539
v -1.1523083451262863 5.005098125 0.9435009329917589
v -1.135086424377479 5.005098125 0.9641510991530065
v -1.1174944894378858 5.005098125 0.9844869724277507
v -1.0995382749065925 5.005098125 1.0045019237509876
v -1.0812236341301351 5.005098125 1.0241894286714852
v -1.0625565372944308 5.005098125 1.0435430694786245
v -1.0435430694786247 5.005098125 1.0625565372944303
v -1.0241894286714857 5.005098125 1.0812236341301351
v -1.0045019237509873 5.005098125 1.0995382749065927
v -0.9844869724277511 5.005098125 1.1174944894378858
v -0.9641510991530059 5.005098125 1.135086424377479
v -0.943500932991759 5.005098125 1.1523083451262859
v -0.9225432054618542 5.005098125 1.169154637702031
v -0.9012847483396439 5.005098125 1.185619810569284
v -0.8797324914329757 5.005098125 1.2016984964295867
v -0.8578934603222159 5.005098125 1.2173854539710807
v -0.8357747740700655 5.005098125 1.2326755695770606
v -0.8133836429008883 5.005098125 1.2475638589929094
v -0.7907273658503389 5.005098125 1.2620454689508551
v -0.7678133283860245 5.005098125 1.276115678752038
v -0.744649 5.005098125 1.289769901805357
v -0.753166 5.005098125 1.304521778533421
v -0.7294912110086798 5.005098125 1.3179069266397723
v -0.7055786232961963 5.005098125 1.3308624649344665
v -0.6814360318608886 5.005098125 1.3433841701857612
v -0.657071306677448 5.005098125 1.355467960582319
v -0.6324923901314763 5.005098125 1.3671098970637923
v -0.6077072944304326 5.005098125 1.3783061846048734
v -0.5827240989918226 5.005098125 1.3890531734523945
v -0.5575509478094839 5.005098125 1.399347360315067
v -0.5321960467988103 5.005098125 1.4091853895054829
v -0.5066676611218018 5.005098125 1.418564054033995
v -0.48097411249279126 5.005098125 1.4274802966541331
v -0.4551237764657454 5.005098125 1.4359312108591966
v -0.4291250797040117 5.005098125 1.4439140418297156
v -0.4029864972333983 5.005098125 1.4514261873314662
v -0.37671654967950285 5.005098125 1.4584651985637405
v -0.3503238004901617 5.005098125 1.4650287809576061
v -0.3238168531439527 5.005098125 1.4711147949238865
v -0.2972043483456357 5.005098125 1.4767212565506214
v -0.270494961209472 5.005098125 1.4818463382497815
v -0.24369739843131982 5.005098125 1.4864883693530224
v -0.21682039545042883 5.005098125 1.4906458366562862
v -0.18987271360188107 5.005098125 1.494317384913077
v -0.1628631372605726 5.005098125 1.4975018172762407
v -0.1358004709776991 5.005098125 1.500198095688111
v -0.10869353661065406 5.005098125 1.5024053412188962
v -0.08155117044728905 5.005098125 1.5041228343531912
v -0.05438222032547657 5.005098125 1.5053500152245227
v -0.02719554274889529 5.005098125 1.506086483797857
v -1.844724662253231e-16 5.005098125 1.506332
v -1.8325443251889113e-16 5.005098125 1.496386
v 0.027015976180449517 5.005098125 1.496142104890781
v 0.05402314572349125 5.005098125 1.495410499067777
v 0.08101270486249812 5.005098125 1.494191421019028
v 0.10797585557146078 5.005098125 1.4924852681382188
v 0.13490380843295882 5.005098125 1.4902925965951395
v 0.1617877855033284 5.005098125 1.4876141211543834
v 0.1886190231740837 5.005098125 1.4844507149423498
v 0.21538877502866954 5.005098125 1.4808034091626239
v 0.24208831469360564 5.005098125 1.4766733927598243
v 0.26870893868310336 5.005098125 1.472062012032034
v 0.2952419692362187 5.005098125 1.4669707701919352
v 0.32167875714561345 5.005098125 1.4614013268767938
v 0.3480106845770199 5.005098125 1.4553554976074516
v 0.3742291678784704 5.005098125 1.4488352531965074
v 0.40032566037838696 5.005098125 1.4418427191058698
v 0.4262916551716134 5.005098125 1.434380174753906
v 0.45211868789249016 5.005098125 1.4264500527723967
v 0.4777983394740586 5.005098125 1.418054938213549
v 0.503322238892494 5.005098125 1.4091975677073272
v 0.5286820658958881 5.005098125 1.3998808285693665
v 0.5538695537164727 5.005098125 1.3901077578597691
v 0.5788764917654129 5.005098125 1.3798815413930892
v 0.6036947283092817 5.005098125 1.369205512699822
v 0.628316173127358 5.005098125 1.3580831519397445
v 0.652732800148865 5.005098125 1.3465180847674576
v 0.6769366500692988 5.005098125 1.334514081150497
v 0.7009198329449966 5.005098125 1.3220750541404063
v 0.7246745307650861 5.005098125 1.3092050585971635
v 0.7481930000000001 5.005098125 1.2959082898673808
v 0.7445565000000001 5.005098125 1.2896096871056564
v 0.7677179509224463 5.005098125 1.275957160174447
v 0.7906291420142209 5.005098125 1.2618886981690804
v 0.8132826047111262 5.005098125 1.2474088871109128
v 0.8356709544629732 5.005098125 1.2325224471124019
v 0.8577868931407931 5.005098125 1.2172342308384467
v 0.8796232114158701 5.005098125 1.2015492219245252
v 0.901172791109833 5.005098125 1.1854725333521285
v 0.9224286075150289 5.005098125 1.1690094057820426
v 0.9433837316844291 5.005098125 1.1521652058460023
v 0.9640313326903216 5.005098125 1.1349454243972803
v 0.9843646798510473 5.005098125 1.117355674720787
v 1.0043771449250614 5.005098125 1.099401690703258
v 1.0240622042715974 5.005098125 1.0810893249641294
v 1.0434134409772409 5.005098125 1.0624245469477038
v 1.0624245469477036 5.005098125 1.043413440977241
v 1.081089324964129 5.005098125 1.0240622042715974
v 1.099401690703258 5.005098125 1.0043771449250611
v 1.1173556747207867 5.005098125 0.9843646798510476
v 1.1349454243972803 5.005098125 0.9640313326903214
v 1.152165205846002 5.005098125 0.9433837316844295
v 1.1690094057820426 5.005098125 0.9224286075150288
v 1.1854725333521279 5.005098125 0.9011727911098337
v 1.201549221924525 5.005098125 0.8796232114158702
v 1.2172342308384474 5.005098125 0.8577868931407925
v 1.2325224471124014 5.005098125 0.8356709544629736
v 1.2474088871109128 5.005098125 0.813282604711126
v 1.2618886981690807 5.005098125 0.7906291420142207
v 1.2759571601744473 5.005098125 0.7677179509224463
v 1.2896096871056564 5.005098125 0.7445565000000006
v 1.306204465892974 5.005098125 0.7541375000000007
v 1.3196068793450597 5.005098125 0.7304321731757119
v 1.3325791288368247 5.005098125 0.7064887408964767
v 1.3451169856890306 5.005098125 0.6823150082153084
v 1.3572163628252585 5.005098125 0.6579188552582884
v 1.368873316104213 5.005098125 0.6333082346558073
v 1.3800840456054282 5.005098125 0.6084911689501783
v 1.3908448968679614 5.005098125 0.5834757479804534
v 1.401152362081671 5.005098125 0.5582701262453094
v 1.411003081230686 5.005098125 0.5328825202448567
v 1.420393843188702 5.005098125 0.5073212058022307
v 1.4293215867657414 5.005098125 0.481594515365845
v 1.437783401706035 5.005098125 0.45571083529319656
v 1.4457765296367033 5.005098125 0.4296786031170867
v 1.4532983649669309 5.005098125 0.40350630479516125
v 1.4603464557373311 5.005098125 0.37720247194367007
v 1.4669185044192339 5.005098125 0.35077567905634266
v 1.4730123686636314 5.005098125 0.3242345407092814
v 1.4786260619995384 5.005098125 0.2975877087527934
v 1.4837577544815415 5.005098125 0.2708438694910667
v 1.4884057732863203 5.005098125 0.24401174085062124
v 1.4925686032579537 5.005098125 0.21710006953845282
v 1.4962448874018288 5.005098125 0.19011762819078218
v 1.4994334273269918 5.005098125 0.16307321251337042
v 1.5021331836367986 5.005098125 0.13597563841429927
v 1.5043432762677358 5.005098125 0.10883373913017406
v 1.5060629847763038 5.005098125 0.08165636234667126
v 1.5072917485738653 5.005098125 0.05445236731438243
v 1.5080291671093844 5.005098125 0.027230621960889895
v 1.508275 5.005098125 2.7706562264759615e-16
v 1.508967 5.005098125 2.7719274098534764e-16
v 1.508721054320695 5.005098125 -0.02724311543217073
v 1.5079832974558747 5.005098125 -0.05447735018433832
v 1.5067539698986887 5.005098125 -0.08169382647141182
v 1.505033472383946 5.005098125 -0.10888367229718754
v 1.5028223657574837 5.005098125 -0.13603802434642961
v 1.5001213707933425 5.005098125 -0.16314803087411922
v 1.4969313679588108 5.005098125 -0.19020485459094605
v 1.4932533971274105 5.005098125 -0.21719967554406835
v 1.489088657239919 5.005098125 -0.24412369399223652
v 1.4844385059135423 5.005098125 -0.2709681332743204
v 1.4793044589993585 5.005098125 -0.2977242426703191
v 1.4736881900881824 5.005098125 -0.32438330025390816
v 1.4675915299650115 5.005098125 -0.3509366157355996
v 1.4610164660122282 5.005098125 -0.3773755332956013
v 1.4539651415617543 5.005098125 -0.403691434405423
v 1.446439855196371 5.005098125 -0.42987574063733874
v 1.4384430600004308 5.005098125 -0.4559199164607714
v 1.4299773627601997 5.005098125 -0.4818154720246998
v 1.4210455231141046 5.005098125 -0.5075539659251621
v 1.4116504526531466 5.005098125 -0.5331270079569839
v 1.4017952139717844 5.005098125 -0.5585262618488042
v 1.3914830196695944 5.005098125 -0.5837434479805208
v 1.38071723130403 5.005098125 -0.608770346082276
v 1.3695013582946252 5.005098125 -0.6335987979140877
v 1.3578390567789966 5.005098125 -0.6582207099252686
v 1.3457341284210238 5.005098125 -0.6826280558927439
v 1.3331905191715823 5.005098125 -0.7068128795374393
v 1.3202123179822494 5.005098125 -0.7307672971178557
v 1.306803755472393 5.005098125 -0.7544835000000002
v 1.3016231915069547 5.005098125 -0.7514925000000002
v 1.2878434829222436 5.005098125 -0.7748697140292066
v 1.27364396457331 5.005098125 -0.7979943369040795
v 1.2590292652031074 5.005098125 -0.8208588304861706
v 1.2440041488948343 5.005098125 -0.84345574143368
v 1.2285735135189366 5.005098125 -0.8657777036310967
v 1.2127423891365077 5.005098125 -0.8878174405903925
v 1.196515936359597 5.005098125 -0.9095677678230013
v 1.179899444668956 5.005098125 -0.9310215951818139
v 1.1628983306897822 5.005098125 -0.9521719291724146
v 1.1455181364260103 5.005098125 -0.9730118752328155
v 1.1277645274537407 5.005098125 -0.9935346399809325
v 1.1096432910743763 5.005098125 -1.0137335334290896
v 1.0911603344280871 5.005098125 -1.0336019711648121
v 1.0723216825682094 5.005098125 -1.0531334764972027
v 1.0531334764972022 5.005098125 -1.07232168256821
v 1.0336019711648126 5.005098125 -1.091160334428087
v 1.01373353342909 5.005098125 -1.1096432910743756
v 0.993534639980932 5.005098125 -1.1277645274537411
v 0.973011875232816 5.005098125 -1.1455181364260099
v 0.9521719291724149 5.005098125 -1.162898330689782
v 0.9310215951818135 5.005098125 -1.1798994446689564
v 0.9095677678230017 5.005098125 -1.1965159363595965
v 0.8878174405903931 5.005098125 -1.2127423891365074
v 0.8657777036310973 5.005098125 -1.2285735135189364
v 0.8434557414336796 5.005098125 -1.2440041488948348
v 0.820858830486171 5.005098125 -1.259029265203107
v 0.7979943369040802 5.005098125 -1.2736439645733095
v 0.774869714029206 5.005098125 -1.2878434829222443
v 0.7514925000000007 5.005098125 -1.3016231915069543
v 0.7422080000000006 5.005098125 -1.285541965784081
v 0.7188776614190369 5.005098125 -1.298732370031908
v 0.6953129839098193 5.005098125 -1.3114994149683876
v 0.671521649059312 5.005098125 -1.3238389388066294
v 0.647511412339984 5.005098125 -1.3357469191225857
v 0.6232901005816822 5.005098125 -1.347219474166283
v 0.5988656094202636 5.005098125 -1.3582528641271832
v 0.5742459007237758 5.005098125 -1.3688434923532857
v 0.5494389999970545 5.005098125 -1.3789879065235622
v 0.5244529937655861 5.005098125 -1.3886827997733369
v 0.49929602693946556 5.005098125 -1.3979250117722568
v 0.473976300158332 5.005098125 -1.4067115297544908
v 0.4485020671181235 5.005098125 -1.4150394895008302
v 0.4228816318805612 5.005098125 -1.4229061762723616
v 0.3971233461661927 5.005098125 -1.4303090256954145
v 0.371235606631904 5.005098125 -1.4372456245974947
v 0.3452268521337953 5.005098125 -1.4437137117939243
v 0.3191055609762867 5.005098125 -1.4497111788249442
v 0.2928802481483726 5.005098125 -1.4552360706430236
v 0.26655946254791163 5.005098125 -1.4602865862501677
v 0.24015178419486893 5.005098125 -1.464861079285002
v 0.21366582143441487 5.005098125 -1.4689580585594526
v 0.1871102081307774 5.005098125 -1.472576188544843
v 0.16049360085279368 5.005098125 -1.4757142898072457
v 0.13382467605204662 5.005098125 -1.4783713393919558
v 0.10711212723452727 5.005098125 -1.480546471156949
v 0.08036466212673185 5.005098125 -1.4822389760552297
v 0.053590999837129456 5.005098125 -1.4834483023659626
v 0.02679986801392085 5.005098125 -1.4841740558743224
v -0.0 5.005098125 -1.484416
v -0.0 4.0040785 -1.508112
v -0.027227679134561207 4.0040785 -1.507866193676662
v -0.054446482621025874 4.0040785 -1.5071288548343162
v -0.08164753770457121 4.0040785 -1.505900223829846
v -0.10882197741597872 4.0040785 -1.5041807011709982
v -0.1359609434620789 4.0040785 -1.5019708473858275
v -0.16305558911336768 4.0040785 -1.4992713828399753
v -0.19009708208785303 4.0040785 -1.4960831875018459
v -0.21707660743019272 4.0040785 -1.4924073006557552
v -0.24398537038518314 4.0040785 -1.488244920563146
v -0.2708145992646637 4.0040785 -1.4835974040719804
v -0.29755554830690223 4.0040785 -1.478466266174436
v -0.324199500527528 4.0040785 -1.4728531795130502
v -0.35073777056108446 4.0040785 -1.4667599738354737
v -0.37716170749227546 4.0040785 -1.4601886353980131
v -0.4034626976759803 4.0040785 -1.4531413063181504
v -0.42963216754511996 4.0040785 -1.4456202838762608
v -0.45566158640545934 4.0040785 -1.4376280197667475
v -0.48154246921643307 4.0040785 -1.4291671192988384
v -0.507266379357089 4.0040785 -1.4202403405473139
v -0.532824931376249 4.0040785 -1.41085059345343
v -0.558209793725989 4.0040785 -1.401000938876341
v -0.5834126914775466 4.0040785 -1.3906945875953227
v -0.6084254090187741 4.0040785 -1.3799348992631273
v -0.6332397927322537 4.0040785 -1.368725381310806
v -0.6578477536532051 4.0040785 -1.3570696878043633
v -0.6822412701063166 4.0040785 -1.3449716182536045
v -0.7064123903206418 4.0040785 -1.3324351163735804
v -0.7303532350217095 4.0040785 -1.3194642687990163
v -0.754056 4.0040785 -1.306063303752157
v -0.7465595 4.0040785 -1.2930789848732174
v -0.7697832596742975 4.0040785 -1.279389730022175
v -0.7927560862709091 4.0040785 -1.2652834211517319
v -0.8154704911337638 4.0040785 -1.2507646566205242
v -0.8379190698468149 4.0040785 -1.2358381692390181
v -0.860094504647725 4.0040785 -1.220508824726714
v -0.8819895668132995 4.0040785 -1.2047816201260244
v -0.9035971190158992 4.0040785 -1.1886616821733451
v -0.924910117650059 4.0040785 -1.1721542656278456
v -0.9459216151285519 4.0040785 -1.1552647515585301
v -0.9666247621471576 4.0040785 -1.1379986455901214
v -0.9870128099173913 4.0040785 -1.1203615761083456
v -1.0070791123664642 4.0040785 -1.1023592924251944
v -1.0268171283037646 4.0040785 -1.0839976629047732
v -1.0462204235531471 4.0040785 -1.0652826730503382
v -1.0652826730503382 4.0040785 -1.0462204235531471
v -1.0839976629047732 4.0040785 -1.0268171283037644
v -1.1023592924251944 4.0040785 -1.0070791123664642
v -1.1203615761083454 4.0040785 -0.9870128099173913
v -1.1379986455901216 4.0040785 -0.9666247621471579
v -1.15526475155853 4.0040785 -0.9459216151285519
v -1.1721542656278456 4.0040785 -0.9249101176500591
v -1.188661682173345 4.0040785 -0.9035971190158995
v -1.2047816201260246 4.0040785 -0.8819895668132995
v -1.220508824726714 4.0040785 -0.860094504647725
v -1.2358381692390183 4.0040785 -0.8379190698468151
v -1.2507646566205246 4.0040785 -0.8154704911337637
v -1.265283421151732 4.0040785 -0.7927560862709091
v -1.279389730022175 4.0040785 -0.7697832596742974
v -1.2930789848732172 4.0040785 -0.7465595000000002
v -1.304662074648834 4.0040785 -0.7532470000000002
v -1.31804866227449 4.0040785 -0.7295696648795283
v -1.3310055938856669 4.0040785 -0.7056545054635897
v -1.3435286457964302 4.0040785 -0.6815093175888428
v -1.3556137357564602 4.0040785 -0.6571419720763655
v -1.367256924281779 4.0040785 -0.6325604121659293
v -1.3784544159389396 4.0040785 -0.6077726509266744
v -1.3892025605822567 4.0040785 -0.5827867686450179
v -1.3994978545436776 4.0040785 -0.5576109101906489
v -1.409336941774902 4.0040785 -0.5322532823614764
v -1.418716614941387 4.0040785 -0.5067221512083842
v -1.4276338164678648 4.0040785 -0.481025839340673
v -1.4360856395350523 4.0040785 -0.45517272321306756
v -1.4440693290272104 4.0040785 -0.4291712303951681
v -1.4515822824302542 4.0040785 -0.4030298368242402
v -1.458622050680118 4.0040785 -0.37675706404223824
v -1.4651863389610973 4.0040785 -0.35036147641796533
v -1.471273007453911 4.0040785 -0.32385167835526635
v -1.4768800720332385 4.0040785 -0.29723631148817753
v -1.4820057049144986 4.0040785 -0.2705240518639332
v -1.486648235249674 4.0040785 -0.24372360711476096
v -1.4908061496719682 4.0040785 -0.21684371361937385
v -1.4944780927891337 4.0040785 -0.18989313365509866
v -1.4976628676252999 4.0040785 -0.1628806525415575
v -1.5003594360111616 4.0040785 -0.13581507577683952
v -1.5025669189224022 4.0040785 -0.10870522616709334
v -1.5042845967662348 4.0040785 -0.08155994095047978
v -1.505511909615976 4.0040785 -0.05438806891642006
v -1.5062484573935686 4.0040785 -0.027198467521073792
v -1.506494 4.0040785 -9.224615275173463e-17
v -1.491242 4.0040785 -9.131223710270486e-17
v -1.4909989433084367 4.0040785 0.026923105636704064
v -1.4902698524650926 4.0040785 0.05383743490983688
v -1.4890549651381775 4.0040785 0.08073421431673514
v -1.4873546773552904 4.0040785 0.10760467607562248
v -1.4851695433743228 4.0040785 0.1344400609837181
v -1.4825002755027814 4.0040785 0.16123162127255572
v -1.4793477438655935 4.0040785 0.18797062345956664
v -1.4757129761214618 4.0040785 0.2146483511950144
v -1.4715971571278705 4.0040785 0.24125610810333797
v -1.4670016285548477 4.0040785 0.2677852206179883
v -1.4619278884476077 4.0040785 0.294227040808827
v -1.4563775907382213 4.0040785 0.32057294920116797
v -1.4503525447064674 4.0040785 0.3468143575855458
v -1.4438547143900478 4.0040785 0.3729427118172892
v -1.436886217944351 4.0040785 0.39894949460499235
v -1.4294493269519792 4.0040785 0.4248262282869706
v -1.4215464656822596 4.0040785 0.4505644775948009
v -1.4131802103009847 4.0040785 0.47615585240303876
v -1.4043532880306353 4.0040785 0.5015920104642255
v -1.395068576261365 4.0040785 0.5268646601282797
v -1.3853291016130318 4.0040785 0.5519655630454043
v -1.375138038948582 4.0040785 0.5768865368516128
v -1.3644987103391155 4.0040785 0.6016194578360061
v -1.353414583980957 4.0040785 0.6261562635889322
v -1.3418892730651 4.0040785 0.6504889556301607
v -1.329926534599381 4.0040785 0.6746096020162187
v -1.3175302681837762 4.0040785 0.6985103399260363
v -1.304704514739212 4.0040785 0.7221833782240608
v -1.291453455190314 4.0040785 0.7456209999999996
v -1.2897699018053572 4.0040785 0.7446489999999997
v -1.2761156787520385 4.0040785 0.7678133283860237
v -1.2620454689508551 4.0040785 0.7907273658503392
v -1.2475638589929092 4.0040785 0.8133836429008888
v -1.232675569577061 4.0040785 0.8357747740700654
v -1.2173854539710807 4.0040785 0.8578934603222163
v -1.2016984964295865 4.0040785 0.879732491432976
v -1.1856198105692841 4.0040785 0.9012847483396437
v -1.169154637702031 4.0040785 0.9225432054618539
v -1.1523083451262863 4.0040785 0.9435009329917589
v -1.135086424377479 4.0040785 0.9641510991530065
v -1.1174944894378858 4.0040785 0.9844869724277507
v -1.0995382749065925 4.0040785 1.0045019237509876
v -1.0812236341301351 4.0040785 1.0241894286714852
v -1.0625565372944308 4.0040785 1.0435430694786245
v -1.0435430694786247 4.0040785 1.0625565372944303
v -1.0241894286714857 4.0040785 1.0812236341301351
v -1.0045019237509873 4.0040785 1.0995382749065927
v -0.9844869724277511 4.0040785 1.1174944894378858
v -0.9641510991530059 4.0040785 1.135086424377479
v -0.943500932991759 4.0040785 1.1523083451262859
v -0.9225432054618542 4.0040785 1.169154637702031
v -0.9012847483396439 4.0040785 1.185619810569284
v -0.8797324914329757 4.0040785 1.2016984964295867
v -0.8578934603222159 4.0040785 1.2173854539710807
v -0.8357747740700655 4.0040785 1.2326755695770606
v -0.8133836429008883 4.0040785 1.2475638589929094
v -0.7907273658503389 4.0040785 1.2620454689508551
v -0.7678133283860245 4.0040785 1.276115678752038
v -0.744649 4.0040785 1.289769901805357
v -0.753166 4.0040785 1.304521778533421
v -0.7294912110086798 4.0040785 1.3179069266397723
v -0.7055786232961963 4.0040785 1.3308624649344665
v -0.6814360318608886 4.0040785 1.3433841701857612
v -0.657071306677448 4.0040785 1.355467960582319
v -0.6324923901314763 4.0040785 1.3671098970637923
v -0.6077072944304326 4.0040785 1.3783061846048734
v -0.5827240989918226 4.0040785 1.3890531734523945
v -0.5575509478094839 4.0040785 1.399347360315067
v -0.5321960467988103 4.0040785 1.4091853895054829
v -0.5066676611218018 4.0040785 1.418564054033995
v -0.48097411249279126 4.0040785 1.4274802966541331
v -0.4551237764657454 4.0040785 1.4359312108591966
v -0.4291250797040117 4.0040785 1.4439140418297156
v -0.4029864972333983 4.0040785 1.4514261873314662
v -0.37671654967950285 4.0040785 1.4584651985637405
v -0.3503238004901617 4.0040785 1.4650287809576061
v -0.3238168531439527 4.0040785 1.4711147949238865
v -0.2972043483456357 4.0040785 1.4767212565506214
v -0.270494961209472 4.0040785 1.4818463382497815
v -0.24369739843131982 4.0040785 1.4864883693530224
v -0.21682039545042883 4.0040785 1.4906458366562862
v -0.18987271360188107 4.0040785 1.494317384913077
v -0.1628631372605726 4.0040785 1.4975018172762407
v -0.1358004709776991 4.0040785 1.500198095688111
v -0.10869353661065406 4.0040785 1.5024053412188962
v -0.08155117044728905 4.0040785 1.5041228343531912
v -0.05438222032547657 4.0040785 1.5053500152245227
v -0.02719554274889529 4.0040785 1.506086483797857
v -1.844724662253231e-16 4.0040785 1.506332
v -1.8325443251889113e-16 4.0040785 1.496386
v 0.027015976180449517 4.0040785 1.496142104890781
v 0.05402314572349125 4.0040785 1.495410499067777
v 0.08101270486249812 4.0040785 1.494191421019028
v 0.10797585557146078 4.0040785 1.4924852681382188
v 0.13490380843295882 4.0040785 1.4902925965951395
v 0.1617877855033284 4.0040785 1.4876141211543834
v 0.1886190231740837 4.0040785 1.4844507149423498
v 0.21538877502866954 4.0040785 1.4808034091626239
v 0.24208831469360564 4.0040785 1.4766733927598243
v 0.26870893868310336 4.0040785 1.472062012032034
v 0.2952419692362187 4.0040785 1.4669707701919352
v 0.32167875714561345 4.0040785 1.4614013268767938
v 0.3480106845770199 4.0040785 1.4553554976074516
v 0.3742291678784704 4.0040785 1.4488352531965074
v 0.40032566037838696 4.0040785 1.4418427191058698
v 0.4262916551716134 4.0040785 1.434380174753906
v 0.45211868789249016 4.0040785 1.4264500527723967
v 0.4777983394740586 4.0040785 1.418054938213549
v 0.503322238892494 4.0040785 1.4091975677073272
v 0.5286820658958881 4.0040785 1.3998808285693665
v 0.5538695537164727 4.0040785 1.3901077578597691
v 0.5788764917654129 4.0040785 1.3798815413930892
v 0.6036947283092817 4.0040785 1.369205512699822
v 0.628316173127358 4.0040785 1.3580831519397445
v 0.652732800148865 4.0040785 1.3465180847674576
v 0.6769366500692988 4.0040785 1.334514081150497
v 0.7009198329449966 4.0040785 1.3220750541404063
v 0.7246745307650861 4.0040785 1.3092050585971635
v 0.7481930000000001 4.0040785 1.2959082898673808
v 0.7445565000000001 4.0040785 1.2896096871056564
v 0.7677179509224463 4.0040785 1.275957160174447
v 0.7906291420142209 4.0040785 1.2618886981690804
v 0.8132826047111262 4.0040785 1.2474088871109128
v 0.8356709544629732 4.0040785 1.2325224471124019
v 0.8577868931407931 4.0040785 1.2172342308384467
v 0.8796232114158701 4.0040785 1.2015492219245252
v 0.901172791109833 4.0040785 1.1854725333521285
v 0.9224286075150289 4.0040785 1.1690094057820426
v 0.9433837316844291 4.0040785 1.1521652058460023
v 0.9640313326903216 4.0040785 1.1349454243972803
v 0.9843646798510473 4.0040785 1.117355674720787
v 1.0043771449250614 4.0040785 1.099401690703258
v 1.0240622042715974 4.0040785 1.0810893249641294
v 1.0434134409772409 4.0040785 1.0624245469477038
v 1.0624245469477036 4.0040785 1.043413440977241
v 1.081089324964129 4.0040785 1.0240622042715974
v 1.099401690703258 4.0040785 1.0043771449250611
v 1.1173556747207867 4.0040785 0.9843646798510476
v 1.1349454243972803 4.0040785 0.9640313326903214
v 1.152165205846002 4.0040785 0.9433837316844295
v 1.1690094057820426 4.0040785 0.9224286075150288
v 1.1854725333521279 4.0040785 0.9011727911098337
v 1.201549221924525 4.0040785 0.8796232114158702
v 1.2172342308384474 4.0040785 0.8577868931407925
v 1.2325224471124014 4.0040785 0.8356709544629736
v 1.2474088871109128 4.0040785 0.813282604711126
v 1.2618886981690807 4.0040785 0.7906291420142207
v 1.2759571601744473 4.0040785 0.7677179509224463
v 1.2896096871056564 4.0040785 0.7445565000000006
v 1.306204465892974 4.0040785 0.7541375000000007
v 1.3196068793450597 4.0040785 0.7304321731757119
v 1.3325791288368247 4.0040785 0.7064887408964767
v 1.3451169856890306 4.0040785 0.6823150082153084
v 1.3572163628252585 4.0040785 0.6579188552582884
v 1.368873316104213 4.0040785 0.6333082346558073
v 1.3800840456054282 4.0040785 0.6084911689501783
v 1.3908448968679614 4.0040785 0.5834757479804534
v 1.401152362081671 4.0040785 0.5582701262453094
v 1.411003081230686 4.0040785 0.5328825202448567
v 1.420393843188702 4.0040785 0.5073212058022307
v 1.4293215867657414 4.0040785 0.481594515365845
v 1.437783401706035 4.0040785 0.45571083529319656
v 1.4457765296367033 4.0040785 0.4296786031170867
v 1.4532983649669309 4.0040785 0.40350630479516125
v 1.4603464557373311 4.0040785 0.37720247194367007
v 1.4669185044192339 4.0040785 0.35077567905634266
v 1.4730123686636314 4.0040785 0.3242345407092814
v 1.4786260619995384 4.0040785 0.2975877087527934
v 1.4837577544815415 4.0040785 0.2708438694910667
v 1.4884057732863203 4.0040785 0.24401174085062124
v 1.4925686032579537 4.0040785 0.21710006953845282
v 1.4962448874018288 4.0040785 0.19011762819078218
v 1.4994334273269918 4.0040785 0.16307321251337042
v 1.5021331836367986 4.0040785 0.13597563841429927
v 1.5043432762677358 4.0040785 0.10883373913017406
v 1.5060629847763038 4.0040785 0.08165636234667126
v 1.5072917485738653 4.0040785 0.05445236731438243
v 1.5080291671093844 4.0040785 0.027230621960889895
v 1.508275 4.0040785 2.7706562264759615e-16
v 1.508967 4.0040785 2.7719274098534764e-16
v 1.508721054320695 4.0040785 -0.02724311543217073
v 1.5079832974558747 4.0040785 -0.05447735018433832
v 1.5067539698986887 4.0040785 -0.08169382647141182
v 1.505033472383946 4.0040785 -0.10888367229718754
v 1.5028223657574837 4.0040785 -0.13603802434642961
v 1.5001213707933425 4.0040785 -0.16314803087411922
v 1.4969313679588108 4.0040785 -0.19020485459094605
v 1.4932533971274105 4.0040785 -0.21719967554406835
v 1.489088657239919 4.0040785 -0.24412369399223652
v 1.4844385059135423 4.0040785 -0.2709681332743204
v 1.4793044589993585 4.0040785 -0.2977242426703191
v 1.4736881900881824 4.0040785 -0.32438330025390816
v 1.4675915299650115 4.0040785 -0.3509366157355996
v 1.4610164660122282 4.0040785 -0.3773755332956013
v 1.4539651415617543 4.0040785 -0.403691434405423
v 1.446439855196371 4.0040785 -0.42987574063733874
v 1.4384430600004308 4.0040785 -0.4559199164607714
v 1.4299773627601997 4.0040785 -0.4818154720246998
v 1.4210455231141046 4.0040785 -0.5075539659251621
v 1.4116504526531466 4.0040785 -0.5331270079569839
v 1.4017952139717844 4.0040785 -0.5585262618488042
v 1.3914830196695944 4.0040785 -0.5837434479805208
v 1.38071723130403 4.0040785 -0.608770346082276
v 1.3695013582946252 4.0040785 -0.6335987979140877
v 1.3578390567789966 4.0040785 -0.6582207099252686
v 1.3457341284210238 4.0040785 -0.6826280558927439
v 1.3331905191715823 4.0040785 -0.7068128795374393
v 1.3202123179822494 4.0040785 -0.7307672971178557
v 1.306803755472393 4.0040785 -0.7544835000000002
v 1.3016231915069547 4.0040785 -0.7514925000000002
v 1.2878434829222436 4.0040785 -0.7748697140292066
v 1.27364396457331 4.0040785 -0.7979943369040795
v 1.2590292652031074 4.0040785 -0.8208588304861706
v 1.2440041488948343 4.0040785 -0.84345574143368
v 1.2285735135189366 4.0040785 -0.8657777036310967
v 1.2127423891365077 4.0040785 -0.8878174405903925
v 1.196515936359597 4.0040785 -0.9095677678230013
v 1.179899444668956 4.0040785 -0.9310215951818139
v 1.1628983306897822 4.0040785 -0.9521719291724146
v 1.1455181364260103 4.0040785 -0.9730118752328155
v 1.1277645274537407 4.0040785 -0.9935346399809325
v 1.1096432910743763 4.0040785 -1.0137335334290896
v 1.0911603344280871 4.0040785 -1.0336019711648121
v 1.0723216825682094 4.0040785 -1.0531334764972027
v 1.0531334764972022 4.0040785 -1.07232168256821
v 1.0336019711648126 4.0040785 -1.091160334428087
v 1.01373353342909 4.0040785 -1.1096432910743756
v 0.993534639980932 4.0040785 -1.1277645274537411
v 0.973011875232816 4.0040785 -1.1455181364260099
v 0.9521719291724149 4.0040785 -1.162898330689782
v 0.9310215951818135 4.0040785 -1.1798994446689564
v 0.9095677678230017 4.0040785 -1.1965159363595965
v 0.8878174405903931 4.0040785 -1.2127423891365074
v 0.8657777036310973 4.0040785 -1.2285735135189364
v 0.8434557414336796 4.0040785 -1.2440041488948348
v 0.820858830486171 4.0040785 -1.259029265203107
v 0.7979943369040802 4.0040785 -1.2736439645733095
v 0.774869714029206 4.0040785 -1.2878434829222443
v 0.7514925000000007 4.0040785 -1.3016231915069543
v 0.7422080000000006 4.0040785 -1.285541965784081
v 0.7188776614190369 4.0040785 -1.298732370031908
v 0.6953129839098193 4.0040785 -1.3114994149683876
v 0.671521649059312 4.0040785 -1.3238389388066294
v 0.647511412339984 4.0040785 -1.3357469191225857
v 0.6232901005816822 4.0040785 -1.347219474166283
v 0.5988656094202636 4.0040785 -1.3582528641271832
v 0.5742459007237758 4.0040785 -1.3688434923532857
v 0.5494389999970545 4.0040785 -1.3789879065235622
v 0.5244529937655861 4.0040785 -1.3886827997733369
v 0.49929602693946556 4.0040785 -1.3979250117722568
v 0.473976300158332 4.0040785 -1.4067115297544908
v 0.4485020671181235 4.0040785 -1.4150394895008302
v 0.4228816318805612 4.0040785 -1.4229061762723616
v 0.3971233461661927 4.0040785 -1.4303090256954145
v 0.371235606631904 4.0040785 -1.4372456245974947
v 0.3452268521337953 4.0040785 -1.4437137117939243
v 0.3191055609762867 4.0040785 -1.4497111788249442
v 0.2928802481483726 4.0040785 -1.4552360706430236
v 0.26655946254791163 4.0040785 -1.4602865862501677
v 0.24015178419486893 4.0040785 -1.464861079285002
v 0.21366582143441487 4.0040785 -1.4689580585594526
v 0.1871102081307774 4.0040785 -1.472576188544843
v 0.16049360085279368 4.0040785 -1.4757142898072457
v 0.13382467605204662 4.0040785 -1.4783713393919558
v 0.10711212723452727 4.0040785 -1.480546471156949
v 0.08036466212673185 4.0040785 -1.4822389760552297
v 0.053590999837129456 4.0040785 -1.4834483023659626
v 0.02679986801392085 4.0040785 -1.4841740558743224
v -0.0 4.0040785 -1.484416
v -0.0 5.005098125 -1.508112
v -0.027227679134561207 5.005098125 -1.507866193676662
v -0.054446482621025874 5.005098125 -1.5071288548343162
v -0.08164753770457121 5.005098125 -1.505900223829846
v -0.10882197741597872 5.005098125 -1.5041807011709982
v -0.1359609434620789 5.005098125 -1.5019708473858275
v -0.16305558911336768 5.005098125 -1.4992713828399753
v -0.19009708208785303 5.005098125 -1.4960831875018459
v -0.21707660743019272 5.005098125 -1.4924073006557552
v -0.24398537038518314 5.005098125 -1.488244920563146
v -0.2708145992646637 5.005098125 -1.4835974040719804
v -0.29755554830690223 5.005098125 -1.478466266174436
v -0.324199500527528 5.005098125 -1.4728531795130502
v -0.35073777056108446 5.005098125 -1.4667599738354737
v -0.37716170749227546 5.005098125 -1.4601886353980131
v -0.4034626976759803 5.005098125 -1.4531413063181504
v -0.42963216754511996 5.005098125 -1.4456202838762608
v -0.45566158640545934 5.005098125 -1.4376280197667475
v -0.48154246921643307 5.005098125 -1.4291671192988384
v -0.507266379357089 5.005098125 -1.4202403405473139
v -0.532824931376249 5.005098125 -1.41085059345343
v -0.558209793725989 5.005098125 -1.401000938876341
v -0.5834126914775466 5.005098125 -1.3906945875953227
v -0.6084254090187741 5.005098125 -1.3799348992631273
v -0.6332397927322537 5.005098125 -1.368725381310806
v -0.6578477536532051 5.005098125 -1.3570696878043633
v -0.6822412701063166 5.005098125 -1.3449716182536045
v -0.7064123903206418 5.005098125 -1.3324351163735804
v -0.7303532350217095 5.005098125 -1.3194642687990163
v -0.754056 5.005098125 -1.306063303752157
v -0.7465595 5.005098125 -1.2930789848732174
v -0.7697832596742975 5.005098125 -1.279389730022175
v -0.7927560862709091 5.005098125 -1.2652834211517319
v -0.8154704911337638 5.005098125 -1.2507646566205242
v -0.8379190698468149 5.005098125 -1.2358381692390181
v -0.860094504647725 5.005098125 -1.220508824726714
v -0.8819895668132995 5.005098125 -1.2047816201260244
v -0.9035971190158992 5.005098125 -1.1886616821733451
v -0.924910117650059 5.005098125 -1.1721542656278456
v -0.9459216151285519 5.005098125 -1.1552647515585301
v -0.9666247621471576 5.005098125 -1.1379986455901214
v -0.9870128099173913 5.005098125 -1.1203615761083456
v -1.0070791123664642 5.005098125 -1.1023592924251944
v -1.0268171283037646 5.005098125 -1.0839976629047732
v -1.0462204235531471 5.005098125 -1.0652826730503382
v -1.0652826730503382 5.005098125 -1.0462204235531471
v -1.0839976629047732 5.005098125 -1.0268171283037644
v -1.1023592924251944 5.005098125 -1.0070791123664642
v -1.1203615761083454 5.005098125 -0.9870128099173913
v -1.1379986455901216 5.005098125 -0.9666247621471579
v -1.15526475155853 5.005098125 -0.9459216151285519
v -1.1721542656278456 5.005098125 -0.9249101176500591
v -1.188661682173345 5.005098125 -0.9035971190158995
v -1.2047816201260246 5.005098125 -0.8819895668132995
v -1.220508824726714 5.005098125 -0.860094504647725
v -1.2358381692390183 5.005098125 -0.8379190698468151
v -1.2507646566205246 5.005098125 -0.8154704911337637
v -1.265283421151732 5.005098125 -0.7927560862709091
v -1.279389730022175 5.005098125 -0.7697832596742974
v -1.2930789848732172 5.005098125 -0.7465595000000002
v -1.304662074648834 5.005098125 -0.7532470000000002
v -1.31804866227449 5.005098125 -0.7295696648795283
v -1.3310055938856669 5.005098125 -0.7056545054635897
v -1.3435286457964302 5.005098125 -0.6815093175888428
v -1.3556137357564602 5.005098125 -0.6571419720763655
v -1.367256924281779 5.005098125 -0.6325604121659293
v -1.3784544159389396 5.005098125 -0.6077726509266744
v -1.3892025605822567 5.005098125 -0.5827867686450179
v -1.3994978545436776 5.005098125 -0.5576109101906489
v -1.409336941774902 5.005098125 -0.5322532823614764
v -1.418716614941387 5.005098125 -0.5067221512083842
v -1.4276338164678648 5.005098125 -0.481025839340673
v -1.4360856395350523 5.005098125 -0.45517272321306756
v -1.4440693290272104 5.005098125 -0.4291712303951681
v -1.4515822824302542 5.005098125 -0.4030298368242402
v -1.458622050680118 5.005098125 -0.37675706404223824
v -1.4651863389610973 5.005098125 -0.35036147641796533
v -1.471273007453911 5.005098125 -0.32385167835526635
v -1.4768800720332385 5.005098125 -0.29723631148817753
v -1.4820057049144986 5.005098125 -0.2705240518639332
v -1.486648235249674 5.005098125 -0.24372360711476096
v -1.4908061496719682 5.005098125 -0.21684371361937385
v -1.4944780927891337 5.005098125 -0.18989313365509866
v -1.4976628676252999 5.005098125 -0.1628806525415575
v -1.5003594360111616 5.005098125 -0.13581507577683952
v -1.5025669189224022 5.005098125 -0.10870522616709334
v -1.5042845967662348 5.005098125 -0.08155994095047978
v -1.505511909615976 5.005098125 -0.05438806891642006
v -1.5062484573935686 5.005098125 -0.027198467521073792
v -1.506494 5.005098125 -9.224615275173463e-17
v -1.491242 5.005098125 -9.131223710270486e-17
v -1.4909989433084367 5.005098125 0.026923105636704064
v -1.4902698524650926 5.005098125 0.05383743490983688
v -1.4890549651381775 5.005098125 0.08073421431673514
v -1.4873546773552904 5.005098125 0.10760467607562248
v -1.4851695433743228 5.005098125 0.1344400609837181
v -1.4825002755027814 5.005098125 0.16123162127255572
v -1.4793477438655935 5.005098125 0.18797062345956664
v -1.4757129761214618 5.005098125 0.2146483511950144
v -1.4715971571278705 5.005098125 0.24125610810333797
v -1.4670016285548477 5.005098125 0.2677852206179883
v -1.4619278884476077 5.005098125 0.294227040808827
v -1.4563775907382213 5.005098125 0.32057294920116797
v -1.4503525447064674 5.005098125 0.3468143575855458
v -1.4438547143900478 5.005098125 0.3729427118172892
v -1.436886217944351 5.005098125 0.39894949460499235
v -1.4294493269519792 5.005098125 0.4248262282869706
v -1.4215464656822596 5.005098125 0.4505644775948009
v -1.4131802103009847 5.005098125 0.47615585240303876
v -1.4043532880306353 5.005098125 0.5015920104642255
v -1.395068576261365 5.005098125 0.5268646601282797
v -1.3853291016130318 5.005098125 0.5519655630454043
v -1.375138038948582 5.005098125 0.5768865368516128
v -1.3644987103391155 5.005098125 0.6016194578360061
v -1.353414583980957 5.005098125 0.6261562635889322
v -1.3418892730651 5.005098125 0.6504889556301607
v -1.329926534599381 5.005098125 0.6746096020162187
v -1.3175302681837762 5.005098125 0.6985103399260363
v -1.304704514739212 5.005098125 0.7221833782240608
v -1.291453455190314 5.005098125 0.7456209999999996
v -1.2897699018053572 5.005098125 0.7446489999999997
v -1.2761156787520385 5.005098125 0.7678133283860237
v -1.2620454689508551 5.005098125 0.7907273658503392
v -1.2475638589929092 5.005098125 0.8133836429008888
v -1.232675569577061 5.005098125 0.8357747740700654
v -1.2173854539710807 5.005098125 0.8578934603222163
v -1.2016984964295865 5.005098125 0.879732491432976
v -1.1856198105692841 5.005098125 0.9012847483396437
v -1.169154637702031 5.005098125 0.9225432054618539
v -1.1523083451262863 5.005098125 0.9435009329917589
v -1.135086424377479 5.005098125 0.9641510991530065
v -1.1174944894378858 5.005098125 0.9844869724277507
v -1.0995382749065925 5.005098125 1.0045019237509876
v -1.0812236341301351 5.005098125 1.0241894286714852
v -1.0625565372944308 5.005098125 1.0435430694786245
v -1.0435430694786247 5.005098125 1.0625565372944303
v -1.0241894286714857 5.005098125 1.0812236341301351
v -1.0045019237509873 5.005098125 1.0995382749065927
v -0.9844869724277511 5.005098125 1.1174944894378858
v -0.9641510991530059 5.005098125 1.135086424377479
v -0.943500932991759 5.005098125 1.1523083451262859
v -0.9225432054618542 5.005098125 1.169154637702031
v -0.9012847483396439 5.005098125 1.185619810569284
v -0.8797324914329757 5.005098125 1.2016984964295867
v -0.8578934603222159 5.005098125 1.2173854539710807
v -0.8357747740700655 5.005098125 1.2326755695770606
v -0.8133836429008883 5.005098125 1.2475638589929094
v -0.7907273658503389 5.005098125 1.2620454689508551
v -0.7678133283860245 5.005098125 1.276115678752038
v -0.744649 5.005098125 1.289769901805357
v -0.753166 5.005098125 1.304521778533421
v -0.7294912110086798 5.005098125 1.3179069266397723
v -0.7055786232961963 5.005098125 1.3308624649344665
v -0.6814360318608886 5.005098125 1.3433841701857612
v -0.657071306677448 5.005098125 1.355467960582319
v -0.6324923901314763 5.005098125 1.3671098970637923
v -0.6077072944304326 5.005098125 1.3783061846048734
v -0.5827240989918226 5.005098125 1.3890531734523945
v -0.5575509478094839 5.005098125 1.399347360315067
v -0.5321960467988103 5.005098125 1.4091853895054829
v -0.5066676611218018 5.005098125 1.418564054033995
v -0.48097411249279126 5.005098125 1.4274802966541331
v -0.4551237764657454 5.005098125 1.4359312108591966
v -0.4291250797040117 5.005098125 1.4439140418297156
v -0.4029864972333983 5.005098125 1.4514261873314662
v -0.37671654967950285 5.005098125 1.4584651985637405
v -0.3503238004901617 5.005098125 1.4650287809576061
v -0.3238168531439527 5.005098125 1.4711147949238865
v -0.2972043483456357 5.005098125 1.4767212565506214
v -0.270494961209472 5.005098125 1.4818463382497815
v -0.24369739843131982 5.005098125 1.4864883693530224
v -0.21682039545042883 5.005098125 1.4906458366562862
v -0.18987271360188107 5.005098125 1.494317384913077
v -0.1628631372605726 5.005098125 1.4975018172762407
v -0.1358004709776991 5.005098125 1.500198095688111
v -0.10869353661065406 5.005098125 1.5024053412188962
v -0.08155117044728905 5.005098125 1.5041228343531912
v -0.05438222032547657 5.005098125 1.5053500152245227
v -0.02719554274889529 5.005098125 1.506086483797857
v -1.844724662253231e-16 5.005098125 1.506332
v -1.8325443251889113e-16 5.005098125 1.496386
v 0.027015976180449517 5.005098125 1.496142104890781
v 0.05402314572349125 5.005098125 1.495410499067777
v 0.08101270486249812 5.005098125 1.494191421019028
v 0.10797585557146078 5.005098125 1.4924852681382188
v 0.13490380843295882 5.005098125 1.4902925965951395
v 0.1617877855033284 5.005098125 1.4876141211543834
v 0.1886190231740837 5.005098125 1.4844507149423498
v 0.21538877502866954 5.005098125 1.4808034091626239
v 0.24208831469360564 5.005098125 1.4766733927598243
v 0.26870893868310336 5.005098125 1.472062012032034
v 0.2952419692362187 5.005098125 1.4669707701919352
v 0.32167875714561345 5.005098125 1.4614013268767938
v 0.3480106845770199 5.005098125 1.4553554976074516
v 0.3742291678784704 5.005098125 1.4488352531965074
v 0.40032566037838696 5.005098125 1.4418427191058698
v 0.4262916551716134 5.005098125 1.434380174753906
v 0.45211868789249016 5.005098125 1.4264500527723967
v 0.4777983394740586 5.005098125 1.418054938213549
v 0.503322238892494 5.005098125 1.4091975677073272
v 0.5286820658958881 5.005098125 1.3998808285693665
v 0.5538695537164727 5.005098125 1.3901077578597691
v 0.5788764917654129 5.005098125 1.3798815413930892
v 0.6036947283092817 5.005098125 1.369205512699822
v 0.628316173127358 5.005098125 1.3580831519397445
v 0.652732800148865 5.005098125 1.3465180847674576
v 0.6769366500692988 5.005098125 1.334514081150497
v 0.7009198329449966 5.005098125 1.3220750541404063
v 0.7246745307650861 5.005098125 1.3092050585971635
v 0.7481930000000001 5.005098125 1.2959082898673808
v 0.7445565000000001 5.005098125 1.2896096871056564
v 0.7677179509224463 5.005098125 1.275957160174447
v 0.7906291420142209 5.005098125 1.2618886981690804
v 0.8132826047111262 5.005098125 1.2474088871109128
v 0.8356709544629732 5.005098125 1.2325224471124019
v 0.8577868931407931 5.005098125 1.2172342308384467
v 0.8796232114158701 5.005098125 1.2015492219245252
v 0.901172791109833 5.005098125 1.1854725333521285
v 0.9224286075150289 5.005098125 1.1690094057820426
v 0.9433837316844291 5.005098125 1.1521652058460023
v 0.9640313326903216 5.005098125 1.1349454243972803
v 0.9843646798510473 5.005098125 1.117355674720787
v 1.0043771449250614 5.005098125 1.099401690703258
v 1.0240622042715974 5.005098125 1.0810893249641294
v 1.0434134409772409 5.005098125 1.0624245469477038
v 1.0624245469477036 5.005098125 1.043413440977241
v 1.081089324964129 5.005098125 1.0240622042715974
v 1.099401690703258 5.005098125 1.0043771449250611
v 1.1173556747207867 5.005098125 0.9843646798510476
v 1.1349454243972803 5.005098125 0.9640313326903214
v 1.152165205846002 5.005098125 0.9433837316844295
v 1.1690094057820426 5.005098125 0.9224286075150288
v 1.1854725333521279 5.005098125 0.9011727911098337
v 1.201549221924525 5.005098125 0.8796232114158702
v 1.2172342308384474 5.005098125 0.8577868931407925
v 1.2325224471124014 5.005098125 0.8356709544629736
v 1.2474088871109128 5.005098125 0.813282604711126
v 1.2618886981690807 5.005098125 0.7906291420142207
v 1.2759571601744473 5.005098125 0.7677179509224463
v 1.2896096871056564 5.005098125 0.7445565000000006
v 1.306204465892974 5.005098125 0.7541375000000007
v 1.3196068793450597 5.005098125 0.7304321731757119
v 1.3325791288368247 5.005098125 0.7064887408964767
v 1.3451169856890306 5.005098125 0.6823150082153084
v 1.3572163628252585 5.005098125 0.6579188552582884
v 1.368873316104213 5.005098125 0.6333082346558073
v 1.3800840456054282 5.005098125 0.6084911689501783
v 1.3908448968679614 5.005098125 0.5834757479804534
v 1.401152362081671 5.005098125 0.5582701262453094
v 1.411003081230686 5.005098125 0.5328825202448567
v 1.420393843188702 5.005098125 0.5073212058022307
v 1.4293215867657414 5.005098125 0.481594515365845
v 1.437783401706035 5.005098125 0.45571083529319656
v 1.4457765296367033 5.005098125 0.4296786031170867
v 1.4532983649669309 5.005098125 0.40350630479516125
v 1.4603464557373311 5.005098125 0.37720247194367007
v 1.4669185044192339 5.005098125 0.35077567905634266
v 1.4730123686636314 5.005098125 0.3242345407092814
v 1.4786260619995384 5.005098125 0.2975877087527934
v 1.4837577544815415 5.005098125 0.2708438694910667
v 1.4884057732863203 5.005098125 0.24401174085062124
v 1.4925686032579537 5.005098125 0.21710006953845282
v 1.4962448874018288 5.005098125 0.19011762819078218
v 1.4994334273269918 5.005098125 0.16307321251337042
v 1.5021331836367986 5.005098125 0.13597563841429927
v 1.5043432762677358 5.005098125 0.10883373913017406
v 1.5060629847763038 5.005098125 0.08165636234667126
v 1.5072917485738653 5.005098125 0.05445236731438243
v 1.5080291671093844 5.005098125 0.027230621960889895
v 1.508275 5.005098125 2.7706562264759615e-16
v 1.508967 5.005098125 2.7719274098534764e-16
v 1.508721054320695 5.005098125 -0.02724311543217073
v 1.5079832974558747 5.005098125 -0.05447735018433832
v 1.5067539698986887 5.005098125 -0.08169382647141182
v 1.505033472383946 5.005098125 -0.10888367229718754
v 1.5028223657574837 5.005098125 -0.13603802434642961
v 1.5001213707933425 5.005098125 -0.16314803087411922
v 1.4969313679588108 5.005098125 -0.19020485459094605
v 1.4932533971274105 5.005098125 -0.21719967554406835
v 1.489088657239919 5.005098125 -0.24412369399223652
v 1.4844385059135423 5.005098125 -0.2709681332743204
v 1.4793044589993585 5.005098125 -0.2977242426703191
v 1.4736881900881824 5.005098125 -0.32438330025390816
v 1.4675915299650115 5.005098125 -0.3509366157355996
v 1.4610164660122282 5.005098125 -0.3773755332956013
v 1.4539651415617543 5.005098125 -0.403691434405423
v 1.446439855196371 5.005098125 -0.42987574063733874
v 1.4384430600004308 5.005098125 -0.4559199164607714
v 1.4299773627601997 5.005098125 -0.4818154720246998
v 1.4210455231141046 5.005098125 -0.5075539659251621
v 1.4116504526531466 5.005098125 -0.5331270079569839
v 1.4017952139717844 5.005098125 -0.5585262618488042
v 1.3914830196695944 5.005098125 -0.5837434479805208
v 1.38071723130403 5.005098125 -0.608770346082276
v 1.3695013582946252 5.005098125 -0.6335987979140877
v 1.3578390567789966 5.005098125 -0.6582207099252686
v 1.3457341284210238 5.005098125 -0.6826280558927439
v 1.3331905191715823 5.005098125 -0.7068128795374393
v 1.3202123179822494 5.005098125 -0.7307672971178557
v 1.306803755472393 5.005098125 -0.7544835000000002
v 1.3016231915069547 5.005098125 -0.7514925000000002
v 1.2878434829222436 5.005098125 -0.7748697140292066
v 1.27364396457331 5.005098125 -0.7979943369040795
v 1.2590292652031074 5.005098125 -0.8208588304861706
v 1.2440041488948343 5.005098125 -0.84345574143368
v 1.2285735135189366 5.005098125 -0.8657777036310967
v 1.2127423891365077 5.005098125 -0.8878174405903925
v 1.196515936359597 5.005098125 -0.9095677678230013
v 1.179899444668956 5.005098125 -0.9310215951818139
v 1.1628983306897822 5.005098125 -0.9521719291724146
v 1.1455181364260103 5.005098125 -0.9730118752328155
v 1.1277645274537407 5.005098125 -0.9935346399809325
v 1.1096432910743763 5.005098125 -1.0137335334290896
v 1.0911603344280871 5.005098125 -1.0336019711648121
v 1.0723216825682094 5.005098125 -1.0531334764972027
v 1.0531334764972022 5.005098125 -1.07232168256821
v 1.0336019711648126 5.005098125 -1.091160334428087
v 1.01373353342909 5.005098125 -1.1096432910743756
v 0.993534639980932 5.005098125 -1.1277645274537411
v 0.973011875232816 5.005098125 -1.1455181364260099
v 0.9521719291724149 5.005098125 -1.162898330689782
v 0.9310215951818135 5.005098125 -1.1798994446689564
v 0.9095677678230017 5.005098125 -1.1965159363595965
v 0.8878174405903931 5.005098125 -1.2127423891365074
v 0.8657777036310973 5.005098125 -1.2285735135189364
v 0.8434557414336796 5.005098125 -1.2440041488948348
v 0.820858830486171 5.005098125 -1.259029265203107
v 0.7979943369040802 5.005098125 -1.2736439645733095
v 0.774869714029206 5.005098125 -1.2878434829222443
v 0.7514925000000007 5.005098125 -1.3016231915069543
v 0.7422080000000006 5.005098125 -1.285541965784081
v 0.7188776614190369 5.005098125 -1.298732370031908
v 0.6953129839098193 5.005098125 -1.3114994149683876
v 0.671521649059312 5.005098125 -1.3238389388066294
v 0.647511412339984 5.005098125 -1.3357469191225857
v 0.6232901005816822 5.005098125 -1.347219474166283
v 0.5988656094202636 5.005098125 -1.3582528641271832
v 0.5742459007237758 5.005098125 -1.3688434923532857
v 0.5494389999970545 5.005098125 -1.3789879065235622
v 0.5244529937655861 5.005098125 -1.3886827997733369
v 0.49929602693946556 5.005098125 -1.3979250117722568
v 0.473976300158332 5.005098125 -1.4067115297544908
v 0.4485020671181235 5.005098125 -1.4150394895008302
v 0.4228816318805612 5.005098125 -1.4229061762723616
v 0.3971233461661927 5.005098125 -1.4303090256954145
v 0.371235606631904 5.005098125 -1.4372456245974947
v 0.3452268521337953 5.005098125 -1.4437137117939243
v 0.3191055609762867 5.005098125 -1.4497111788249442
v 0.2928802481483726 5.005098125 -1.4552360706430236
v 0.26655946254791163 5.005098125 -1.4602865862501677
v 0.24015178419486893 5.005098125 -1.464861079285002
v 0.21366582143441487 5.005098125 -1.4689580585594526
v 0.1871102081307774 5.005098125 -1.472576188544843
v 0.16049360085279368 5.005098125 -1.4757142898072457
v 0.13382467605204662 5.005098125 -1.4783713393919558
v 0.10711212723452727 5.005098125 -1.480546471156949
v 0.08036466212673185 5.005098125 -1.4822389760552297
v 0.053590999837129456 5.005098125 -1.4834483023659626
v 0.02679986801392085 5.005098125 -1.4841740558743224
v -0.0 5.005098125 -1.484416
v 0.0 4.0040785 0.0
v 0.0 5.005098125 0.0
v -0.0 5.005098125 -1.131244
v -0.020423648014800996 5.005098125 -1.1310596191791868
v -0.0408406383518862 5.005098125 -1.1305065368209994
v -0.06124431550380208 5.005098125 -1.1295849332186008
v -0.08162802830291215 5.005098125 -1.1282951087952915
v -0.1019851320895371 5.005098125 -1.1266374840065811
v -0.12230899087797359 5.005098125 -1.1246125992031262
v -0.14259297951968503 5.005098125 -1.1222211144545884
v -0.1628304858629604 5.005098125 -1.1194638093344653
v -0.1830149129083358 5.005098125 -1.1163415826659662
v -0.20313968095907678 5.005098125 -1.1128554522290144
v -0.2231982297660209 5.005098125 -1.1090065544284733
v -0.24318402066607975 5.005098125 -1.1047961439237013
v -0.2630905387137052 5.005098125 -1.1002255932195597
v -0.28291129480462435 5.005098125 -1.0952963922190062
v -0.3026398277911499 5.005098125 -1.0900101477374158
v -0.32226970658837784 5.005098125 -1.0843685829787952
v -0.34179453227058565 5.005098125 -1.078373536974054
v -0.3612079401571465 5.005098125 -1.072026963981518
v -0.3805036018872807 5.005098125 -1.0653309328498848
v -0.39967522748296774 5.005098125 -1.0582876263438206
v -0.4187165673993461 5.005098125 -1.0508993404324263
v -0.4376214145619328 5.005098125 -1.0431684835408002
v -0.456383606389999 5.005098125 -1.0350975757649412
v -0.4749970268054399 5.005098125 -1.0266892480502519
v -0.49345560822648876 5.005098125 -1.0179462413339055
v -0.5117533335456187 5.005098125 -1.0088714056513577
v -0.5298842380909934 5.005098125 -0.9994676992072967
v -0.5478424115708241 5.005098125 -0.9897381874113292
v -0.565622 5.005098125 -0.9796860418787232
v -0.5707235 5.005098125 -0.9885220990735363
v -0.5884774036131399 5.005098125 -0.9780570531649665
v -0.6060394760268073 5.005098125 -0.9672731813227083
v -0.6234039923764693 5.005098125 -0.9561739988611273
v -0.6405652921966952 5.005098125 -0.9447631238791883
v -0.6575177812663503 5.005098125 -0.9330442760810315
v -0.6742559334321915 5.005098125 -0.9210212755634282
v -0.6907742924102775 5.005098125 -0.90869804157051
v -0.7070674735646033 5.005098125 -0.8960785912161774
v -0.7231301656623753 5.005098125 -0.883167038174606
v -0.7389571326053628 5.005098125 -0.8699675913392754
v -0.754543215136755 5.005098125 -0.8564845534509592
v -0.7698833325229694 5.005098125 -0.8427223196951219
v -0.7849724842098635 5.005098125 -0.828685376269182
v -0.7998057514528107 5.005098125 -0.8143782989201058
v -0.8143782989201058 5.005098125 -0.7998057514528106
v -0.8286853762691819 5.005098125 -0.7849724842098634
v -0.8427223196951221 5.005098125 -0.7698833325229693
v -0.8564845534509591 5.005098125 -0.754543215136755
v -0.8699675913392755 5.005098125 -0.7389571326053629
v -0.8831670381746058 5.005098125 -0.7231301656623753
v -0.8960785912161774 5.005098125 -0.7070674735646034
v -0.9086980415705099 5.005098125 -0.6907742924102777
v -0.9210212755634283 5.005098125 -0.6742559334321915
v -0.9330442760810315 5.005098125 -0.6575177812663503
v -0.9447631238791884 5.005098125 -0.6405652921966953
v -0.9561739988611276 5.005098125 -0.6234039923764692
v -0.9672731813227085 5.005098125 -0.6060394760268073
v -0.9780570531649665 5.005098125 -0.5884774036131398
v -0.9885220990735362 5.005098125 -0.5707235000000002
v -0.9981254547761017 5.005098125 -0.5762680000000001
v -1.0083667993521326 5.005098125 -0.5581537684727533
v -1.0182794376576414 5.005098125 -0.5398575906103733
v -1.0278601383819879 5.005098125 -0.5213854305802575
v -1.037105778419169 5.005098125 -0.5027433099162731
v -1.0460133438858863 5.005098125 -0.4839373055558612
v -1.054579931104008 5.005098125 -0.4649735478590858
v -1.0628027475471071 5.005098125 -0.44585821861026614
v -1.0706791127507655 5.005098125 -0.4265975490028435
v -1.0782064591863483 5.005098125 -0.40719781760814616
v -1.0853823330979655 5.005098125 -0.3876653483287064
v -1.0922043953023424 5.005098125 -0.36800650833680176
v -1.098670421951346 5.005098125 -0.3482277059988928
v -1.1047783052569111 5.005098125 -0.32833538878663004
v -1.110526054178135 5.005098125 -0.3083360411751142
v -1.115911795070316 5.005098125 -0.2882361825290941
v -1.1209337722957193 5.005098125 -0.26804236497779355
v -1.1255903487958803 5.005098125 -0.2477611712790527
v -1.1298800066252508 5.005098125 -0.22739921267349103
v -1.1338013474460147 5.005098125 -0.20696312672937967
v -1.1373530929839204 5.005098125 -0.1864595751789374
v -1.140534085444968 5.005098125 -0.16589524174674355
v -1.1433432878928274 5.005098125 -0.14527682997098748
v -1.145779784586857 5.005098125 -0.12461106101825599
v -1.1478427812806158 5.005098125 -0.10390467149257515
v -1.1495316054807718 5.005098125 -0.08316441123941887
v -1.150845706666319 5.005098125 -0.062397041145402614
v -1.1517846564680367 5.005098125 -0.04160933093437817
v -1.1523481488081293 5.005098125 -0.02080805696064392
v -1.152536 5.005098125 -7.057247616510469e-17
v -1.144835 5.005098125 -7.010092591509301e-17
v -1.144648403989771 5.005098125 0.020669021957265218
v -1.1440886767854408 5.005098125 0.04133130625009429
v -1.1431560008462514 5.005098125 0.06198011741038643
v -1.141850680204852 5.005098125 0.08260872436199844
v -1.1401731403681916 5.005098125 0.10321040261493099
v -1.1381239281788114 5.005098125 0.12377843645737335
v -1.1357037116365867 5.005098125 0.1443061211448799
v -1.132913279680973 5.005098125 0.16478676508597823
v -1.129753541933828 5.005098125 0.18521369202348442
v -1.1262255284028944 5.005098125 0.20558024321082335
v -1.1223303891460388 5.005098125 0.22587977958263883
v -1.1180693938963573 5.005098125 0.2461056839189878
v -1.1134439316482694 5.005098125 0.2662513630024157
v -1.1084555102047358 5.005098125 0.28631024976720504
v -1.1031057556857446 5.005098125 0.3062758054401006
v -1.0973964119982333 5.005098125 0.3261415216718105
v -1.091329340267609 5.005098125 0.3459009226585919
v -1.0849065182310638 5.005098125 0.3655475672532244
v -1.0781300395928712 5.005098125 0.3850750510646908
v -1.0710021133418854 5.005098125 0.4044770085458692
v -1.0635250630314566 5.005098125 0.4237471150685707
v -1.0557013260220005 5.005098125 0.4428790889852326
v -1.047533452686473 5.005098125 0.46186669367660255
v -1.039024105579 5.005098125 0.4807037395847456
v -1.0301760585669422 5.005098125 0.49938408623070907
v -1.0209921959266721 5.005098125 0.5179016442161888
v -1.0114755114033627 5.005098125 0.5362503772085442
v -1.0016291072350874 5.005098125 0.5544243039085157
v -0.9914561931415581 5.005098125 0.5724174999999998
v -0.9921654679472575 5.005098125 0.5728269999999998
v -0.9816618513051034 5.005098125 0.5906463386902833
v -0.9708382336412343 5.005098125 0.6082731391540876
v -0.9596981432263136 5.005098125 0.6257016554269024
v -0.9482452114944344 5.005098125 0.6429262061806748
v -0.9364831718593487 5.005098125 0.6599411765758016
v -0.9244158584974542 5.005098125 0.6767410200914489
v -0.9120472050979337 5.005098125 0.6933202603335975
v -0.8993812435804537 5.005098125 0.7096734928202378
v -0.8864221027808473 5.005098125 0.7257953867431102
v -0.8731740071051973 5.005098125 0.74168068670544
v -0.859641275152771 5.005098125 0.7573242144350844
v -0.845828318308248 5.005098125 0.7727208704725407
v -0.8317396393037026 5.005098125 0.7878656358332595
v -0.8173798307508059 5.005098125 0.8027535736437329
v -0.802753573643733 5.005098125 0.8173798307508056
v -0.7878656358332599 5.005098125 0.8317396393037026
v -0.7727208704725405 5.005098125 0.8458283183082483
v -0.7573242144350846 5.005098125 0.8596412751527709
v -0.7416806867054396 5.005098125 0.8731740071051973
v -0.7257953867431103 5.005098125 0.886422102780847
v -0.7096734928202382 5.005098125 0.8993812435804537
v -0.6933202603335976 5.005098125 0.9120472050979336
v -0.6767410200914487 5.005098125 0.9244158584974543
v -0.6599411765758014 5.005098125 0.9364831718593488
v -0.642926206180675 5.005098125 0.9482452114944341
v -0.6257016554269019 5.005098125 0.9596981432263137
v -0.6082731391540874 5.005098125 0.9708382336412343
v -0.5906463386902839 5.005098125 0.981661851305103
v -0.572827 5.005098125 0.9921654679472574
v -0.5674095 5.005098125 0.982782082697253
v -0.549573723844185 5.005098125 0.9928659953996992
v -0.5315587982664952 5.005098125 1.0026262547661913
v -0.5133705957520267 5.005098125 1.012059679158403
v -0.49501504527049467 5.005098125 1.0211631934793037
v -0.47649813034351773 5.005098125 1.0299338301755758
v -0.4578258870941128 5.005098125 1.0383687302049733
v -0.4390044022790468 5.005098125 1.0464651439683104
v -0.4200398113046863 5.005098125 1.0542204322057716
v -0.4009382962269799 5.005098125 1.061632066857255
v -0.3817060837362428 5.005098125 1.068697631886466
v -0.3623494431273829 5.005098125 1.0754148240684966
v -0.34287468425624684 5.005098125 1.0817814537406247
v -0.3232881554827401 5.005098125 1.0877954455160987
v -0.3035962416013919 5.005098125 1.0934548389606722
v -0.2838053617600527 5.005098125 1.0987577892316605
v -0.26392196736738305 5.005098125 1.1037025676793228
v -0.2439525399898344 5.005098125 1.108287562410365
v -0.2239035892387906 5.005098125 1.1125112788133822
v -0.20378165064857665 5.005098125 1.1163723400460714
v -0.1835932835460124 5.005098125 1.1198694874840522
v -0.1633450689122054 5.005098125 1.1230015811311518
v -0.14304360723729767 5.005098125 1.1257675999910202
v -0.12269551636883884 5.005098125 1.128166642399953
v -0.1023074293545125 5.005098125 1.1301979263208153
v -0.08188599227989966 5.005098125 1.1318607895979682
v -0.061437862101994846 5.005098125 1.1331546901731187
v -0.04096970447918321 5.005098125 1.1340792062620177
v -0.02048819159837181 5.005098125 1.1346340364919556
v -1.3897524559616002e-16 5.005098125 1.134819
v -1.39472207267254e-16 5.005098125 1.138877
v 0.020561455336030814 5.005098125 1.1386913750808267
v 0.041116208072070004 5.005098125 1.1381345608331088
v 0.06165755779303419 5.005098125 1.1372067387665263
v 0.08217880845293829 5.005098125 1.135908211331468
v 0.1026732705576655 5.005098125 1.1342394018204411
v 0.12313426334560343 5.005098125 1.1322008542300854
v 0.1435551169654293 5.005098125 1.1297932330838423
v 0.1639291746503416 5.005098125 1.1270173232153344
v 0.1842497948880232 5.005098125 1.1238740295125258
v 0.2045103535856368 5.005098125 1.1203643766227476
v 0.22470424622913945 5.005098125 1.1164895086186857
v 0.2448248900362104 5.005098125 1.1122506886254364
v 0.2648657261021038 5.005098125 1.107649298408754
v 0.28482022153771064 5.005098125 1.1026868379246255
v 0.3046818715991436 5.005098125 1.0973649248303148
v 0.3244442018081441 5.005098125 1.0916852939570432
v 0.34410077006262785 5.005098125 1.0856497967444687
v 0.36364516873667446 5.005098125 1.0792604006371564
v 0.38307102676927396 5.005098125 1.0725191884432344
v 0.40237201174116255 5.005098125 1.0654283576554406
v 0.42154183193905537 5.005098125 1.057990219734788
v 0.4405742384066131 5.005098125 1.0502071993570758
v 0.45946302698146724 5.005098125 1.042081833622498
v 0.47820204031764935 5.005098125 1.0336167712286004
v 0.49678516989275423 5.005098125 1.0248147716068632
v 0.5152063579991879 5.005098125 1.0156787040231827
v 0.5334595997188551 5.005098125 1.006211546642553
v 0.5515389448806317 5.005098125 0.9964163855582462
v 0.5694385000000001 5.005098125 0.9862964137858099
v 0.5733570000000001 5.005098125 0.9930834548752686
v 0.5911928257788913 5.005098125 0.9825701199118408
v 0.6088359351880585 5.005098125 0.9717364878503236
v 0.6262805769466215 5.005098125 0.9605860902258615
v 0.6435210644699589 5.005098125 0.9491225618324808
v 0.6605517777234177 5.005098125 0.9373496395382209
v 0.677367165054323 5.005098125 0.9252711610669976
v 0.693961745001703 5.005098125 0.9128910637475819
v 0.7103301080831266 5.005098125 0.9002133832301171
v 0.7264669185580802 5.005098125 0.8872422521705826
v 0.7423669161673087 5.005098125 0.8739818988836326
v 0.7580249178475468 5.005098125 0.8604366459642568
v 0.7734358194210895 5.005098125 0.8466109088787056
v 0.7885945972596442 5.005098125 0.8325091945251413
v 0.8034963099219307 5.005098125 0.8181360997644835
v 0.8181360997644833 5.005098125 0.8034963099219308
v 0.8325091945251409 5.005098125 0.7885945972596443
v 0.8466109088787056 5.005098125 0.7734358194210894
v 0.8604366459642567 5.005098125 0.758024917847547
v 0.8739818988836326 5.005098125 0.7423669161673085
v 0.8872422521705823 5.005098125 0.7264669185580804
v 0.9002133832301171 5.005098125 0.7103301080831265
v 0.9128910637475813 5.005098125 0.6939617450017037
v 0.9252711610669975 5.005098125 0.6773671650543232
v 0.9373496395382213 5.005098125 0.6605517777234171
v 0.9491225618324804 5.005098125 0.6435210644699593
v 0.9605860902258615 5.005098125 0.6262805769466214
v 0.9717364878503237 5.005098125 0.6088359351880583
v 0.982570119911841 5.005098125 0.5911928257788913
v 0.9930834548752686 5.005098125 0.5733570000000006
v 0.9823135629538052 5.005098125 0.5671390000000005
v 0.9923926683726478 5.005098125 0.5493117266582023
v 1.0021482747501456 5.005098125 0.5313053893000771
v 1.0115772019647493 5.005098125 0.5131258576111409
v 1.0206763763854128 5.005098125 0.4947790577346046
v 1.029442831873534 5.005098125 0.4762709703395732
v 1.0378737107498526 5.005098125 0.4576076286714759
v 1.0459662647259933 5.005098125 0.4387951165853526
v 1.0537178558003504 5.005098125 0.41983956656264737
v 1.0611259571180187 5.005098125 0.4007471577121517
v 1.0681881537944966 5.005098125 0.3815241137557426
v 1.0749021437028867 5.005098125 0.3621767009995789
v 1.0812657382243407 5.005098125 0.3427112262914232
v 1.0872768629615026 5.005098125 0.32313403496473975
v 1.0929335584147188 5.005098125 0.30345150877024807
v 1.0982339806207941 5.005098125 0.283670063795609
v 1.103176401754083 5.005098125 0.26379614837391735
v 1.1077592106897258 5.005098125 0.24383624098167925
v 1.1119809135288408 5.005098125 0.22379684812696687
v 1.1158401340855042 5.005098125 0.20368450222843193
v 1.119335614335357 5.005098125 0.18350575948587686
v 1.122466214825695 5.005098125 0.16326719774307547
v 1.1252309150469055 5.005098125 0.14297541434352753
v 1.1276288137651327 5.005098125 0.12263702397987156
v 1.12965912931606 5.005098125 0.10225865653763044
v 1.131321199859717 5.005098125 0.08184695493401109
v 1.1326144835962249 5.005098125 0.061408572952450696
v 1.133538558942412 5.005098125 0.040950173073625876
v 1.13409312466924 5.005098125 0.02047842430362783
v 1.134278 5.005098125 2.0836348830648922e-16
v 1.138244 5.005098125 2.09092030687302e-16
v 1.1380584782531395 5.005098125 -0.02055002705955514
v 1.1375019734887275 5.005098125 -0.04109335524449639
v 1.1365746671155585 5.005098125 -0.06162328786390006
v 1.1352768614159172 5.005098125 -0.08213313259351593
v 1.1336089794470399 5.005098125 -0.10261620365732149
v 1.131571564903207 5.005098125 -0.1230658240069405
v 1.1291652819385107 5.005098125 -0.1434753274982268
v 1.1263909149503548 5.005098125 -0.16383806106427942
v 1.1232493683237568 5.005098125 -0.18414738688420576
v 1.1197416661365387 5.005098125 -0.20439668454690899
v 1.1158689518254978 5.005098125 -0.2245793532092052
v 1.111632487813672 5.005098125 -0.24468881374755677
v 1.1070336550988158 5.005098125 -0.26471851090272475
v 1.1020739528032242 5.005098125 -0.2846619154166516
v 1.0967549976850504 5.005098125 -0.3045125261608546
v 1.0910785236112774 5.005098125 -0.32426387225566033
v 1.0850463809925137 5.005098125 -0.34390951517957274
v 1.0786605361797976 5.005098125 -0.3634430508680988
v 1.0719230708236105 5.005098125 -0.3828581118013318
v 1.0648361811953 5.005098125 -0.40214836907963475
v 1.0574021774711442 5.005098125 -0.4213075344867252
v 1.0496234829792819 5.005098125 -0.44032936253949884
v 1.0415026334097592 5.005098125 -0.45920765252392803
v 1.033042275987949 5.005098125 -0.4779362505163618
v 1.024245168611608 5.005098125 -0.4965090513895781
v 1.0151141789518656 5.005098125 -0.5149200008029204
v 1.0056522835184194 5.005098125 -0.5331630971758913
v 0.9958625666892568 5.005098125 -0.5512323936445374
v 0.9857482197052146 5.005098125 -0.5691220000000001
v 0.9932038324063948 5.005098125 -0.5734265000000001
v 0.9826892230593278 5.005098125 -0.5912644877650393
v 0.9718542777890624 5.005098125 -0.6089097358000607
v 0.9607025285588208 5.005098125 -0.6263564921270379
v 0.9492376106032244 5.005098125 -0.643599069472044
v 0.9374632612432812 5.005098125 -0.6606318471191889
v 0.925383318668098 5.005098125 -0.6774492727428505
v 0.9130017206837145 5.005098125 -0.6940458642176152
v 0.9003225034294593 5.005098125 -0.7104162114053358
v 0.8873498000622553 5.005098125 -0.7265549779187225
v 0.8740878394092949 5.005098125 -0.7424569028608935
v 0.8605409445895367 5.005098125 -0.758116802540313
v 0.8467135316044548 5.005098125 -0.7735295721605682
v 0.8326101078985185 5.005098125 -0.7886901874844248
v 0.8182352708898615 5.005098125 -0.803593706471619
v 0.8035937064716187 5.005098125 -0.818235270889862
v 0.788690187484425 5.005098125 -0.8326101078985183
v 0.7735295721605685 5.005098125 -0.8467135316044544
v 0.7581168025403127 5.005098125 -0.8605409445895369
v 0.7424569028608938 5.005098125 -0.8740878394092946
v 0.7265549779187227 5.005098125 -0.8873498000622551
v 0.7104162114053355 5.005098125 -0.9003225034294596
v 0.6940458642176156 5.005098125 -0.9130017206837142
v 0.677449272742851 5.005098125 -0.9253833186680976
v 0.6606318471191893 5.005098125 -0.9374632612432809
v 0.6435990694720438 5.005098125 -0.9492376106032249
v 0.6263564921270383 5.005098125 -0.9607025285588205
v 0.6089097358000612 5.005098125 -0.9718542777890622
v 0.5912644877650388 5.005098125 -0.9826892230593283
v 0.5734265000000005 5.005098125 -0.9932038324063945
v 0.5723140000000005 5.005098125 -0.9912769258829742
v 0.5543240572957643 5.005098125 -1.0014480005907258
v 0.5361534166613191 5.005098125 -1.0112926244101623
v 0.5178080013415796 5.005098125 -1.020807588201929
v 0.49929379155431575 5.005098125 -1.0299897902888726
v 0.4806168225407229 5.005098125 -1.038836237467128
v 0.4617831825980705 5.005098125 -1.0473440459818335
v 0.4427990110950394 5.005098125 -1.0555104424671768
v 0.42367049647041566 5.005098125 -1.0633327648504542
v 0.40440387421579616 5.005098125 -1.070808463219849
v 0.38500542484294603 5.005098125 -1.0779351006556481
v 0.3654814718364873 5.005098125 -1.0847103540246286
v 0.34583837959256936 5.005098125 -1.0911320147373489
v 0.32608255134422093 5.005098125 -1.0971979894681012
v 0.30622042707402564 5.005098125 -1.102906300837293
v 0.2862584814148211 5.005098125 -1.108255088056031
v 0.2662032215391115 5.005098125 -1.1132426075326969
v 0.24606118503786342 5.005098125 -1.117867233441325
v 0.22583893778939018 5.005098125 -1.1221274582515837
v 0.20554307181901232 5.005098125 -1.1260218932202004
v 0.1851802031501981 5.005098125 -1.1295492688436621
v 0.1647569696478827 5.005098125 -1.1327084352720458
v 0.14428002885465765 5.005098125 -1.1354983626838477
v 0.12375605582055943 5.005098125 -1.1379181416216801
v 0.1031917409271404 5.005098125 -1.139966983288738
v 0.08259378770654754 5.005098125 -1.1416442198059278
v 0.06196891065630984 5.005098125 -1.142949304429584
v 0.041323833050555786 5.005098125 -1.143881811729695
v 0.020665284748371208 5.005098125 -1.144441437728584
v -0.0 5.005098125 -1.144628
v -0.0 6.00611775 -1.131244
v -0.020423648014800996 6.00611775 -1.1310596191791868
v -0.0408406383518862 6.00611775 -1.1305065368209994
v -0.06124431550380208 6.00611775 -1.1295849332186008
v -0.08162802830291215 6.00611775 -1.1282951087952915
v -0.1019851320895371 6.00611775 -1.1266374840065811
v -0.12230899087797359 6.00611775 -1.1246125992031262
v -0.14259297951968503 6.00611775 -1.1222211144545884
v -0.1628304858629604 6.00611775 -1.1194638093344653
v -0.1830149129083358 6.00611775 -1.1163415826659662
v -0.20313968095907678 6.00611775 -1.1128554522290144
v -0.2231982297660209 6.00611775 -1.1090065544284733
v -0.24318402066607975 6.00611775 -1.1047961439237013
v -0.2630905387137052 6.00611775 -1.1002255932195597
v -0.28291129480462435 6.00611775 -1.0952963922190062
v -0.3026398277911499 6.00611775 -1.0900101477374158
v -0.32226970658837784 6.00611775 -1.0843685829787952
v -0.34179453227058565 6.00611775 -1.078373536974054
v -0.3612079401571465 6.00611775 -1.072026963981518
v -0.3805036018872807 6.00611775 -1.0653309328498848
v -0.39967522748296774 6.00611775 -1.0582876263438206
v -0.4187165673993461 6.00611775 -1.0508993404324263
v -0.4376214145619328 6.00611775 -1.0431684835408002
v -0.456383606389999 6.00611775 -1.0350975757649412
v -0.4749970268054399 6.00611775 -1.0266892480502519
v -0.49345560822648876 6.00611775 -1.0179462413339055
v -0.5117533335456187 6.00611775 -1.0088714056513577
v -0.5298842380909934 6.00611775 -0.9994676992072967
v -0.5478424115708241 6.00611775 -0.9897381874113292
v -0.565622 6.00611775 -0.9796860418787232
v -0.5707235 6.00611775 -0.9885220990735363
v -0.5884774036131399 6.00611775 -0.9780570531649665
v -0.6060394760268073 6.00611775 -0.9672731813227083
v -0.6234039923764693 6.00611775 -0.9561739988611273
v -0.6405652921966952 6.00611775 -0.9447631238791883
v -0.6575177812663503 6.00611775 -0.9330442760810315
v -0.6742559334321915 6.00611775 -0.9210212755634282
v -0.6907742924102775 6.00611775 -0.90869804157051
v -0.7070674735646033 6.00611775 -0.8960785912161774
v -0.7231301656623753 6.00611775 -0.883167038174606
v -0.7389571326053628 6.00611775 -0.8699675913392754
v -0.754543215136755 6.00611775 -0.8564845534509592
v -0.7698833325229694 6.00611775 -0.8427223196951219
v -0.7849724842098635 6.00611775 -0.828685376269182
v -0.7998057514528107 6.00611775 -0.8143782989201058
v -0.8143782989201058 6.00611775 -0.7998057514528106
v -0.8286853762691819 6.00611775 -0.7849724842098634
v -0.8427223196951221 6.00611775 -0.7698833325229693
v -0.8564845534509591 6.00611775 -0.754543215136755
v -0.8699675913392755 6.00611775 -0.7389571326053629
v -0.8831670381746058 6.00611775 -0.7231301656623753
v -0.8960785912161774 6.00611775 -0.7070674735646034
v -0.9086980415705099 6.00611775 -0.6907742924102777
v -0.9210212755634283 6.00611775 -0.6742559334321915
v -0.9330442760810315 6.00611775 -0.6575177812663503
v -0.9447631238791884 6.00611775 -0.6405652921966953
v -0.9561739988611276 6.00611775 -0.6234039923764692
v -0.9672731813227085 6.00611775 -0.6060394760268073
v -0.9780570531649665 6.00611775 -0.5884774036131398
v -0.9885220990735362 6.00611775 -0.5707235000000002
v -0.9981254547761017 6.00611775 -0.5762680000000001
v -1.0083667993521326 6.00611775 -0.5581537684727533
v -1.0182794376576414 6.00611775 -0.5398575906103733
v -1.0278601383819879 6.00611775 -0.5213854305802575
v -1.037105778419169 6.00611775 -0.5027433099162731
v -1.0460133438858863 6.00611775 -0.4839373055558612
v -1.054579931104008 6.00611775 -0.4649735478590858
v -1.0628027475471071 6.00611775 -0.44585821861026614
v -1.0706791127507655 6.00611775 -0.4265975490028435
v -1.0782064591863483 6.00611775 -0.40719781760814616
v -1.0853823330979655 6.00611775 -0.3876653483287064
v -1.0922043953023424 6.00611775 -0.36800650833680176
v -1.098670421951346 6.00611775 -0.3482277059988928
v -1.1047783052569111 6.00611775 -0.32833538878663004
v -1.110526054178135 6.00611775 -0.3083360411751142
v -1.115911795070316 6.00611775 -0.2882361825290941
v -1.1209337722957193 6.00611775 -0.26804236497779355
v -1.1255903487958803 6.00611775 -0.2477611712790527
v -1.1298800066252508 6.00611775 -0.22739921267349103
v -1.1338013474460147 6.00611775 -0.20696312672937967
v -1.1373530929839204 6.00611775 -0.1864595751789374
v -1.140534085444968 6.00611775 -0.16589524174674355
v -1.1433432878928274 6.00611775 -0.14527682997098748
v -1.145779784586857 6.00611775 -0.12461106101825599
v -1.1478427812806158 6.00611775 -0.10390467149257515
v -1.1495316054807718 6.00611775 -0.08316441123941887
v -1.150845706666319 6.00611775 -0.062397041145402614
v -1.1517846564680367 6.00611775 -0.04160933093437817
v -1.1523481488081293 6.00611775 -0.02080805696064392
v -1.152536 6.00611775 -7.057247616510469e-17
v -1.144835 6.00611775 -7.010092591509301e-17
v -1.144648403989771 6.00611775 0.020669021957265218
v -1.1440886767854408 6.00611775 0.04133130625009429
v -1.1431560008462514 6.00611775 0.06198011741038643
v -1.141850680204852 6.00611775 0.08260872436199844
v -1.1401731403681916 6.00611775 0.10321040261493099
v -1.1381239281788114 6.00611775 0.12377843645737335
v -1.1357037116365867 6.00611775 0.1443061211448799
v -1.132913279680973 6.00611775 0.16478676508597823
v -1.129753541933828 6.00611775 0.18521369202348442
v -1.1262255284028944 6.00611775 0.20558024321082335
v -1.1223303891460388 6.00611775 0.22587977958263883
v -1.1180693938963573 6.00611775 0.2461056839189878
v -1.1134439316482694 6.00611775 0.2662513630024157
v -1.1084555102047358 6.00611775 0.28631024976720504
v -1.1031057556857446 6.00611775 0.3062758054401006
v -1.0973964119982333 6.00611775 0.3261415216718105
v -1.091329340267609 6.00611775 0.3459009226585919
v -1.0849065182310638 6.00611775 0.3655475672532244
v -1.0781300395928712 6.00611775 0.3850750510646908
v -1.0710021133418854 6.00611775 0.4044770085458692
v -1.0635250630314566 6.00611775 0.4237471150685707
v -1.0557013260220005 6.00611775 0.4428790889852326
v -1.047533452686473 6.00611775 0.46186669367660255
v -1.039024105579 6.00611775 0.4807037395847456
v -1.0301760585669422 6.00611775 0.49938408623070907
v -1.0209921959266721 6.00611775 0.5179016442161888
v -1.0114755114033627 6.00611775 0.5362503772085442
v -1.0016291072350874 6.00611775 0.5544243039085157
v -0.9914561931415581 6.00611775 0.5724174999999998
v -0.9921654679472575 6.00611775 0.5728269999999998
v -0.9816618513051034 6.00611775 0.5906463386902833
v -0.9708382336412343 6.00611775 0.6082731391540876
v -0.9596981432263136 6.00611775 0.6257016554269024
v -0.9482452114944344 6.00611775 0.6429262061806748
v -0.9364831718593487 6.00611775 0.6599411765758016
v -0.9244158584974542 6.00611775 0.6767410200914489
v -0.9120472050979337 6.00611775 0.6933202603335975
v -0.8993812435804537 6.00611775 0.7096734928202378
v -0.8864221027808473 6.00611775 0.7257953867431102
v -0.8731740071051973 6.00611775 0.74168068670544
v -0.859641275152771 6.00611775 0.7573242144350844
v -0.845828318308248 6.00611775 0.7727208704725407
v -0.8317396393037026 6.00611775 0.7878656358332595
v -0.8173798307508059 6.00611775 0.8027535736437329
v -0.802753573643733 6.00611775 0.8173798307508056
v -0.7878656358332599 6.00611775 0.8317396393037026
v -0.7727208704725405 6.00611775 0.8458283183082483
v -0.7573242144350846 6.00611775 0.8596412751527709
v -0.7416806867054396 6.00611775 0.8731740071051973
v -0.7257953867431103 6.00611775 0.886422102780847
v -0.7096734928202382 6.00611775 0.8993812435804537
v -0.6933202603335976 6.00611775 0.9120472050979336
v -0.6767410200914487 6.00611775 0.9244158584974543
v -0.6599411765758014 6.00611775 0.9364831718593488
v -0.642926206180675 6.00611775 0.9482452114944341
v -0.6257016554269019 6.00611775 0.9596981432263137
v -0.6082731391540874 6.00611775 0.9708382336412343
v -0.5906463386902839 6.00611775 0.981661851305103
v -0.572827 6.00611775 0.9921654679472574
v -0.5674095 6.00611775 0.982782082697253
v -0.549573723844185 6.00611775 0.9928659953996992
v -0.5315587982664952 6.00611775 1.0026262547661913
v -0.5133705957520267 6.00611775 1.012059679158403
v -0.49501504527049467 6.00611775 1.0211631934793037
v -0.47649813034351773 6.00611775 1.0299338301755758
v -0.4578258870941128 6.00611775 1.0383687302049733
v -0.4390044022790468 6.00611775 1.0464651439683104
v -0.4200398113046863 6.00611775 1.0542204322057716
v -0.4009382962269799 6.00611775 1.061632066857255
v -0.3817060837362428 6.00611775 1.068697631886466
v -0.3623494431273829 6.00611775 1.0754148240684966
v -0.34287468425624684 6.00611775 1.0817814537406247
v -0.3232881554827401 6.00611775 1.0877954455160987
v -0.3035962416013919 6.00611775 1.0934548389606722
v -0.2838053617600527 6.00611775 1.0987577892316605
v -0.26392196736738305 6.00611775 1.1037025676793228
v -0.2439525399898344 6.00611775 1.108287562410365
v -0.2239035892387906 6.00611775 1.1125112788133822
v -0.20378165064857665 6.00611775 1.1163723400460714
v -0.1835932835460124 6.00611775 1.1198694874840522
v -0.1633450689122054 6.00611775 1.1230015811311518
v -0.14304360723729767 6.00611775 1.1257675999910202
v -0.12269551636883884 6.00611775 1.128166642399953
v -0.1023074293545125 6.00611775 1.1301979263208153
v -0.08188599227989966 6.00611775 1.1318607895979682
v -0.061437862101994846 6.00611775 1.1331546901731187
v -0.04096970447918321 6.00611775 1.1340792062620177
v -0.02048819159837181 6.00611775 1.1346340364919556
v -1.3897524559616002e-16 6.00611775 1.134819
v -1.39472207267254e-16 6.00611775 1.138877
v 0.020561455336030814 6.00611775 1.1386913750808267
v 0.041116208072070004 6.00611775 1.1381345608331088
v 0.06165755779303419 6.00611775 1.1372067387665263
v 0.08217880845293829 6.00611775 1.135908211331468
v 0.1026732705576655 6.00611775 1.1342394018204411
v 0.12313426334560343 6.00611775 1.1322008542300854
v 0.1435551169654293 6.00611775 1.1297932330838423
v 0.1639291746503416 6.00611775 1.1270173232153344
v 0.1842497948880232 6.00611775 1.1238740295125258
v 0.2045103535856368 6.00611775 1.1203643766227476
v 0.22470424622913945 6.00611775 1.1164895086186857
v 0.2448248900362104 6.00611775 1.1122506886254364
v 0.2648657261021038 6.00611775 1.107649298408754
v 0.28482022153771064 6.00611775 1.1026868379246255
v 0.3046818715991436 6.00611775 1.0973649248303148
v 0.3244442018081441 6.00611775 1.0916852939570432
v 0.34410077006262785 6.00611775 1.0856497967444687
v 0.36364516873667446 6.00611775 1.0792604006371564
v 0.38307102676927396 6.00611775 1.0725191884432344
v 0.40237201174116255 6.00611775 1.0654283576554406
v 0.42154183193905537 6.00611775 1.057990219734788
v 0.4405742384066131 6.00611775 1.0502071993570758
v 0.45946302698146724 6.00611775 1.042081833622498
v 0.47820204031764935 6.00611775 1.0336167712286004
v 0.49678516989275423 6.00611775 1.0248147716068632
v 0.5152063579991879 6.00611775 1.0156787040231827
v 0.5334595997188551 6.00611775 1.006211546642553
v 0.5515389448806317 6.00611775 0.9964163855582462
v 0.5694385000000001 6.00611775 0.9862964137858099
v 0.5733570000000001 6.00611775 0.9930834548752686
v 0.5911928257788913 6.00611775 0.9825701199118408
v 0.6088359351880585 6.00611775 0.9717364878503236
v 0.6262805769466215 6.00611775 0.9605860902258615
v 0.6435210644699589 6.00611775 0.9491225618324808
v 0.6605517777234177 6.00611775 0.9373496395382209
v 0.677367165054323 6.00611775 0.9252711610669976
v 0.693961745001703 6.00611775 0.9128910637475819
v 0.7103301080831266 6.00611775 0.9002133832301171
v 0.7264669185580802 6.00611775 0.8872422521705826
v 0.7423669161673087 6.00611775 0.8739818988836326
v 0.7580249178475468 6.00611775 0.8604366459642568
v 0.7734358194210895 6.00611775 0.8466109088787056
v 0.7885945972596442 6.00611775 0.8325091945251413
v 0.8034963099219307 6.00611775 0.8181360997644835
v 0.8181360997644833 6.00611775 0.8034963099219308
v 0.8325091945251409 6.00611775 0.7885945972596443
v 0.8466109088787056 6.00611775 0.7734358194210894
v 0.8604366459642567 6.00611775 0.758024917847547
v 0.8739818988836326 6.00611775 0.7423669161673085
v 0.8872422521705823 6.00611775 0.7264669185580804
v 0.9002133832301171 6.00611775 0.7103301080831265
v 0.9128910637475813 6.00611775 0.6939617450017037
v 0.9252711610669975 6.00611775 0.6773671650543232
v 0.9373496395382213 6.00611775 0.6605517777234171
v 0.9491225618324804 6.00611775 0.6435210644699593
v 0.9605860902258615 6.00611775 0.6262805769466214
v 0.9717364878503237 6.00611775 0.6088359351880583
v 0.982570119911841 6.00611775 0.5911928257788913
v 0.9930834548752686 6.00611775 0.5733570000000006
v 0.9823135629538052 6.00611775 0.5671390000000005
v 0.9923926683726478 6.00611775 0.5493117266582023
v 1.0021482747501456 6.00611775 0.5313053893000771
v 1.0115772019647493 6.00611775 0.5131258576111409
v 1.0206763763854128 6.00611775 0.4947790577346046
v 1.029442831873534 6.00611775 0.4762709703395732
v 1.0378737107498526 6.00611775 0.4576076286714759
v 1.0459662647259933 6.00611775 0.4387951165853526
v 1.0537178558003504 6.00611775 0.41983956656264737
v 1.0611259571180187 6.00611775 0.4007471577121517
v 1.0681881537944966 6.00611775 0.3815241137557426
v 1.0749021437028867 6.00611775 0.3621767009995789
v 1.0812657382243407 6.00611775 0.3427112262914232
v 1.0872768629615026 6.00611775 0.32313403496473975
v 1.0929335584147188 6.00611775 0.30345150877024807
v 1.0982339806207941 6.00611775 0.283670063795609
v 1.103176401754083 6.00611775 0.26379614837391735
v 1.1077592106897258 6.00611775 0.24383624098167925
v 1.1119809135288408 6.00611775 0.22379684812696687
v 1.1158401340855042 6.00611775 0.20368450222843193
v 1.119335614335357 6.00611775 0.18350575948587686
v 1.122466214825695 6.00611775 0.16326719774307547
v 1.1252309150469055 6.00611775 0.14297541434352753
v 1.1276288137651327 6.00611775 0.12263702397987156
v 1.12965912931606 6.00611775 0.10225865653763044
v 1.131321199859717 6.00611775 0.08184695493401109
v 1.1326144835962249 6.00611775 0.061408572952450696
v 1.133538558942412 6.00611775 0.040950173073625876
v 1.13409312466924 6.00611775 0.02047842430362783
v 1.134278 6.00611775 2.0836348830648922e-16
v 1.138244 6.00611775 2.09092030687302e-16
v 1.1380584782531395 6.00611775 -0.02055002705955514
v 1.1375019734887275 6.00611775 -0.04109335524449639
v 1.1365746671155585 6.00611775 -0.06162328786390006
v 1.1352768614159172 6.00611775 -0.08213313259351593
v 1.1336089794470399 6.00611775 -0.10261620365732149
v 1.131571564903207 6.00611775 -0.1230658240069405
v 1.1291652819385107 6.00611775 -0.1434753274982268
v 1.1263909149503548 6.00611775 -0.16383806106427942
v 1.1232493683237568 6.00611775 -0.18414738688420576
v 1.1197416661365387 6.00611775 -0.20439668454690899
v 1.1158689518254978 6.00611775 -0.2245793532092052
v 1.111632487813672 6.00611775 -0.24468881374755677
v 1.1070336550988158 6.00611775 -0.26471851090272475
v 1.1020739528032242 6.00611775 -0.2846619154166516
v 1.0967549976850504 6.00611775 -0.3045125261608546
v 1.0910785236112774 6.00611775 -0.32426387225566033
v 1.0850463809925137 6.00611775 -0.34390951517957274
v 1.0786605361797976 6.00611775 -0.3634430508680988
v 1.0719230708236105 6.00611775 -0.3828581118013318
v 1.0648361811953 6.00611775 -0.40214836907963475
v 1.0574021774711442 6.00611775 -0.4213075344867252
v 1.0496234829792819 6.00611775 -0.44032936253949884
v 1.0415026334097592 6.00611775 -0.45920765252392803
v 1.033042275987949 6.00611775 -0.4779362505163618
v 1.024245168611608 6.00611775 -0.4965090513895781
v 1.0151141789518656 6.00611775 -0.5149200008029204
v 1.0056522835184194 6.00611775 -0.5331630971758913
v 0.9958625666892568 6.00611775 -0.5512323936445374
v 0.9857482197052146 6.00611775 -0.5691220000000001
v 0.9932038324063948 6.00611775 -0.5734265000000001
v 0.9826892230593278 6.00611775 -0.5912644877650393
v 0.9718542777890624 6.00611775 -0.6089097358000607
v 0.9607025285588208 6.00611775 -0.6263564921270379
v 0.9492376106032244 6.00611775 -0.643599069472044
v 0.9374632612432812 6.00611775 -0.6606318471191889
v 0.925383318668098 6.00611775 -0.6774492727428505
v 0.9130017206837145 6.00611775 -0.6940458642176152
v 0.9003225034294593 6.00611775 -0.7104162114053358
v 0.8873498000622553 6.00611775 -0.7265549779187225
v 0.8740878394092949 6.00611775 -0.7424569028608935
v 0.8605409445895367 6.00611775 -0.758116802540313
v 0.8467135316044548 6.00611775 -0.7735295721605682
v 0.8326101078985185 6.00611775 -0.7886901874844248
v 0.8182352708898615 6.00611775 -0.803593706471619
v 0.8035937064716187 6.00611775 -0.818235270889862
v 0.788690187484425 6.00611775 -0.8326101078985183
v 0.7735295721605685 6.00611775 -0.8467135316044544
v 0.7581168025403127 6.00611775 -0.8605409445895369
v 0.7424569028608938 6.00611775 -0.8740878394092946
v 0.7265549779187227 6.00611775 -0.8873498000622551
v 0.7104162114053355 6.00611775 -0.9003225034294596
v 0.6940458642176156 6.00611775 -0.9130017206837142
v 0.677449272742851 6.00611775 -0.9253833186680976
v 0.6606318471191893 6.00611775 -0.9374632612432809
v 0.6435990694720438 6.00611775 -0.9492376106032249
v 0.6263564921270383 6.00611775 -0.9607025285588205
v 0.6089097358000612 6.00611775 -0.9718542777890622
v 0.5912644877650388 6.00611775 -0.9826892230593283
v 0.5734265000000005 6.00611775 -0.9932038324063945
v 0.5723140000000005 6.00611775 -0.9912769258829742
v 0.5543240572957643 6.00611775 -1.0014480005907258
v 0.5361534166613191 6.00611775 -1.0112926244101623
v 0.5178080013415796 6.00611775 -1.020807588201929
v 0.49929379155431575 6.00611775 -1.0299897902888726
v 0.4806168225407229 6.00611775 -1.038836237467128
v 0.4617831825980705 6.00611775 -1.0473440459818335
v 0.4427990110950394 6.00611775 -1.0555104424671768
v 0.42367049647041566 6.00611775 -1.0633327648504542
v 0.40440387421579616 6.00611775 -1.070808463219849
v 0.38500542484294603 6.00611775 -1.0779351006556481
v 0.3654814718364873 6.00611775 -1.0847103540246286
v 0.34583837959256936 6.00611775 -1.0911320147373489
v 0.32608255134422093 6.00611775 -1.0971979894681012
v 0.30622042707402564 6.00611775 -1.102906300837293
v 0.2862584814148211 6.00611775 -1.108255088056031
v 0.2662032215391115 6.00611775 -1.1132426075326969
v 0.24606118503786342 6.00611775 -1.117867233441325
v 0.22583893778939018 6.00611775 -1.1221274582515837
v 0.20554307181901232 6.00611775 -1.1260218932202004
v 0.1851802031501981 6.00611775 -1.1295492688436621
v 0.1647569696478827 6.00611775 -1.1327084352720458
v 0.14428002885465765 6.00611775 -1.1354983626838477
v 0.12375605582055943 6.00611775 -1.1379181416216801
v 0.1031917409271404 6.00611775 -1.139966983288738
v 0.08259378770654754 6.00611775 -1.1416442198059278
v 0.06196891065630984 6.00611775 -1.142949304429584
v 0.041323833050555786 6.00611775 -1.143881811729695
v 0.020665284748371208 6.00611775 -1.144441437728584
v -0.0 6.00611775 -1.144628
v -0.0 5.005098125 -1.131244
v -0.020423648014800996 5.005098125 -1.1310596191791868
v -0.0408406383518862 5.005098125 -1.1305065368209994
v -0.06124431550380208 5.005098125 -1.1295849332186008
v -0.08162802830291215 5.005098125 -1.1282951087952915
v -0.1019851320895371 5.005098125 -1.1266374840065811
v -0.12230899087797359 5.005098125 -1.1246125992031262
v -0.14259297951968503 5.005098125 -1.1222211144545884
v -0.1628304858629604 5.005098125 -1.1194638093344653
v -0.1830149129083358 5.005098125 -1.1163415826659662
v -0.20313968095907678 5.005098125 -1.1128554522290144
v -0.2231982297660209 5.005098125 -1.1090065544284733
v -0.24318402066607975 5.005098125 -1.1047961439237013
v -0.2630905387137052 5.005098125 -1.1002255932195597
v -0.28291129480462435 5.005098125 -1.0952963922190062
v -0.3026398277911499 5.005098125 -1.0900101477374158
v -0.32226970658837784 5.005098125 -1.0843685829787952
v -0.34179453227058565 5.005098125 -1.078373536974054
v -0.3612079401571465 5.005098125 -1.072026963981518
v -0.3805036018872807 5.005098125 -1.0653309328498848
v -0.39967522748296774 5.005098125 -1.0582876263438206
v -0.4187165673993461 5.005098125 -1.0508993404324263
v -0.4376214145619328 5.005098125 -1.0431684835408002
v -0.456383606389999 5.005098125 -1.0350975757649412
v -0.4749970268054399 5.005098125 -1.0266892480502519
v -0.49345560822648876 5.005098125 -1.0179462413339055
v -0.5117533335456187 5.005098125 -1.0088714056513577
v -0.5298842380909934 5.005098125 -0.9994676992072967
v -0.5478424115708241 5.005098125 -0.9897381874113292
v -0.565622 5.005098125 -0.9796860418787232
v -0.5707235 5.005098125 -0.9885220990735363
v -0.5884774036131399 5.005098125 -0.9780570531649665
v -0.6060394760268073 5.005098125 -0.9672731813227083
v -0.6234039923764693 5.005098125 -0.9561739988611273
v -0.6405652921966952 5.005098125 -0.9447631238791883
v -0.6575177812663503 5.005098125 -0.9330442760810315
v -0.6742559334321915 5.005098125 -0.9210212755634282
v -0.6907742924102775 5.005098125 -0.90869804157051
v -0.7070674735646033 5.005098125 -0.8960785912161774
v -0.7231301656623753 5.005098125 -0.883167038174606
v -0.7389571326053628 5.005098125 -0.8699675913392754
v -0.754543215136755 5.005098125 -0.8564845534509592
v -0.7698833325229694 5.005098125 -0.8427223196951219
v -0.7849724842098635 5.005098125 -0.828685376269182
v -0.7998057514528107 5.005098125 -0.8143782989201058
v -0.8143782989201058 5.005098125 -0.7998057514528106
v -0.8286853762691819 5.005098125 -0.7849724842098634
v -0.8427223196951221 5.005098125 -0.7698833325229693
v -0.8564845534509591 5.005098125 -0.754543215136755
v -0.8699675913392755 5.005098125 -0.7389571326053629
v -0.8831670381746058 5.005098125 -0.7231301656623753
v -0.8960785912161774 5.005098125 -0.7070674735646034
v -0.9086980415705099 5.005098125 -0.6907742924102777
v -0.9210212755634283 5.005098125 -0.6742559334321915
v -0.9330442760810315 5.005098125 -0.6575177812663503
v -0.9447631238791884 5.005098125 -0.6405652921966953
v -0.9561739988611276 5.005098125 -0.6234039923764692
v -0.9672731813227085 5.005098125 -0.6060394760268073
v -0.9780570531649665 5.005098125 -0.5884774036131398
v -0.9885220990735362 5.005098125 -0.5707235000000002
v -0.9981254547761017 5.005098125 -0.5762680000000001
v -1.0083667993521326 5.005098125 -0.5581537684727533
v -1.0182794376576414 5.005098125 -0.5398575906103733
v -1.0278601383819879 5.005098125 -0.5213854305802575
v -1.037105778419169 5.005098125 -0.5027433099162731
v -1.0460133438858863 5.005098125 -0.4839373055558612
v -1.054579931104008 5.005098125 -0.4649735478590858
v -1.0628027475471071 5.005098125 -0.44585821861026614
v -1.0706791127507655 5.005098125 -0.4265975490028435
v -1.0782064591863483 5.005098125 -0.40719781760814616
v -1.0853823330979655 5.005098125 -0.3876653483287064
v -1.0922043953023424 5.005098125 -0.36800650833680176
v -1.098670421951346 5.005098125 -0.3482277059988928
v -1.1047783052569111 5.005098125 -0.32833538878663004
v -1.110526054178135 5.005098125 -0.3083360411751142
v -1.115911795070316 5.005098125 -0.2882361825290941
v -1.1209337722957193 5.005098125 -0.26804236497779355
v -1.1255903487958803 5.005098125 -0.2477611712790527
v -1.1298800066252508 5.005098125 -0.22739921267349103
v -1.1338013474460147 5.005098125 -0.20696312672937967
v -1.1373530929839204 5.005098125 -0.1864595751789374
v -1.140534085444968 5.005098125 -0.16589524174674355
v -1.1433432878928274 5.005098125 -0.14527682997098748
v -1.145779784586857 5.005098125 -0.12461106101825599
v -1.1478427812806158 5.005098125 -0.10390467149257515
v -1.1495316054807718 5.005098125 -0.08316441123941887
v -1.150845706666319 5.005098125 -0.062397041145402614
v -1.1517846564680367 5.005098125 -0.04160933093437817
v -1.1523481488081293 5.005098125 -0.02080805696064392
v -1.152536 5.005098125 -7.057247616510469e-17
v -1.144835 5.005098125 -7.010092591509301e-17
v -1.144648403989771 5.005098125 0.020669021957265218
v -1.1440886767854408 5.005098125 0.04133130625009429
v -1.1431560008462514 5.005098125 0.06198011741038643
v -1.141850680204852 5.005098125 0.08260872436199844
v -1.1401731403681916 5.005098125 0.10321040261493099
v -1.1381239281788114 5.005098125 0.12377843645737335
v -1.1357037116365867 5.005098125 0.1443061211448799
v -1.132913279680973 5.005098125 0.16478676508597823
v -1.129753541933828 5.005098125 0.18521369202348442
v -1.1262255284028944 5.005098125 0.20558024321082335
v -1.1223303891460388 5.005098125 0.22587977958263883
v -1.1180693938963573 5.005098125 0.2461056839189878
v -1.1134439316482694 5.005098125 0.2662513630024157
v -1.1084555102047358 5.005098125 0.28631024976720504
v -1.1031057556857446 5.005098125 0.3062758054401006
v -1.0973964119982333 5.005098125 0.3261415216718105
v -1.091329340267609 5.005098125 0.3459009226585919
v -1.0849065182310638 5.005098125 0.3655475672532244
v -1.0781300395928712 5.005098125 0.3850750510646908
v -1.0710021133418854 5.005098125 0.4044770085458692
v -1.0635250630314566 5.005098125 0.4237471150685707
v -1.0557013260220005 5.005098125 0.4428790889852326
v -1.047533452686473 5.005098125 0.46186669367660255
v -1.039024105579 5.005098125 0.4807037395847456
v -1.0301760585669422 5.005098125 0.49938408623070907
v -1.0209921959266721 5.005098125 0.5179016442161888
v -1.0114755114033627 5.005098125 0.5362503772085442
v -1.0016291072350874 5.005098125 0.5544243039085157
v -0.9914561931415581 5.005098125 0.5724174999999998
v -0.9921654679472575 5.005098125 0.5728269999999998
v -0.9816618513051034 5.005098125 0.5906463386902833
v -0.9708382336412343 5.005098125 0.6082731391540876
v -0.9596981432263136 5.005098125 0.6257016554269024
v -0.9482452114944344 5.005098125 0.6429262061806748
v -0.9364831718593487 5.005098125 0.6599411765758016
v -0.9244158584974542 5.005098125 0.6767410200914489
v -0.9120472050979337 5.005098125 0.6933202603335975
v -0.8993812435804537 5.005098125 0.7096734928202378
v -0.8864221027808473 5.005098125 0.7257953867431102
v -0.8731740071051973 5.005098125 0.74168068670544
v -0.859641275152771 5.005098125 0.7573242144350844
v -0.845828318308248 5.005098125 0.7727208704725407
v -0.8317396393037026 5.005098125 0.7878656358332595
v -0.8173798307508059 5.005098125 0.8027535736437329
v -0.802753573643733 5.005098125 0.8173798307508056
v -0.7878656358332599 5.005098125 0.8317396393037026
v -0.7727208704725405 5.005098125 0.8458283183082483
v -0.7573242144350846 5.005098125 0.8596412751527709
v -0.7416806867054396 5.005098125 0.8731740071051973
v -0.7257953867431103 5.005098125 0.886422102780847
v -0.7096734928202382 5.005098125 0.8993812435804537
v -0.6933202603335976 5.005098125 0.9120472050979336
v -0.6767410200914487 5.005098125 0.9244158584974543
v -0.6599411765758014 5.005098125 0.9364831718593488
v -0.642926206180675 5.005098125 0.9482452114944341
v -0.6257016554269019 5.005098125 0.9596981432263137
v -0.6082731391540874 5.005098125 0.9708382336412343
v -0.5906463386902839 5.005098125 0.981661851305103
v -0.572827 5.005098125 0.9921654679472574
v -0.5674095 5.005098125 0.982782082697253
v -0.549573723844185 5.005098125 0.9928659953996992
v -0.5315587982664952 5.005098125 1.0026262547661913
v -0.5133705957520267 5.005098125 1.012059679158403
v -0.49501504527049467 5.005098125 1.0211631934793037
v -0.47649813034351773 5.005098125 1.0299338301755758
v -0.4578258870941128 5.005098125 1.0383687302049733
v -0.4390044022790468 5.005098125 1.0464651439683104
v -0.4200398113046863 5.005098125 1.0542204322057716
v -0.4009382962269799 5.005098125 1.061632066857255
v -0.3817060837362428 5.005098125 1.068697631886466
v -0.3623494431273829 5.005098125 1.0754148240684966
v -0.34287468425624684 5.005098125 1.0817814537406247
v -0.3232881554827401 5.005098125 1.0877954455160987
v -0.3035962416013919 5.005098125 1.0934548389606722
v -0.2838053617600527 5.005098125 1.0987577892316605
v -0.26392196736738305 5.005098125 1.1037025676793228
v -0.2439525399898344 5.005098125 1.108287562410365
v -0.2239035892387906 5.005098125 1.1125112788133822
v -0.20378165064857665 5.005098125 1.1163723400460714
v -0.1835932835460124 5.005098125 1.1198694874840522
v -0.1633450689122054 5.005098125 1.1230015811311518
v -0.14304360723729767 5.005098125 1.1257675999910202
v -0.12269551636883884 5.005098125 1.128166642399953
v -0.1023074293545125 5.005098125 1.1301979263208153
v -0.08188599227989966 5.005098125 1.1318607895979682
v -0.061437862101994846 5.005098125 1.1331546901731187
v -0.04096970447918321 5.005098125 1.1340792062620177
v -0.02048819159837181 5.005098125 1.1346340364919556
v -1.3897524559616002e-16 5.005098125 1.134819
v -1.39472207267254e-16 5.005098125 1.138877
v 0.020561455336030814 5.005098125 1.1386913750808267
v 0.041116208072070004 5.005098125 1.1381345608331088
v 0.06165755779303419 5.005098125 1.1372067387665263
v 0.08217880845293829 5.005098125 1.135908211331468
v 0.1026732705576655 5.005098125 1.1342394018204411
v 0.12313426334560343 5.005098125 1.1322008542300854
v 0.1435551169654293 5.005098125 1.1297932330838423
v 0.1639291746503416 5.005098125 1.1270173232153344
v 0.1842497948880232 5.005098125 1.1238740295125258
v 0.2045103535856368 5.005098125 1.1203643766227476
v 0.22470424622913945 5.005098125 1.1164895086186857
v 0.2448248900362104 5.005098125 1.1122506886254364
v 0.2648657261021038 5.005098125 1.107649298408754
v 0.28482022153771064 5.005098125 1.1026868379246255
v 0.3046818715991436 5.005098125 1.0973649248303148
v 0.3244442018081441 5.005098125 1.0916852939570432
v 0.34410077006262785 5.005098125 1.0856497967444687
v 0.36364516873667446 5.005098125 1.0792604006371564
v 0.38307102676927396 5.005098125 1.0725191884432344
v 0.40237201174116255 5.005098125 1.0654283576554406
v 0.42154183193905537 5.005098125 1.057990219734788
v 0.4405742384066131 5.005098125 1.0502071993570758
v 0.45946302698146724 5.005098125 1.042081833622498
v 0.47820204031764935 5.005098125 1.0336167712286004
v 0.49678516989275423 5.005098125 1.0248147716068632
v 0.5152063579991879 5.005098125 1.0156787040231827
v 0.5334595997188551 5.005098125 1.006211546642553
v 0.5515389448806317 5.005098125 0.9964163855582462
v 0.5694385000000001 5.005098125 0.9862964137858099
v 0.5733570000000001 5.005098125 0.9930834548752686
v 0.5911928257788913 5.005098125 0.9825701199118408
v 0.6088359351880585 5.005098125 0.9717364878503236
v 0.6262805769466215 5.005098125 0.9605860902258615
v 0.6435210644699589 5.005098125 0.9491225618324808
v 0.6605517777234177 5.005098125 0.9373496395382209
v 0.677367165054323 5.005098125 0.9252711610669976
v 0.693961745001703 5.005098125 0.9128910637475819
v 0.7103301080831266 5.005098125 0.9002133832301171
v 0.7264669185580802 5.005098125 0.8872422521705826
v 0.7423669161673087 5.005098125 0.8739818988836326
v 0.7580249178475468 5.005098125 0.8604366459642568
v 0.7734358194210895 5.005098125 0.8466109088787056
v 0.7885945972596442 5.005098125 0.8325091945251413
v 0.8034963099219307 5.005098125 0.8181360997644835
v 0.8181360997644833 5.005098125 0.8034963099219308
v 0.8325091945251409 5.005098125 0.7885945972596443
v 0.8466109088787056 5.005098125 0.7734358194210894
v 0.8604366459642567 5.005098125 0.758024917847547
v 0.8739818988836326 5.005098125 0.7423669161673085
v 0.8872422521705823 5.005098125 0.7264669185580804
v 0.9002133832301171 5.005098125 0.7103301080831265
v 0.9128910637475813 5.005098125 0.6939617450017037
v 0.9252711610669975 5.005098125 0.6773671650543232
v 0.9373496395382213 5.005098125 0.6605517777234171
v 0.9491225618324804 5.005098125 0.6435210644699593
v 0.9605860902258615 5.005098125 0.6262805769466214
v 0.9717364878503237 5.005098125 0.6088359351880583
v 0.982570119911841 5.005098125 0.5911928257788913
v 0.9930834548752686 5.005098125 0.5733570000000006
v 0.9823135629538052 5.005098125 0.5671390000000005
v 0.9923926683726478 5.005098125 0.5493117266582023
v 1.0021482747501456 5.005098125 0.5313053893000771
v 1.0115772019647493 5.005098125 0.5131258576111409
v 1.0206763763854128 5.005098125 0.4947790577346046
v 1.029442831873534 5.005098125 0.4762709703395732
v 1.0378737107498526 5.005098125 0.4576076286714759
v 1.0459662647259933 5.005098125 0.4387951165853526
v 1.0537178558003504 5.005098125 0.41983956656264737
v 1.0611259571180187 5.005098125 0.4007471577121517
v 1.0681881537944966 5.005098125 0.3815241137557426
v 1.0749021437028867 5.005098125 0.3621767009995789
v 1.0812657382243407 5.005098125 0.3427112262914232
v 1.0872768629615026 5.005098125 0.32313403496473975
v 1.0929335584147188 5.005098125 0.30345150877024807
v 1.0982339806207941 5.005098125 0.283670063795609
v 1.103176401754083 5.005098125 0.26379614837391735
v 1.1077592106897258 5.005098125 0.24383624098167925
v 1.1119809135288408 5.005098125 0.22379684812696687
v 1.1158401340855042 5.005098125 0.20368450222843193
v 1.119335614335357 5.005098125 0.18350575948587686
v 1.122466214825695 5.005098125 0.16326719774307547
v 1.1252309150469055 5.005098125 0.14297541434352753
v 1.1276288137651327 5.005098125 0.12263702397987156
v 1.12965912931606 5.005098125 0.10225865653763044
v 1.131321199859717 5.005098125 0.08184695493401109
v 1.1326144835962249 5.005098125 0.061408572952450696
v 1.133538558942412 5.005098125 0.040950173073625876
v 1.13409312466924 5.005098125 0.02047842430362783
v 1.134278 5.005098125 2.0836348830648922e-16
v 1.138244 5.005098125 2.09092030687302e-16
v 1.1380584782531395 5.005098125 -0.02055002705955514
v 1.1375019734887275 5.005098125 -0.04109335524449639
v 1.1365746671155585 5.005098125 -0.06162328786390006
v 1.1352768614159172 5.005098125 -0.08213313259351593
v 1.1336089794470399 5.005098125 -0.10261620365732149
v 1.131571564903207 5.005098125 -0.1230658240069405
v 1.1291652819385107 5.005098125 -0.1434753274982268
v 1.1263909149503548 5.005098125 -0.16383806106427942
v 1.1232493683237568 5.005098125 -0.18414738688420576
v 1.1197416661365387 5.005098125 -0.20439668454690899
v 1.1158689518254978 5.005098125 -0.2245793532092052
v 1.111632487813672 5.005098125 -0.24468881374755677
v 1.1070336550988158 5.005098125 -0.26471851090272475
v 1.1020739528032242 5.005098125 -0.2846619154166516
v 1.0967549976850504 5.005098125 -0.3045125261608546
v 1.0910785236112774 5.005098125 -0.32426387225566033
v 1.0850463809925137 5.005098125 -0.34390951517957274
v 1.0786605361797976 5.005098125 -0.3634430508680988
v 1.0719230708236105 5.005098125 -0.3828581118013318
v 1.0648361811953 5.005098125 -0.40214836907963475
v 1.0574021774711442 5.005098125 -0.4213075344867252
v 1.0496234829792819 5.005098125 -0.44032936253949884
v 1.0415026334097592 5.005098125 -0.45920765252392803
v 1.033042275987949 5.005098125 -0.4779362505163618
v 1.024245168611608 5.005098125 -0.4965090513895781
v 1.0151141789518656 5.005098125 -0.5149200008029204
v 1.0056522835184194 5.005098125 -0.5331630971758913
v 0.9958625666892568 5.005098125 -0.5512323936445374
v 0.9857482197052146 5.005098125 -0.5691220000000001
v 0.9932038324063948 5.005098125 -0.5734265000000001
v 0.9826892230593278 5.005098125 -0.5912644877650393
v 0.9718542777890624 5.005098125 -0.6089097358000607
v 0.9607025285588208 5.005098125 -0.6263564921270379
v 0.9492376106032244 5.005098125 -0.643599069472044
v 0.9374632612432812 5.005098125 -0.6606318471191889
v 0.925383318668098 5.005098125 -0.6774492727428505
v 0.9130017206837145 5.005098125 -0.6940458642176152
v 0.9003225034294593 5.005098125 -0.7104162114053358
v 0.8873498000622553 5.005098125 -0.7265549779187225
v 0.8740878394092949 5.005098125 -0.7424569028608935
v 0.8605409445895367 5.005098125 -0.758116802540313
v 0.8467135316044548 5.005098125 -0.7735295721605682
v 0.8326101078985185 5.005098125 -0.7886901874844248
v 0.8182352708898615 5.005098125 -0.803593706471619
v 0.8035937064716187 5.005098125 -0.818235270889862
v 0.788690187484425 5.005098125 -0.8326101078985183
v 0.7735295721605685 5.005098125 -0.8467135316044544
v 0.7581168025403127 5.005098125 -0.8605409445895369
v 0.7424569028608938 5.005098125 -0.8740878394092946
v 0.7265549779187227 5.005098125 -0.8873498000622551
v 0.7104162114053355 5.005098125 -0.9003225034294596
v 0.6940458642176156 5.005098125 -0.9130017206837142
v 0.677449272742851 5.005098125 -0.9253833186680976
v 0.6606318471191893 5.005098125 -0.9374632612432809
v 0.6435990694720438 5.005098125 -0.9492376106032249
v 0.6263564921270383 5.005098125 -0.9607025285588205
v 0.6089097358000612 5.005098125 -0.9718542777890622
v 0.5912644877650388 5.005098125 -0.9826892230593283
v 0.5734265000000005 5.005098125 -0.9932038324063945
v 0.5723140000000005 5.005098125 -0.9912769258829742
v 0.5543240572957643 5.005098125 -1.0014480005907258
v 0.5361534166613191 5.005098125 -1.0112926244101623
v 0.5178080013415796 5.005098125 -1.020807588201929
v 0.49929379155431575 5.005098125 -1.0299897902888726
v 0.4806168225407229 5.005098125 -1.038836237467128
v 0.4617831825980705 5.005098125 -1.0473440459818335
v 0.4427990110950394 5.005098125 -1.0555104424671768
v 0.42367049647041566 5.005098125 -1.0633327648504542
v 0.40440387421579616 5.005098125 -1.070808463219849
v 0.38500542484294603 5.005098125 -1.0779351006556481
v 0.3654814718364873 5.005098125 -1.0847103540246286
v 0.34583837959256936 5.005098125 -1.0911320147373489
v 0.32608255134422093 5.005098125 -1.0971979894681012
v 0.30622042707402564 5.005098125 -1.102906300837293
v 0.2862584814148211 5.005098125 -1.108255088056031
v 0.2662032215391115 5.005098125 -1.1132426075326969
v 0.24606118503786342 5.005098125 -1.117867233441325
v 0.22583893778939018 5.005098125 -1.1221274582515837
v 0.20554307181901232 5.005098125 -1.1260218932202004
v 0.1851802031501981 5.005098125 -1.1295492688436621
v 0.1647569696478827 5.005098125 -1.1327084352720458
v 0.14428002885465765 5.005098125 -1.1354983626838477
v 0.12375605582055943 5.005098125 -1.1379181416216801
v 0.1031917409271404 5.005098125 -1.139966983288738
v 0.08259378770654754 5.005098125 -1.1416442198059278
v 0.06196891065630984 5.005098125 -1.142949304429584
v 0.041323833050555786 5.005098125 -1.143881811729695
v 0.020665284748371208 5.005098125 -1.144441437728584
v -0.0 5.005098125 -1.144628
v -0.0 6.00611775 -1.131244
v -0.020423648014800996 6.00611775 -1.1310596191791868
v -0.0408406383518862 6.00611775 -1.1305065368209994
v -0.06124431550380208 6.00611775 -1.1295849332186008
v -0.08162802830291215 6.00611775 -1.1282951087952915
v -0.1019851320895371 6.00611775 -1.1266374840065811
v -0.12230899087797359 6.00611775 -1.1246125992031262
v -0.14259297951968503 6.00611775 -1.1222211144545884
v -0.1628304858629604 6.00611775 -1.1194638093344653
v -0.1830149129083358 6.00611775 -1.1163415826659662
v -0.20313968095907678 6.00611775 -1.1128554522290144
v -0.2231982297660209 6.00611775 -1.1090065544284733
v -0.24318402066607975 6.00611775 -1.1047961439237013
v -0.2630905387137052 6.00611775 -1.1002255932195597
v -0.28291129480462435 6.00611775 -1.0952963922190062
v -0.3026398277911499 6.00611775 -1.0900101477374158
v -0.32226970658837784 6.00611775 -1.0843685829787952
v -0.34179453227058565 6.00611775 -1.078373536974054
v -0.3612079401571465 6.00611775 -1.072026963981518
v -0.3805036018872807 6.00611775 -1.0653309328498848
v -0.39967522748296774 6.00611775 -1.0582876263438206
v -0.4187165673993461 6.00611775 -1.0508993404324263
v -0.4376214145619328 6.00611775 -1.0431684835408002
v -0.456383606389999 6.00611775 -1.0350975757649412
v -0.4749970268054399 6.00611775 -1.0266892480502519
v -0.49345560822648876 6.00611775 -1.0179462413339055
v -0.5117533335456187 6.00611775 -1.0088714056513577
v -0.5298842380909934 6.00611775 -0.9994676992072967
v -0.5478424115708241 6.00611775 -0.9897381874113292
v -0.565622 6.00611775 -0.9796860418787232
v -0.5707235 6.00611775 -0.9885220990735363
v -0.5884774036131399 6.00611775 -0.9780570531649665
v -0.6060394760268073 6.00611775 -0.9672731813227083
v -0.6234039923764693 6.00611775 -0.9561739988611273
v -0.6405652921966952 6.00611775 -0.9447631238791883
v -0.6575177812663503 6.00611775 -0.9330442760810315
v -0.6742559334321915 6.00611775 -0.9210212755634282
v -0.6907742924102775 6.00611775 -0.90869804157051
v -0.7070674735646033 6.00611775 -0.8960785912161774
v -0.7231301656623753 6.00611775 -0.883167038174606
v -0.7389571326053628 6.00611775 -0.8699675913392754
v -0.754543215136755 6.00611775 -0.8564845534509592
v -0.7698833325229694 6.00611775 -0.8427223196951219
v -0.7849724842098635 6.00611775 -0.828685376269182
v -0.7998057514528107 6.00611775 -0.8143782989201058
v -0.8143782989201058 6.00611775 -0.7998057514528106
v -0.8286853762691819 6.00611775 -0.7849724842098634
v -0.8427223196951221 6.00611775 -0.7698833325229693
v -0.8564845534509591 6.00611775 -0.754543215136755
v -0.8699675913392755 6.00611775 -0.7389571326053629
v -0.8831670381746058 6.00611775 -0.7231301656623753
v -0.8960785912161774 6.00611775 -0.7070674735646034
v -0.9086980415705099 6.00611775 -0.6907742924102777
v -0.9210212755634283 6.00611775 -0.6742559334321915
v -0.9330442760810315 6.00611775 -0.6575177812663503
v -0.9447631238791884 6.00611775 -0.6405652921966953
v -0.9561739988611276 6.00611775 -0.6234039923764692
v -0.9672731813227085 6.00611775 -0.6060394760268073
v -0.9780570531649665 6.00611775 -0.5884774036131398
v -0.9885220990735362 6.00611775 -0.5707235000000002
v -0.9981254547761017 6.00611775 -0.5762680000000001
v -1.0083667993521326 6.00611775 -0.5581537684727533
v -1.0182794376576414 6.00611775 -0.5398575906103733
v -1.0278601383819879 6.00611775 -0.5213854305802575
v -1.037105778419169 6.00611775 -0.5027433099162731
v -1.0460133438858863 6.00611775 -0.4839373055558612
v -1.054579931104008 6.00611775 -0.4649735478590858
v -1.0628027475471071 6.00611775 -0.44585821861026614
v -1.0706791127507655 6.00611775 -0.4265975490028435
v -1.0782064591863483 6.00611775 -0.40719781760814616
v -1.0853823330979655 6.00611775 -0.3876653483287064
v -1.0922043953023424 6.00611775 -0.36800650833680176
v -1.098670421951346 6.00611775 -0.3482277059988928
v -1.1047783052569111 6.00611775 -0.32833538878663004
v -1.110526054178135 6.00611775 -0.3083360411751142
v -1.115911795070316 6.00611775 -0.2882361825290941
v -1.1209337722957193 6.00611775 -0.26804236497779355
v -1.1255903487958803 6.00611775 -0.2477611712790527
v -1.1298800066252508 6.00611775 -0.22739921267349103
v -1.1338013474460147 6.00611775 -0.20696312672937967
v -1.1373530929839204 6.00611775 -0.1864595751789374
v -1.140534085444968 6.00611775 -0.16589524174674355
v -1.1433432878928274 6.00611775 -0.14527682997098748
v -1.145779784586857 6.00611775 -0.12461106101825599
v -1.1478427812806158 6.00611775 -0.10390467149257515
v -1.1495316054807718 6.00611775 -0.08316441123941887
v -1.150845706666319 6.00611775 -0.062397041145402614
v -1.1517846564680367 6.00611775 -0.04160933093437817
v -1.1523481488081293 6.00611775 -0.02080805696064392
v -1.152536 6.00611775 -7.057247616510469e-17
v -1.144835 6.00611775 -7.010092591509301e-17
v -1.144648403989771 6.00611775 0.020669021957265218
v -1.1440886767854408 6.00611775 0.04133130625009429
v -1.1431560008462514 6.00611775 0.06198011741038643
v -1.141850680204852 6.00611775 0.08260872436199844
v -1.1401731403681916 6.00611775 0.10321040261493099
v -1.1381239281788114 6.00611775 0.12377843645737335
v -1.1357037116365867 6.00611775 0.1443061211448799
v -1.132913279680973 6.00611775 0.16478676508597823
v -1.129753541933828 6.00611775 0.18521369202348442
v -1.1262255284028944 6.00611775 0.20558024321082335
v -1.1223303891460388 6.00611775 0.22587977958263883
v -1.1180693938963573 6.00611775 0.2461056839189878
v -1.1134439316482694 6.00611775 0.2662513630024157
v -1.1084555102047358 6.00611775 0.28631024976720504
v -1.1031057556857446 6.00611775 0.3062758054401006
v -1.0973964119982333 6.00611775 0.3261415216718105
v -1.091329340267609 6.00611775 0.3459009226585919
v -1.0849065182310638 6.00611775 0.3655475672532244
v -1.0781300395928712 6.00611775 0.3850750510646908
v -1.0710021133418854 6.00611775 0.4044770085458692
v -1.0635250630314566 6.00611775 0.4237471150685707
v -1.0557013260220005 6.00611775 0.4428790889852326
v -1.047533452686473 6.00611775 0.46186669367660255
v -1.039024105579 6.00611775 0.4807037395847456
v -1.0301760585669422 6.00611775 0.49938408623070907
v -1.0209921959266721 6.00611775 0.5179016442161888
v -1.0114755114033627 6.00611775 0.5362503772085442
v -1.0016291072350874 6.00611775 0.5544243039085157
v -0.9914561931415581 6.00611775 0.5724174999999998
v -0.9921654679472575 6.00611775 0.5728269999999998
v -0.9816618513051034 6.00611775 0.5906463386902833
v -0.9708382336412343 6.00611775 0.6082731391540876
v -0.9596981432263136 6.00611775 0.6257016554269024
v -0.9482452114944344 6.00611775 0.6429262061806748
v -0.9364831718593487 6.00611775 0.6599411765758016
v -0.9244158584974542 6.00611775 0.6767410200914489
v -0.9120472050979337 6.00611775 0.6933202603335975
v -0.8993812435804537 6.00611775 0.7096734928202378
v -0.8864221027808473 6.00611775 0.7257953867431102
v -0.8731740071051973 6.00611775 0.74168068670544
v -0.859641275152771 6.00611775 0.7573242144350844
v -0.845828318308248 6.00611775 0.7727208704725407
v -0.8317396393037026 6.00611775 0.7878656358332595
v -0.8173798307508059 6.00611775 0.8027535736437329
v -0.802753573643733 6.00611775 0.8173798307508056
v -0.7878656358332599 6.00611775 0.8317396393037026
v -0.7727208704725405 6.00611775 0.8458283183082483
v -0.7573242144350846 6.00611775 0.8596412751527709
v -0.7416806867054396 6.00611775 0.8731740071051973
v -0.7257953867431103 6.00611775 0.886422102780847
v -0.7096734928202382 6.00611775 0.8993812435804537
v -0.6933202603335976 6.00611775 0.9120472050979336
v -0.6767410200914487 6.00611775 0.9244158584974543
v -0.6599411765758014 6.00611775 0.9364831718593488
v -0.642926206180675 6.00611775 0.9482452114944341
v -0.6257016554269019 6.00611775 0.9596981432263137
v -0.6082731391540874 6.00611775 0.9708382336412343
v -0.5906463386902839 6.00611775 0.981661851305103
v -0.572827 6.00611775 0.9921654679472574
v -0.5674095 6.00611775 0.982782082697253
v -0.549573723844185 6.00611775 0.9928659953996992
v -0.5315587982664952 6.00611775 1.0026262547661913
v -0.5133705957520267 6.00611775 1.012059679158403
v -0.49501504527049467 6.00611775 1.0211631934793037
v -0.47649813034351773 6.00611775 1.0299338301755758
v -0.4578258870941128 6.00611775 1.0383687302049733
v -0.4390044022790468 6.00611775 1.0464651439683104
v -0.4200398113046863 6.00611775 1.0542204322057716
v -0.4009382962269799 6.00611775 1.061632066857255
v -0.3817060837362428 6.00611775 1.068697631886466
v -0.3623494431273829 6.00611775 1.0754148240684966
v -0.34287468425624684 6.00611775 1.0817814537406247
v -0.3232881554827401 6.00611775 1.0877954455160987
v -0.3035962416013919 6.00611775 1.0934548389606722
v -0.2838053617600527 6.00611775 1.0987577892316605
v -0.26392196736738305 6.00611775 1.1037025676793228
v -0.2439525399898344 6.00611775 1.108287562410365
v -0.2239035892387906 6.00611775 1.1125112788133822
v -0.20378165064857665 6.00611775 1.1163723400460714
v -0.1835932835460124 6.00611775 1.1198694874840522
v -0.1633450689122054 6.00611775 1.1230015811311518
v -0.14304360723729767 6.00611775 1.1257675999910202
v -0.12269551636883884 6.00611775 1.128166642399953
v -0.1023074293545125 6.00611775 1.1301979263208153
v -0.08188599227989966 6.00611775 1.1318607895979682
v -0.061437862101994846 6.00611775 1.1331546901731187
v -0.04096970447918321 6.00611775 1.1340792062620177
v -0.02048819159837181 6.00611775 1.1346340364919556
v -1.3897524559616002e-16 6.00611775 1.134819
v -1.39472207267254e-16 6.00611775 1.138877
v 0.020561455336030814 6.00611775 1.1386913750808267
v 0.041116208072070004 6.00611775 1.1381345608331088
v 0.06165755779303419 6.00611775 1.1372067387665263
v 0.08217880845293829 6.00611775 1.135908211331468
v 0.1026732705576655 6.00611775 1.1342394018204411
v 0.12313426334560343 6.00611775 1.1322008542300854
v 0.1435551169654293 6.00611775 1.1297932330838423
v 0.1639291746503416 6.00611775 1.1270173232153344
v 0.1842497948880232 6.00611775 1.1238740295125258
v 0.2045103535856368 6.00611775 1.1203643766227476
v 0.22470424622913945 6.00611775 1.1164895086186857
v 0.2448248900362104 6.00611775 1.1122506886254364
v 0.2648657261021038 6.00611775 1.107649298408754
v 0.28482022153771064 6.00611775 1.1026868379246255
v 0.3046818715991436 6.00611775 1.0973649248303148
v 0.3244442018081441 6.00611775 1.0916852939570432
v 0.34410077006262785 6.00611775 1.0856497967444687
v 0.36364516873667446 6.00611775 1.0792604006371564
v 0.38307102676927396 6.00611775 1.0725191884432344
v 0.40237201174116255 6.00611775 1.0654283576554406
v 0.42154183193905537 6.00611775 1.057990219734788
v 0.4405742384066131 6.00611775 1.0502071993570758
v 0.45946302698146724 6.00611775 1.042081833622498
v 0.47820204031764935 6.00611775 1.0336167712286004
v 0.49678516989275423 6.00611775 1.0248147716068632
v 0.5152063579991879 6.00611775 1.0156787040231827
v 0.5334595997188551 6.00611775 1.006211546642553
v 0.5515389448806317 6.00611775 0.9964163855582462
v 0.5694385000000001 6.00611775 0.9862964137858099
v 0.5733570000000001 6.00611775 0.9930834548752686
v 0.5911928257788913 6.00611775 0.9825701199118408
v 0.6088359351880585 6.00611775 0.9717364878503236
v 0.6262805769466215 6.00611775 0.9605860902258615
v 0.6435210644699589 6.00611775 0.9491225618324808
v 0.6605517777234177 6.00611775 0.9373496395382209
v 0.677367165054323 6.00611775 0.9252711610669976
v 0.693961745001703 6.00611775 0.9128910637475819
v 0.7103301080831266 6.00611775 0.9002133832301171
v 0.7264669185580802 6.00611775 0.8872422521705826
v 0.7423669161673087 6.00611775 0.8739818988836326
v 0.7580249178475468 6.00611775 0.8604366459642568
v 0.7734358194210895 6.00611775 0.8466109088787056
v 0.7885945972596442 6.00611775 0.8325091945251413
v 0.8034963099219307 6.00611775 0.8181360997644835
v 0.8181360997644833 6.00611775 0.8034963099219308
v 0.8325091945251409 6.00611775 0.7885945972596443
v 0.8466109088787056 6.00611775 0.7734358194210894
v 0.8604366459642567 6.00611775 0.758024917847547
v 0.8739818988836326 6.00611775 0.7423669161673085
v 0.8872422521705823 6.00611775 0.7264669185580804
v 0.9002133832301171 6.00611775 0.7103301080831265
v 0.9128910637475813 6.00611775 0.6939617450017037
v 0.9252711610669975 6.00611775 0.6773671650543232
v 0.9373496395382213 6.00611775 0.6605517777234171
v 0.9491225618324804 6.00611775 0.6435210644699593
v 0.9605860902258615 6.00611775 0.6262805769466214
v 0.9717364878503237 6.00611775 0.6088359351880583
v 0.982570119911841 6.00611775 0.5911928257788913
v 0.9930834548752686 6.00611775 0.5733570000000006
v 0.9823135629538052 6.00611775 0.5671390000000005
v 0.9923926683726478 6.00611775 0.5493117266582023
v 1.0021482747501456 6.00611775 0.5313053893000771
v 1.0115772019647493 6.00611775 0.5131258576111409
v 1.0206763763854128 6.00611775 0.4947790577346046
v 1.029442831873534 6.00611775 0.4762709703395732
v 1.0378737107498526 6.00611775 0.4576076286714759
v 1.0459662647259933 6.00611775 0.4387951165853526
v 1.0537178558003504 6.00611775 0.41983956656264737
v 1.0611259571180187 6.00611775 0.4007471577121517
v 1.0681881537944966 6.00611775 0.3815241137557426
v 1.0749021437028867 6.00611775 0.3621767009995789
v 1.0812657382243407 6.00611775 0.3427112262914232
v 1.0872768629615026 6.00611775 0.32313403496473975
v 1.0929335584147188 6.00611775 0.30345150877024807
v 1.0982339806207941 6.00611775 0.283670063795609
v 1.103176401754083 6.00611775 0.26379614837391735
v 1.1077592106897258 6.00611775 0.24383624098167925
v 1.1119809135288408 6.00611775 0.22379684812696687
v 1.1158401340855042 6.00611775 0.20368450222843193
v 1.119335614335357 6.00611775 0.18350575948587686
v 1.122466214825695 6.00611775 0.16326719774307547
v 1.1252309150469055 6.00611775 0.14297541434352753
v 1.1276288137651327 6.00611775 0.12263702397987156
v 1.12965912931606 6.00611775 0.10225865653763044
v 1.131321199859717 6.00611775 0.08184695493401109
v 1.1326144835962249 6.00611775 0.061408572952450696
v 1.133538558942412 6.00611775 0.040950173073625876
v 1.13409312466924 6.00611775 0.02047842430362783
v 1.134278 6.00611775 2.0836348830648922e-16
v 1.138244 6.00611775 2.09092030687302e-16
v 1.1380584782531395 6.00611775 -0.02055002705955514
v 1.1375019734887275 6.00611775 -0.04109335524449639
v 1.1365746671155585 6.00611775 -0.06162328786390006
v 1.1352768614159172 6.00611775 -0.08213313259351593
v 1.1336089794470399 6.00611775 -0.10261620365732149
v 1.131571564903207 6.00611775 -0.1230658240069405
v 1.1291652819385107 6.00611775 -0.1434753274982268
v 1.1263909149503548 6.00611775 -0.16383806106427942
v 1.1232493683237568 6.00611775 -0.18414738688420576
v 1.1197416661365387 6.00611775 -0.20439668454690899
v 1.1158689518254978 6.00611775 -0.2245793532092052
v 1.111632487813672 6.00611775 -0.24468881374755677
v 1.1070336550988158 6.00611775 -0.26471851090272475
v 1.1020739528032242 6.00611775 -0.2846619154166516
v 1.0967549976850504 6.00611775 -0.3045125261608546
v 1.0910785236112774 6.00611775 -0.32426387225566033
v 1.0850463809925137 6.00611775 -0.34390951517957274
v 1.0786605361797976 6.00611775 -0.3634430508680988
v 1.0719230708236105 6.00611775 -0.3828581118013318
v 1.0648361811953 6.00611775 -0.40214836907963475
v 1.0574021774711442 6.00611775 -0.4213075344867252
v 1.0496234829792819 6.00611775 -0.44032936253949884
v 1.0415026334097592 6.00611775 -0.45920765252392803
v 1.033042275987949 6.00611775 -0.4779362505163618
v 1.024245168611608 6.00611775 -0.4965090513895781
v 1.0151141789518656 6.00611775 -0.5149200008029204
v 1.0056522835184194 6.00611775 -0.5331630971758913
v 0.9958625666892568 6.00611775 -0.5512323936445374
v 0.9857482197052146 6.00611775 -0.5691220000000001
v 0.9932038324063948 6.00611775 -0.5734265000000001
v 0.9826892230593278 6.00611775 -0.5912644877650393
v 0.9718542777890624 6.00611775 -0.6089097358000607
v 0.9607025285588208 6.00611775 -0.6263564921270379
v 0.9492376106032244 6.00611775 -0.643599069472044
v 0.9374632612432812 6.00611775 -0.6606318471191889
v 0.925383318668098 6.00611775 -0.6774492727428505
v 0.9130017206837145 6.00611775 -0.6940458642176152
v 0.9003225034294593 6.00611775 -0.7104162114053358
v 0.8873498000622553 6.00611775 -0.7265549779187225
v 0.8740878394092949 6.00611775 -0.7424569028608935
v 0.8605409445895367 6.00611775 -0.758116802540313
v 0.8467135316044548 6.00611775 -0.7735295721605682
v 0.8326101078985185 6.00611775 -0.7886901874844248
v 0.8182352708898615 6.00611775 -0.803593706471619
v 0.8035937064716187 6.00611775 -0.818235270889862
v 0.788690187484425 6.00611775 -0.8326101078985183
v 0.7735295721605685 6.00611775 -0.8467135316044544
v 0.7581168025403127 6.00611775 -0.8605409445895369
v 0.7424569028608938 6.00611775 -0.8740878394092946
v 0.7265549779187227 6.00611775 -0.8873498000622551
v 0.7104162114053355 6.00611775 -0.9003225034294596
v 0.6940458642176156 6.00611775 -0.9130017206837142
v 0.677449272742851 6.00611775 -0.9253833186680976
v 0.6606318471191893 6.00611775 -0.9374632612432809
v 0.6435990694720438 6.00611775 -0.9492376106032249
v 0.6263564921270383 6.00611775 -0.9607025285588205
v 0.6089097358000612 6.00611775 -0.9718542777890622
v 0.5912644877650388 6.00611775 -0.9826892230593283
v 0.5734265000000005 6.00611775 -0.9932038324063945
v 0.5723140000000005 6.00611775 -0.9912769258829742
v 0.5543240572957643 6.00611775 -1.0014480005907258
v 0.5361534166613191 6.00611775 -1.0112926244101623
v 0.5178080013415796 6.00611775 -1.020807588201929
v 0.49929379155431575 6.00611775 -1.0299897902888726
v 0.4806168225407229 6.00611775 -1.038836237467128
v 0.4617831825980705 6.00611775 -1.0473440459818335
v 0.4427990110950394 6.00611775 -1.0555104424671768
v 0.42367049647041566 6.00611775 -1.0633327648504542
v 0.40440387421579616 6.00611775 -1.070808463219849
v 0.38500542484294603 6.00611775 -1.0779351006556481
v 0.3654814718364873 6.00611775 -1.0847103540246286
v 0.34583837959256936 6.00611775 -1.0911320147373489
v 0.32608255134422093 6.00611775 -1.0971979894681012
v 0.30622042707402564 6.00611775 -1.102906300837293
v 0.2862584814148211 6.00611775 -1.108255088056031
v 0.2662032215391115 6.00611775 -1.1132426075326969
v 0.24606118503786342 6.00611775 -1.117867233441325
v 0.22583893778939018 6.00611775 -1.1221274582515837
v 0.20554307181901232 6.00611775 -1.1260218932202004
v 0.1851802031501981 6.00611775 -1.1295492688436621
v 0.1647569696478827 6.00611775 -1.1327084352720458
v 0.14428002885465765 6.00611775 -1.1354983626838477
v 0.12375605582055943 6.00611775 -1.1379181416216801
v 0.1031917409271404 6.00611775 -1.139966983288738
v 0.08259378770654754 6.00611775 -1.1416442198059278
v 0.06196891065630984 6.00611775 -1.142949304429584
v 0.041323833050555786 6.00611775 -1.143881811729695
v 0.020665284748371208 6.00611775 -1.144441437728584
v -0.0 6.00611775 -1.144628
v 0.0 5.005098125 0.0
v 0.0 6.00611775 0.0
v -0.0 6.0061177500000005 -0.773585
v -0.0139664190479948 6.0061177500000005 -0.7734589138176479
v -0.027928285338480366 6.0061177500000005 -0.7730806963720231
v -0.041881047598050225 6.0061177500000005 -0.7724504709540216
v -0.0558201575210196 6.0061177500000005 -0.7715684430038131
v -0.06974107125207697 6.0061177500000005 -0.7704349000438729
v -0.083639250867485 6.0061177500000005 -0.7690502115852551
v -0.09751016585434756 6.0061177500000005 -0.7674148290071396
v -0.11134929458746143 6.0061177500000005 -0.7655292854096927
v -0.12515212580327054 6.0061177500000005 -0.7633941954402865
v -0.1389141600704423 6.0061177500000005 -0.7610102550931382
v -0.15263091125658768 6.0061177500000005 -0.7583782414824305
v -0.1662979079906451 6.0061177500000005 -0.7554990125889874
v -0.17991069512045293 6.0061177500000005 -0.7523735069805922
v -0.19346483516503543 6.0061177500000005 -0.749002743506034
v -0.20695590976112732 6.0061177500000005 -0.7453878209629831
v -0.22037952110346687 6.0061177500000005 -0.741529917739808
v -0.23373129337838786 6.0061177500000005 -0.737430291431445
v -0.2470068741902421 6.0061177500000005 -0.7330902784294482
v -0.26020193598018826 6.0061177500000005 -0.7285112934863549
v -0.2733121774368851 6.0061177500000005 -0.723694829254506
v -0.2863333248986277 6.0061177500000005 -0.7186424557994726
v -0.299261133746471 6.0061177500000005 -0.7133558200882479
v -0.31209138978788603 6.0061177500000005 -0.7078366454523711
v -0.32481991063049725 6.0061177500000005 -0.7020867310261572
v -0.3374425470454547 6.0061177500000005 -0.6961079511602177
v -0.3499551843199941 6.0061177500000005 -0.6899022548104614
v -0.36235374359874717 6.0061177500000005 -0.6834716649027767
v -0.37463418321336156 6.0061177500000005 -0.6768182776735993
v -0.3867925 6.0061177500000005 -0.6699442619865849
v -0.384699 6.0061177500000005 -0.6663182136209396
v -0.3966661066042862 6.0061177500000005 -0.6592641976289909
v -0.4085039084390895 6.0061177500000005 -0.6519952754383945
v -0.4202085466311363 6.0061177500000005 -0.6445138165641976
v -0.4317762057156862 6.0061177500000005 -0.6368222598039153
v -0.4432031148802944 6.0061177500000005 -0.6289231124425343
v -0.45448554919401535 6.0061177500000005 -0.620818949435191
v -0.4656198308216524 6.0061177500000005 -0.6125124125677909
v -0.47660233022265475 6.0061177500000005 -0.6040062095958414
v -0.4874294673342698 6.0061177500000005 -0.5953031133617815
v -0.4980977127385686 6.0061177500000005 -0.5864059608910932
v -0.508603588812962 6.0061177500000005 -0.5773176524674918
v -0.5189436708638312 6.0061177500000005 -0.5680411506874935
v -0.5291145882429062 6.0061177500000005 -0.558579479494673
v -0.5391130254460257 6.0061177500000005 -0.548935723193921
v -0.548935723193921 6.0061177500000005 -0.5391130254460256
v -0.5585794794946729 6.0061177500000005 -0.5291145882429061
v -0.5680411506874936 6.0061177500000005 -0.5189436708638312
v -0.5773176524674917 6.0061177500000005 -0.508603588812962
v -0.5864059608910933 6.0061177500000005 -0.4980977127385687
v -0.5953031133617814 6.0061177500000005 -0.4874294673342698
v -0.6040062095958414 6.0061177500000005 -0.47660233022265486
v -0.6125124125677909 6.0061177500000005 -0.46561983082165254
v -0.6208189494351911 6.0061177500000005 -0.45448554919401535
v -0.6289231124425343 6.0061177500000005 -0.4432031148802944
v -0.6368222598039153 6.0061177500000005 -0.4317762057156863
v -0.6445138165641977 6.0061177500000005 -0.4202085466311362
v -0.6519952754383946 6.0061177500000005 -0.4085039084390895
v -0.6592641976289909 6.0061177500000005 -0.3966661066042861
v -0.6663182136209395 6.0061177500000005 -0.3846990000000001
v -0.6787344198349969 6.0061177500000005 -0.3918675000000001
v -0.6856986276265935 6.0061177500000005 -0.37954965722024586
v -0.6924393121539038 6.0061177500000005 -0.36710808927185
v -0.6989542760961976 6.0061177500000005 -0.3545468518430818
v -0.7052413957128866 6.0061177500000005 -0.34187003963193363
v -0.7112986215358176 6.0061177500000005 -0.329081785011334
v -0.7171239790373574 6.0061177500000005 -0.31618625668208244
v -0.7227155692740461 6.0061177500000005 -0.30318765831394157
v -0.728071569505613 6.0061177500000005 -0.29009022717532773
v -0.7331902337891507 6.0061177500000005 -0.2768982327520532
v -0.738069893548257 6.0061177500000005 -0.2636159753555626
v -0.7427089581169537 6.0061177500000005 -0.25024778472112225
v -0.7471059152582116 6.0061177500000005 -0.23679801859641889
v -0.7512593316569072 6.0061177500000005 -0.22327106132102553
v -0.7551678533870532 6.0061177500000005 -0.209671322397199
v -0.7588302063531499 6.0061177500000005 -0.19600323505247522
v -0.7622451967055133 6.0061177500000005 -0.18227125479453224
v -0.7654117112294446 6.0061177500000005 -0.16847985795878687
v -0.7683287177081157 6.0061177500000005 -0.15463354024920564
v -0.7709952652590482 6.0061177500000005 -0.14073681527279874
v -0.7734104846440829 6.0061177500000005 -0.12679421306828118
v -0.7755735885527323 6.0061177500000005 -0.11281027862937387
v -0.777483871858827 6.0061177500000005 -0.09878957042323351
v -0.7791407118503719 6.0061177500000005 -0.0847366589044879
v -0.7805435684325378 6.0061177500000005 -0.07065612502536439
v -0.7816919843037203 6.0061177500000005 -0.05655255874239585
v -0.7825855851046105 6.0061177500000005 -0.04243055752019209
v -0.7832240795402284 6.0061177500000005 -0.028294724832764337
v -0.7836072594748791 6.0061177500000005 -0.014149668662887983
v -0.783735 6.0061177500000005 -4.798992795648754e-17
v -0.789601 6.0061177500000005 -4.834911686267746e-17
v -0.7894723033788513 6.0061177500000005 0.014255574302391674
v -0.7890862554677843 6.0061177500000005 0.028506501588771046
v -0.7884429821102612 6.0061177500000005 0.04274813635795423
v -0.7875426929998046 6.0061177500000005 0.05697583613792234
v -0.7863856816116422 6.0061177500000005 0.07118496299916767
v -0.7849723251070395 6.0061177500000005 0.08537088506656282
v -0.7833030842103539 6.0061177500000005 0.09952897802925165
v -0.7813785030588478 6.0061177500000005 0.11365462664807897
v -0.7791992090253116 6.0061177500000005 0.1277432262600596
v -0.7767659125135533 6.0061177500000005 0.14179018427940213
v -0.774079406726822 6.0061177500000005 0.15579092169459458
v -0.7711405674092402 6.0061177500000005 0.16974087456106485
v -0.7679503525603297 6.0061177500000005 0.18363549548893107
v -0.7645098021227247 6.0061177500000005 0.19747025512535418
v -0.760820037643171 6.0061177500000005 0.21124064363101133
v -0.7568822619069272 6.0061177500000005 0.22494217215020787
v -0.7526977585456807 6.0061177500000005 0.2385703742741503
v -0.748267891619112 6.0061177500000005 0.25212080749689975
v -0.743594105170239 6.0061177500000005 0.26558905466353744
v -0.7386779227546905 6.0061177500000005 0.27897072541006074
v -0.7335209469440584 6.0061177500000005 0.29226145759455163
v -0.7281248588034936 6.0061177500000005 0.3054569187191417
v -0.7224914173437148 6.0061177500000005 0.3185528073423149
v -0.7166224589476072 6.0061177500000005 0.3315448544810865
v -0.7105198967716011 6.0061177500000005 0.3444288250026022
v -0.7041857201220231 6.0061177500000005 0.357200519004701
v -0.6976219938066242 6.0061177500000005 0.3698557731849949
v -0.6908308574614963 6.0061177500000005 0.3823904621980179
v -0.6838145248535967 6.0061177500000005 0.39480049999999983
v -0.6699537882660267 6.0061177500000005 0.3867979999999998
v -0.6628612840545425 6.0061177500000005 0.398830401696715
v -0.6555527010702396 6.0061177500000005 0.41073279310947775
v -0.6480304217567462 6.0061177500000005 0.42250129431017563
v -0.6402968982181779 6.0061177500000005 0.43413206901607754
v -0.6323546514198045 6.0061177500000005 0.4456213258403792
v -0.6242062703662681 6.0061177500000005 0.45696531952811625
v -0.6158544112576232 6.0061177500000005 0.4681603521770357
v -0.6073017966234698 6.0061177500000005 0.47920277444303844
v -0.5985512144354685 6.0061177500000005 0.4900889867297832
v -0.5896055171985191 6.0061177500000005 0.5008154403620827
v -0.5804676210209043 6.0061177500000005 0.511378638742695
v -0.5711405046637008 6.0061177500000005 0.5217751384921413
v -0.5616272085697663 6.0061177500000005 0.5320015505711727
v -0.5519308338726181 6.0061177500000005 0.5420545413855293
v -0.5420545413855293 6.0061177500000005 0.5519308338726179
v -0.5320015505711728 6.0061177500000005 0.5616272085697663
v -0.5217751384921411 6.0061177500000005 0.5711405046637009
v -0.5113786387426952 6.0061177500000005 0.5804676210209042
v -0.5008154403620825 6.0061177500000005 0.5896055171985191
v -0.49008898672978324 6.0061177500000005 0.5985512144354684
v -0.4792027744430386 6.0061177500000005 0.6073017966234698
v -0.46816035217703583 6.0061177500000005 0.6158544112576232
v -0.4569653195281161 6.0061177500000005 0.6242062703662682
v -0.44562132584037906 6.0061177500000005 0.6323546514198046
v -0.43413206901607765 6.0061177500000005 0.6402968982181778
v -0.42250129431017536 6.0061177500000005 0.6480304217567463
v -0.4107327931094776 6.0061177500000005 0.6555527010702396
v -0.39883040169671546 6.0061177500000005 0.6628612840545421
v -0.386798 6.0061177500000005 0.6699537882660266
v -0.386067 6.0061177500000005 0.6686876591256938
v -0.3739314883577962 6.0061177500000005 0.6755487813404175
v -0.3616740829512918 6.0061177500000005 0.6821896889262854
v -0.3492987794356592 6.0061177500000005 0.6886082170877419
v -0.3368096118983627 6.0061177500000005 0.6948022735202255
v -0.3242106515441332 6.0061177500000005 0.7007698390922148
v -0.311506005367839 6.0061177500000005 0.7065089685034237
v -0.29869981481569263 6.0061177500000005 0.7120177909189284
v -0.28579625443522944 6.0061177500000005 0.7172945105790184
v -0.27279953051448985 6.0061177500000005 0.7223374073845782
v -0.25971387971086146 6.0061177500000005 0.7271448374578012
v -0.2465435676700149 6.0061177500000005 0.7317152336780619
v -0.23329288763539638 6.0061177500000005 0.7360471061927616
v -0.21996615904872058 6.0061177500000005 0.7401390429029893
v -0.20656772614192143 6.0061177500000005 0.7439897099238377
v -0.19310195652102807 6.0061177500000005 0.7475978520192197
v -0.17957323974241438 6.0061177500000005 0.7509622930110496
v -0.16598598588189906 6.0061177500000005 0.7540819361626522
v -0.1523446240971506 6.0061177500000005 0.7569557645362759
v -0.13865360118387873 6.0061177500000005 0.759582841324593
v -0.12491738012627276 6.0061177500000005 0.7619623101560788
v -0.11114043864215951 6.0061177500000005 0.7640933953741704
v -0.09732726772336699 6.0061177500000005 0.7659754022901153
v -0.08348237017175163 6.0061177500000005 0.7676077174094242
v -0.0696102591313832 6.0061177500000005 0.768989808631858
v -0.05571545661735312 6.0061177500000005 0.7701212254248806
v -0.041802492041692715 6.0061177500000005 0.7710015989705237
v -0.02787590073688372 6.0061177500000005 0.7716306422856127
v -0.013940222477432276 6.0061177500000005 0.7720081503153186
v -9.455914316128425e-17 6.0061177500000005 0.772134
v -9.460825149793005e-17 6.0061177500000005 0.772535
v 0.013947462191281906 6.0061177500000005 0.772409084956555
v 0.02789037780458873 6.0061177500000005 0.772031380871864
v 0.04182420174403528 6.0061177500000005 0.771402010869478
v 0.05574439187742898 6.0061177500000005 0.7705211801107194
v 0.0696464105169093 6.0061177500000005 0.7693891757278042
v 0.08352572589813978 6.0061177500000005 0.768006366730243
v 0.09737781365756612 6.0061177500000005 0.7663732038845513
v 0.11119815830726378 6.0061177500000005 0.7644902195673092
v 0.12498225470689023 6.0061177500000005 0.762358027591618
v 0.13872560953226726 6.0061177500000005 0.7599773230070098
v 0.15242374274011 6.0061177500000005 0.7573488818728769
v 0.16607218902842347 6.0061177500000005 0.7544735610054919
v 0.1796664992920998 6.0061177500000005 0.7513522976987038
v 0.1932022420732312 6.0061177500000005 0.7479861094184013
v 0.20667500500567176 6.0061177500000005 0.7443760934708378
v 0.22008039625337467 6.0061177500000005 0.7405234266449358
v 0.2334140459420396 6.0061177500000005 0.7364293648286762
v 0.2466716075835993 6.0061177500000005 0.7320952425997063
v 0.2598487594930805 6.0061177500000005 0.7275224727902961
v 0.2729412061973848 6.0061177500000005 0.7227125460267841
v 0.2859446798355205 6.0061177500000005 0.717667030243665
v 0.2988549415498362 6.0061177500000005 0.7123875701724757
v 0.3116677828677968 6.0061177500000005 0.7068758868056484
v 0.32437902707385896 6.0061177500000005 0.7011337768355027
v 0.3369845305709913 6.0061177500000005 0.6951631120685624
v 0.3494801842313987 6.0061177500000005 0.6889658388153853
v 0.3618619147360126 6.0061177500000005 0.6825439772561083
v 0.3741256859023045 6.0061177500000005 0.6758996207819103
v 0.3862675000000001 6.0061177500000005 0.6690349353126112
v 0.3886890000000001 6.0061177500000005 0.6732290963431392
v 0.4007802263845588 6.0061177500000005 0.6661019178948081
v 0.41274080688351455 6.0061177500000005 0.658757604295499
v 0.42456684260034394 6.0061177500000005 0.6511985496362649
v 0.4362544784972781 6.0061177500000005 0.6434272180092073
v 0.44779990465196634 6.0061177500000005 0.6354461427042342
v 0.45919935749942836 6.0061177500000005 0.6272579253832608
v 0.4704491210588987 6.0061177500000005 0.6188652352321221
v 0.48154552814515633 6.0061177500000005 0.610270808090476
v 0.49248496156394994 6.0061177500000005 0.6014774455599767
v 0.5032638552911276 6.0061177500000005 0.5924880140910119
v 0.5138786956350845 6.0061177500000005 0.5833054440482999
v 0.5243260223821526 6.0061177500000005 0.5739327287556535
v 0.5346024299245563 6.0061177500000005 0.5643729235202198
v 0.5447045683705707 6.0061177500000005 0.5546291446365132
v 0.5546291446365131 6.0061177500000005 0.5447045683705708
v 0.5643729235202195 6.0061177500000005 0.5346024299245564
v 0.5739327287556535 6.0061177500000005 0.5243260223821525
v 0.5833054440482998 6.0061177500000005 0.5138786956350846
v 0.5924880140910119 6.0061177500000005 0.5032638552911275
v 0.6014774455599765 6.0061177500000005 0.4924849615639501
v 0.610270808090476 6.0061177500000005 0.4815455281451562
v 0.6188652352321218 6.0061177500000005 0.4704491210588991
v 0.6272579253832606 6.0061177500000005 0.4591993574994285
v 0.6354461427042344 6.0061177500000005 0.447799904651966
v 0.6434272180092072 6.0061177500000005 0.4362544784972783
v 0.6511985496362649 6.0061177500000005 0.42456684260034383
v 0.6587576042954991 6.0061177500000005 0.4127408068835145
v 0.6661019178948082 6.0061177500000005 0.4007802263845588
v 0.6732290963431392 6.0061177500000005 0.38868900000000034
v 0.6713299026326399 6.0061177500000005 0.38759250000000034
v 0.6782181357942684 6.0061177500000005 0.37540903625878186
v 0.68488528417389 6.0061177500000005 0.36310319710386724
v 0.6913291744220061 6.0061177500000005 0.35067899397880614
v 0.6975477059665499 6.0061177500000005 0.3381404769113035
v 0.703538851697631 6.0061177500000005 0.32549173319299335
v 0.7093006586283297 6.0061177500000005 0.3127368860470697
v 0.7148312485313293 6.0061177500000005 0.2998800932842007
v 0.7201288185511794 6.0061177500000005 0.28692554594717157
v 0.725191641791987 6.0061177500000005 0.2738774669446946
v 0.7300180678803493 6.0061177500000005 0.2607401096748287
v 0.7346065235033408 6.0061177500000005 0.24751775663845954
v 0.7389555129213788 6.0061177500000005 0.23421471804329885
v 0.743063618455804 6.0061177500000005 0.22083533039884562
v 0.7469295009510137 6.0061177500000005 0.20738395510277444
v 0.750551900210998 6.0061177500000005 0.19386497701921326
v 0.7539296354101366 6.0061177500000005 0.18028280304937164
v 0.7570616054781237 6.0061177500000005 0.1666418606949822
v 0.7599467894588933 6.0061177500000005 0.15294659661502985
v 0.7625842468434296 6.0061177500000005 0.13920147517623283
v 0.7649731178763529 6.0061177500000005 0.12541097699775494
v 0.7671126238361816 6.0061177500000005 0.11157959749062044
v 0.7690020672891792 6.0061177500000005 0.09771184539230013
v 0.7706408323167022 6.0061177500000005 0.08381224129696313
v 0.772028384715978 6.0061177500000005 0.06988531618185582
v 0.7731642721742419 6.0061177500000005 0.0559356099303005
v 0.7740481244161834 6.0061177500000005 0.041967669851787216
v 0.7746796533246468 6.0061177500000005 0.027986049199648304
v 0.7750586530345515 6.0061177500000005 0.01399530568679613
v 0.775185 6.0061177500000005 1.4239917434955616e-16
v 0.769441 6.0061177500000005 1.413440186674108e-16
v 0.7693155892458682 6.0061177500000005 -0.013891602653500628
v 0.7689393978647284 6.0061177500000005 -0.027778676938055948
v 0.7683125484870226 6.0061177500000005 -0.0416566959608723
v 0.7674352454524028 6.0061177500000005 -0.05552113578098149
v 0.7663077747431217 6.0061177500000005 -0.06936747688394854
v 0.7649305038908076 6.0061177500000005 -0.08319120565513573
v 0.7633038818566579 6.0061177500000005 -0.09698781585105051
v 0.7614284388850862 6.0061177500000005 -0.11075281006828082
v 0.7593047863308744 6.0061177500000005 -0.12448170120955626
v 0.7569336164598842 6.0061177500000005 -0.13817001394644574
v 0.7543157022233923 6.0061177500000005 -0.15181328617822193
v 0.7514518970061249 6.0061177500000005 -0.16540707048641048
v 0.748343134348073 6.0061177500000005 -0.17894693558455255
v 0.7449904276401771 6.0061177500000005 -0.19242846776271502
v 0.7413948697939834 6.0061177500000005 -0.20584727232626232
v 0.7375576328853786 6.0061177500000005 -0.2191989750284364
v 0.7334799677725169 6.0061177500000005 -0.23247922349626762
v 0.7291632036880666 6.0061177500000005 -0.24568368864935886
v 0.7246087478059094 6.0061177500000005 -0.2588080661110698
v 0.7198180847824305 6.0061177500000005 -0.2718480776116573
v 0.7147927762725519 6.0061177500000005 -0.2847994723828989
v 0.7095344604206669 6.0061177500000005 -0.29765802854375206
v 0.7040448513266387 6.0061177500000005 -0.3104195544766006
v 0.6983257384870409 6.0061177500000005 -0.32307989019363154
v 0.6923789862118178 6.0061177500000005 -0.33563490869290624
v 0.6862065330165611 6.0061177500000005 -0.34808051730367123
v 0.6798103909905926 6.0061177500000005 -0.3604126590204868
v 0.6731926451410668 6.0061177500000005 -0.37262731382572317
v 0.6663554527133023 6.0061177500000005 -0.38472050000000013
v 0.6678337580775623 6.0061177500000005 -0.3855740000000001
v 0.6607636976872838 6.0061177500000005 -0.3975683258543462
v 0.6534782422930226 6.0061177500000005 -0.4094330528347968
v 0.6459797667992999 6.0061177500000005 -0.4211643132910504
v 0.6382707155506899 6.0061177500000005 -0.43275828308007025
v 0.6303536015350126 6.0061177500000005 -0.4442111828126781
v 0.6222310055641538 6.0061177500000005 -0.455519279085553
v 0.6139055754327757 6.0061177500000005 -0.4666788856982416
v 0.6053800250551907 6.0061177500000005 -0.4776863648547826
v 0.5966571335806838 6.0061177500000005 -0.48853812834955046
v 0.5877397444875664 6.0061177500000005 -0.4992306387369369
v 0.5786307646562655 6.0061177500000005 -0.50976041048448
v 0.5693331634217395 6.0061177500000005 -0.5201240111090766
v 0.5598499716055386 6.0061177500000005 -0.5303180622958995
v 0.5501842805278225 6.0061177500000005 -0.5403392409996538
v 0.5403392409996537 6.0061177500000005 -0.550184280527823
v 0.5303180622958996 6.0061177500000005 -0.5598499716055385
v 0.5201240111090768 6.0061177500000005 -0.5693331634217391
v 0.5097604104844797 6.0061177500000005 -0.5786307646562656
v 0.4992306387369372 6.0061177500000005 -0.5877397444875662
v 0.4885381283495506 6.0061177500000005 -0.5966571335806837
v 0.47768636485478233 6.0061177500000005 -0.6053800250551911
v 0.4666788856982419 6.0061177500000005 -0.6139055754327755
v 0.45551927908555334 6.0061177500000005 -0.6222310055641536
v 0.44421118281267835 6.0061177500000005 -0.6303536015350124
v 0.4327582830800701 6.0061177500000005 -0.6382707155506901
v 0.42116431329105064 6.0061177500000005 -0.6459797667992998
v 0.40943305283479714 6.0061177500000005 -0.6534782422930225
v 0.3975683258543459 6.0061177500000005 -0.6607636976872842
v 0.3855740000000003 6.0061177500000005 -0.6678337580775621
v 0.38682650000000035 6.0061177500000005 -0.6700031517140422
v 0.37466711446779216 6.0061177500000005 -0.6768777716437278
v 0.3623855953727146 6.0061177500000005 -0.683531743721799
v 0.3499859462304933 6.0061177500000005 -0.6899628988939525
v 0.33747220906475384 6.0061177500000005 -0.6961691407394867
v 0.3248484630894037 6.0061177500000005 -0.7021484461546948
v 0.31211882337890134 6.0061177500000005 -0.7078988660123494
v 0.2992874395268249 6.0061177500000005 -0.7134185257970789
v 0.2863584942931909 6.0061177500000005 -0.7187056262164202
v 0.27333620224096683 6.0061177500000005 -0.7237584437873491
v 0.26022480836221 6.0061177500000005 -0.7285753313980998
v 0.2470285866942919 6.0061177500000005 -0.7331547188450886
v 0.233751838926647 6.0061177500000005 -0.7374951133447673
v 0.22039889299852053 6.0061177500000005 -0.7415951000202379
v 0.20697410168814775 6.0061177500000005 -0.7454533423624743
v 0.19348184119383816 6.0061177500000005 -0.7490685826659951
v 0.17992650970743182 6.0061177500000005 -0.752439642438848
v 0.166312525980579 6.0061177500000005 -0.7555654227867757
v 0.15264432788432145 6.0061177500000005 -0.7584449047714302
v 0.13892637096243876 6.0061177500000005 -0.7610771497425257
v 0.12516312697903617 6.0061177500000005 -0.7634612996438195
v 0.11135908246084614 6.0061177500000005 -0.7655965772928184
v 0.09751873723471072 6.0061177500000005 -0.7674822866341264
v 0.0836466029607377 6.0061177500000005 -0.7691178129663417
v 0.06974720166159219 6.0061177500000005 -0.7705026231424377
v 0.05582506424841401 6.0061177500000005 -0.7716362657435565
v 0.0418847290438344 6.0061177500000005 -0.7725183712261634
v 0.027930740302580085 6.0061177500000005 -0.7731486520425097
v 0.013967646730144318 6.0061177500000005 -0.7735269027343663
v -0.0 6.0061177500000005 -0.773653
v -0.0 7.007137375000001 -0.773585
v -0.0139664190479948 7.007137375000001 -0.7734589138176479
v -0.027928285338480366 7.007137375000001 -0.7730806963720231
v -0.041881047598050225 7.007137375000001 -0.7724504709540216
v -0.0558201575210196 7.007137375000001 -0.7715684430038131
v -0.06974107125207697 7.007137375000001 -0.7704349000438729
v -0.083639250867485 7.007137375000001 -0.7690502115852551
v -0.09751016585434756 7.007137375000001 -0.7674148290071396
v -0.11134929458746143 7.007137375000001 -0.7655292854096927
v -0.12515212580327054 7.007137375000001 -0.7633941954402865
v -0.1389141600704423 7.007137375000001 -0.7610102550931382
v -0.15263091125658768 7.007137375000001 -0.7583782414824305
v -0.1662979079906451 7.007137375000001 -0.7554990125889874
v -0.17991069512045293 7.007137375000001 -0.7523735069805922
v -0.19346483516503543 7.007137375000001 -0.749002743506034
v -0.20695590976112732 7.007137375000001 -0.7453878209629831
v -0.22037952110346687 7.007137375000001 -0.741529917739808
v -0.23373129337838786 7.007137375000001 -0.737430291431445
v -0.2470068741902421 7.007137375000001 -0.7330902784294482
v -0.26020193598018826 7.007137375000001 -0.7285112934863549
v -0.2733121774368851 7.007137375000001 -0.723694829254506
v -0.2863333248986277 7.007137375000001 -0.7186424557994726
v -0.299261133746471 7.007137375000001 -0.7133558200882479
v -0.31209138978788603 7.007137375000001 -0.7078366454523711
v -0.32481991063049725 7.007137375000001 -0.7020867310261572
v -0.3374425470454547 7.007137375000001 -0.6961079511602177
v -0.3499551843199941 7.007137375000001 -0.6899022548104614
v -0.36235374359874717 7.007137375000001 -0.6834716649027767
v -0.37463418321336156 7.007137375000001 -0.6768182776735993
v -0.3867925 7.007137375000001 -0.6699442619865849
v -0.384699 7.007137375000001 -0.6663182136209396
v -0.3966661066042862 7.007137375000001 -0.6592641976289909
v -0.4085039084390895 7.007137375000001 -0.6519952754383945
v -0.4202085466311363 7.007137375000001 -0.6445138165641976
v -0.4317762057156862 7.007137375000001 -0.6368222598039153
v -0.4432031148802944 7.007137375000001 -0.6289231124425343
v -0.45448554919401535 7.007137375000001 -0.620818949435191
v -0.4656198308216524 7.007137375000001 -0.6125124125677909
v -0.47660233022265475 7.007137375000001 -0.6040062095958414
v -0.4874294673342698 7.007137375000001 -0.5953031133617815
v -0.4980977127385686 7.007137375000001 -0.5864059608910932
v -0.508603588812962 7.007137375000001 -0.5773176524674918
v -0.5189436708638312 7.007137375000001 -0.5680411506874935
v -0.5291145882429062 7.007137375000001 -0.558579479494673
v -0.5391130254460257 7.007137375000001 -0.548935723193921
v -0.548935723193921 7.007137375000001 -0.5391130254460256
v -0.5585794794946729 7.007137375000001 -0.5291145882429061
v -0.5680411506874936 7.007137375000001 -0.5189436708638312
v -0.5773176524674917 7.007137375000001 -0.508603588812962
v -0.5864059608910933 7.007137375000001 -0.4980977127385687
v -0.5953031133617814 7.007137375000001 -0.4874294673342698
v -0.6040062095958414 7.007137375000001 -0.47660233022265486
v -0.6125124125677909 7.007137375000001 -0.46561983082165254
v -0.6208189494351911 7.007137375000001 -0.45448554919401535
v -0.6289231124425343 7.007137375000001 -0.4432031148802944
v -0.6368222598039153 7.007137375000001 -0.4317762057156863
v -0.6445138165641977 7.007137375000001 -0.4202085466311362
v -0.6519952754383946 7.007137375000001 -0.4085039084390895
v -0.6592641976289909 7.007137375000001 -0.3966661066042861
v -0.6663182136209395 7.007137375000001 -0.3846990000000001
v -0.6787344198349969 7.007137375000001 -0.3918675000000001
v -0.6856986276265935 7.007137375000001 -0.37954965722024586
v -0.6924393121539038 7.007137375000001 -0.36710808927185
v -0.6989542760961976 7.007137375000001 -0.3545468518430818
v -0.7052413957128866 7.007137375000001 -0.34187003963193363
v -0.7112986215358176 7.007137375000001 -0.329081785011334
v -0.7171239790373574 7.007137375000001 -0.31618625668208244
v -0.7227155692740461 7.007137375000001 -0.30318765831394157
v -0.728071569505613 7.007137375000001 -0.29009022717532773
v -0.7331902337891507 7.007137375000001 -0.2768982327520532
v -0.738069893548257 7.007137375000001 -0.2636159753555626
v -0.7427089581169537 7.007137375000001 -0.25024778472112225
v -0.7471059152582116 7.007137375000001 -0.23679801859641889
v -0.7512593316569072 7.007137375000001 -0.22327106132102553
v -0.7551678533870532 7.007137375000001 -0.209671322397199
v -0.7588302063531499 7.007137375000001 -0.19600323505247522
v -0.7622451967055133 7.007137375000001 -0.18227125479453224
v -0.7654117112294446 7.007137375000001 -0.16847985795878687
v -0.7683287177081157 7.007137375000001 -0.15463354024920564
v -0.7709952652590482 7.007137375000001 -0.14073681527279874
v -0.7734104846440829 7.007137375000001 -0.12679421306828118
v -0.7755735885527323 7.007137375000001 -0.11281027862937387
v -0.777483871858827 7.007137375000001 -0.09878957042323351
v -0.7791407118503719 7.007137375000001 -0.0847366589044879
v -0.7805435684325378 7.007137375000001 -0.07065612502536439
v -0.7816919843037203 7.007137375000001 -0.05655255874239585
v -0.7825855851046105 7.007137375000001 -0.04243055752019209
v -0.7832240795402284 7.007137375000001 -0.028294724832764337
v -0.7836072594748791 7.007137375000001 -0.014149668662887983
v -0.783735 7.007137375000001 -4.798992795648754e-17
v -0.789601 7.007137375000001 -4.834911686267746e-17
v -0.7894723033788513 7.007137375000001 0.014255574302391674
v -0.7890862554677843 7.007137375000001 0.028506501588771046
v -0.7884429821102612 7.007137375000001 0.04274813635795423
v -0.7875426929998046 7.007137375000001 0.05697583613792234
v -0.7863856816116422 7.007137375000001 0.07118496299916767
v -0.7849723251070395 7.007137375000001 0.08537088506656282
v -0.7833030842103539 7.007137375000001 0.09952897802925165
v -0.7813785030588478 7.007137375000001 0.11365462664807897
v -0.7791992090253116 7.007137375000001 0.1277432262600596
v -0.7767659125135533 7.007137375000001 0.14179018427940213
v -0.774079406726822 7.007137375000001 0.15579092169459458
v -0.7711405674092402 7.007137375000001 0.16974087456106485
v -0.7679503525603297 7.007137375000001 0.18363549548893107
v -0.7645098021227247 7.007137375000001 0.19747025512535418
v -0.760820037643171 7.007137375000001 0.21124064363101133
v -0.7568822619069272 7.007137375000001 0.22494217215020787
v -0.7526977585456807 7.007137375000001 0.2385703742741503
v -0.748267891619112 7.007137375000001 0.25212080749689975
v -0.743594105170239 7.007137375000001 0.26558905466353744
v -0.7386779227546905 7.007137375000001 0.27897072541006074
v -0.7335209469440584 7.007137375000001 0.29226145759455163
v -0.7281248588034936 7.007137375000001 0.3054569187191417
v -0.7224914173437148 7.007137375000001 0.3185528073423149
v -0.7166224589476072 7.007137375000001 0.3315448544810865
v -0.7105198967716011 7.007137375000001 0.3444288250026022
v -0.7041857201220231 7.007137375000001 0.357200519004701
v -0.6976219938066242 7.007137375000001 0.3698557731849949
v -0.6908308574614963 7.007137375000001 0.3823904621980179
v -0.6838145248535967 7.007137375000001 0.39480049999999983
v -0.6699537882660267 7.007137375000001 0.3867979999999998
v -0.6628612840545425 7.007137375000001 0.398830401696715
v -0.6555527010702396 7.007137375000001 0.41073279310947775
v -0.6480304217567462 7.007137375000001 0.42250129431017563
v -0.6402968982181779 7.007137375000001 0.43413206901607754
v -0.6323546514198045 7.007137375000001 0.4456213258403792
v -0.6242062703662681 7.007137375000001 0.45696531952811625
v -0.6158544112576232 7.007137375000001 0.4681603521770357
v -0.6073017966234698 7.007137375000001 0.47920277444303844
v -0.5985512144354685 7.007137375000001 0.4900889867297832
v -0.5896055171985191 7.007137375000001 0.5008154403620827
v -0.5804676210209043 7.007137375000001 0.511378638742695
v -0.5711405046637008 7.007137375000001 0.5217751384921413
v -0.5616272085697663 7.007137375000001 0.5320015505711727
v -0.5519308338726181 7.007137375000001 0.5420545413855293
v -0.5420545413855293 7.007137375000001 0.5519308338726179
v -0.5320015505711728 7.007137375000001 0.5616272085697663
v -0.5217751384921411 7.007137375000001 0.5711405046637009
v -0.5113786387426952 7.007137375000001 0.5804676210209042
v -0.5008154403620825 7.007137375000001 0.5896055171985191
v -0.49008898672978324 7.007137375000001 0.5985512144354684
v -0.4792027744430386 7.007137375000001 0.6073017966234698
v -0.46816035217703583 7.007137375000001 0.6158544112576232
v -0.4569653195281161 7.007137375000001 0.6242062703662682
v -0.44562132584037906 7.007137375000001 0.6323546514198046
v -0.43413206901607765 7.007137375000001 0.6402968982181778
v -0.42250129431017536 7.007137375000001 0.6480304217567463
v -0.4107327931094776 7.007137375000001 0.6555527010702396
v -0.39883040169671546 7.007137375000001 0.6628612840545421
v -0.386798 7.007137375000001 0.6699537882660266
v -0.386067 7.007137375000001 0.6686876591256938
v -0.3739314883577962 7.007137375000001 0.6755487813404175
v -0.3616740829512918 7.007137375000001 0.6821896889262854
v -0.3492987794356592 7.007137375000001 0.6886082170877419
v -0.3368096118983627 7.007137375000001 0.6948022735202255
v -0.3242106515441332 7.007137375000001 0.7007698390922148
v -0.311506005367839 7.007137375000001 0.7065089685034237
v -0.29869981481569263 7.007137375000001 0.7120177909189284
v -0.28579625443522944 7.007137375000001 0.7172945105790184
v -0.27279953051448985 7.007137375000001 0.7223374073845782
v -0.25971387971086146 7.007137375000001 0.7271448374578012
v -0.2465435676700149 7.007137375000001 0.7317152336780619
v -0.23329288763539638 7.007137375000001 0.7360471061927616
v -0.21996615904872058 7.007137375000001 0.7401390429029893
v -0.20656772614192143 7.007137375000001 0.7439897099238377
v -0.19310195652102807 7.007137375000001 0.7475978520192197
v -0.17957323974241438 7.007137375000001 0.7509622930110496
v -0.16598598588189906 7.007137375000001 0.7540819361626522
v -0.1523446240971506 7.007137375000001 0.7569557645362759
v -0.13865360118387873 7.007137375000001 0.759582841324593
v -0.12491738012627276 7.007137375000001 0.7619623101560788
v -0.11114043864215951 7.007137375000001 0.7640933953741704
v -0.09732726772336699 7.007137375000001 0.7659754022901153
v -0.08348237017175163 7.007137375000001 0.7676077174094242
v -0.0696102591313832 7.007137375000001 0.768989808631858
v -0.05571545661735312 7.007137375000001 0.7701212254248806
v -0.041802492041692715 7.007137375000001 0.7710015989705237
v -0.02787590073688372 7.007137375000001 0.7716306422856127
v -0.013940222477432276 7.007137375000001 0.7720081503153186
v -9.455914316128425e-17 7.007137375000001 0.772134
v -9.460825149793005e-17 7.007137375000001 0.772535
v 0.013947462191281906 7.007137375000001 0.772409084956555
v 0.02789037780458873 7.007137375000001 0.772031380871864
v 0.04182420174403528 7.007137375000001 0.771402010869478
v 0.05574439187742898 7.007137375000001 0.7705211801107194
v 0.0696464105169093 7.007137375000001 0.7693891757278042
v 0.08352572589813978 7.007137375000001 0.768006366730243
v 0.09737781365756612 7.007137375000001 0.7663732038845513
v 0.11119815830726378 7.007137375000001 0.7644902195673092
v 0.12498225470689023 7.007137375000001 0.762358027591618
v 0.13872560953226726 7.007137375000001 0.7599773230070098
v 0.15242374274011 7.007137375000001 0.7573488818728769
v 0.16607218902842347 7.007137375000001 0.7544735610054919
v 0.1796664992920998 7.007137375000001 0.7513522976987038
v 0.1932022420732312 7.007137375000001 0.7479861094184013
v 0.20667500500567176 7.007137375000001 0.7443760934708378
v 0.22008039625337467 7.007137375000001 0.7405234266449358
v 0.2334140459420396 7.007137375000001 0.7364293648286762
v 0.2466716075835993 7.007137375000001 0.7320952425997063
v 0.2598487594930805 7.007137375000001 0.7275224727902961
v 0.2729412061973848 7.007137375000001 0.7227125460267841
v 0.2859446798355205 7.007137375000001 0.717667030243665
v 0.2988549415498362 7.007137375000001 0.7123875701724757
v 0.3116677828677968 7.007137375000001 0.7068758868056484
v 0.32437902707385896 7.007137375000001 0.7011337768355027
v 0.3369845305709913 7.007137375000001 0.6951631120685624
v 0.3494801842313987 7.007137375000001 0.6889658388153853
v 0.3618619147360126 7.007137375000001 0.6825439772561083
v 0.3741256859023045 7.007137375000001 0.6758996207819103
v 0.3862675000000001 7.007137375000001 0.6690349353126112
v 0.3886890000000001 7.007137375000001 0.6732290963431392
v 0.4007802263845588 7.007137375000001 0.6661019178948081
v 0.41274080688351455 7.007137375000001 0.658757604295499
v 0.42456684260034394 7.007137375000001 0.6511985496362649
v 0.4362544784972781 7.007137375000001 0.6434272180092073
v 0.44779990465196634 7.007137375000001 0.6354461427042342
v 0.45919935749942836 7.007137375000001 0.6272579253832608
v 0.4704491210588987 7.007137375000001 0.6188652352321221
v 0.48154552814515633 7.007137375000001 0.610270808090476
v 0.49248496156394994 7.007137375000001 0.6014774455599767
v 0.5032638552911276 7.007137375000001 0.5924880140910119
v 0.5138786956350845 7.007137375000001 0.5833054440482999
v 0.5243260223821526 7.007137375000001 0.5739327287556535
v 0.5346024299245563 7.007137375000001 0.5643729235202198
v 0.5447045683705707 7.007137375000001 0.5546291446365132
v 0.5546291446365131 7.007137375000001 0.5447045683705708
v 0.5643729235202195 7.007137375000001 0.5346024299245564
v 0.5739327287556535 7.007137375000001 0.5243260223821525
v 0.5833054440482998 7.007137375000001 0.5138786956350846
v 0.5924880140910119 7.007137375000001 0.5032638552911275
v 0.6014774455599765 7.007137375000001 0.4924849615639501
v 0.610270808090476 7.007137375000001 0.4815455281451562
v 0.6188652352321218 7.007137375000001 0.4704491210588991
v 0.6272579253832606 7.007137375000001 0.4591993574994285
v 0.6354461427042344 7.007137375000001 0.447799904651966
v 0.6434272180092072 7.007137375000001 0.4362544784972783
v 0.6511985496362649 7.007137375000001 0.42456684260034383
v 0.6587576042954991 7.007137375000001 0.4127408068835145
v 0.6661019178948082 7.007137375000001 0.4007802263845588
v 0.6732290963431392 7.007137375000001 0.38868900000000034
v 0.6713299026326399 7.007137375000001 0.38759250000000034
v 0.6782181357942684 7.007137375000001 0.37540903625878186
v 0.68488528417389 7.007137375000001 0.36310319710386724
v 0.6913291744220061 7.007137375000001 0.35067899397880614
v 0.6975477059665499 7.007137375000001 0.3381404769113035
v 0.703538851697631 7.007137375000001 0.32549173319299335
v 0.7093006586283297 7.007137375000001 0.3127368860470697
v 0.7148312485313293 7.007137375000001 0.2998800932842007
v 0.7201288185511794 7.007137375000001 0.28692554594717157
v 0.725191641791987 7.007137375000001 0.2738774669446946
v 0.7300180678803493 7.007137375000001 0.2607401096748287
v 0.7346065235033408 7.007137375000001 0.24751775663845954
v 0.7389555129213788 7.007137375000001 0.23421471804329885
v 0.743063618455804 7.007137375000001 0.22083533039884562
v 0.7469295009510137 7.007137375000001 0.20738395510277444
v 0.750551900210998 7.007137375000001 0.19386497701921326
v 0.7539296354101366 7.007137375000001 0.18028280304937164
v 0.7570616054781237 7.007137375000001 0.1666418606949822
v 0.7599467894588933 7.007137375000001 0.15294659661502985
v 0.7625842468434296 7.007137375000001 0.13920147517623283
v 0.7649731178763529 7.007137375000001 0.12541097699775494
v 0.7671126238361816 7.007137375000001 0.11157959749062044
v 0.7690020672891792 7.007137375000001 0.09771184539230013
v 0.7706408323167022 7.007137375000001 0.08381224129696313
v 0.772028384715978 7.007137375000001 0.06988531618185582
v 0.7731642721742419 7.007137375000001 0.0559356099303005
v 0.7740481244161834 7.007137375000001 0.041967669851787216
v 0.7746796533246468 7.007137375000001 0.027986049199648304
v 0.7750586530345515 7.007137375000001 0.01399530568679613
v 0.775185 7.007137375000001 1.4239917434955616e-16
v 0.769441 7.007137375000001 1.413440186674108e-16
v 0.7693155892458682 7.007137375000001 -0.013891602653500628
v 0.7689393978647284 7.007137375000001 -0.027778676938055948
v 0.7683125484870226 7.007137375000001 -0.0416566959608723
v 0.7674352454524028 7.007137375000001 -0.05552113578098149
v 0.7663077747431217 7.007137375000001 -0.06936747688394854
v 0.7649305038908076 7.007137375000001 -0.08319120565513573
v 0.7633038818566579 7.007137375000001 -0.09698781585105051
v 0.7614284388850862 7.007137375000001 -0.11075281006828082
v 0.7593047863308744 7.007137375000001 -0.12448170120955626
v 0.7569336164598842 7.007137375000001 -0.13817001394644574
v 0.7543157022233923 7.007137375000001 -0.15181328617822193
v 0.7514518970061249 7.007137375000001 -0.16540707048641048
v 0.748343134348073 7.007137375000001 -0.17894693558455255
v 0.7449904276401771 7.007137375000001 -0.19242846776271502
v 0.7413948697939834 7.007137375000001 -0.20584727232626232
v 0.7375576328853786 7.007137375000001 -0.2191989750284364
v 0.7334799677725169 7.007137375000001 -0.23247922349626762
v 0.7291632036880666 7.007137375000001 -0.24568368864935886
v 0.7246087478059094 7.007137375000001 -0.2588080661110698
v 0.7198180847824305 7.007137375000001 -0.2718480776116573
v 0.7147927762725519 7.007137375000001 -0.2847994723828989
v 0.7095344604206669 7.007137375000001 -0.29765802854375206
v 0.7040448513266387 7.007137375000001 -0.3104195544766006
v 0.6983257384870409 7.007137375000001 -0.32307989019363154
v 0.6923789862118178 7.007137375000001 -0.33563490869290624
v 0.6862065330165611 7.007137375000001 -0.34808051730367123
v 0.6798103909905926 7.007137375000001 -0.3604126590204868
v 0.6731926451410668 7.007137375000001 -0.37262731382572317
v 0.6663554527133023 7.007137375000001 -0.38472050000000013
v 0.6678337580775623 7.007137375000001 -0.3855740000000001
v 0.6607636976872838 7.007137375000001 -0.3975683258543462
v 0.6534782422930226 7.007137375000001 -0.4094330528347968
v 0.6459797667992999 7.007137375000001 -0.4211643132910504
v 0.6382707155506899 7.007137375000001 -0.43275828308007025
v 0.6303536015350126 7.007137375000001 -0.4442111828126781
v 0.6222310055641538 7.007137375000001 -0.455519279085553
v 0.6139055754327757 7.007137375000001 -0.4666788856982416
v 0.6053800250551907 7.007137375000001 -0.4776863648547826
v 0.5966571335806838 7.007137375000001 -0.48853812834955046
v 0.5877397444875664 7.007137375000001 -0.4992306387369369
v 0.5786307646562655 7.007137375000001 -0.50976041048448
v 0.5693331634217395 7.007137375000001 -0.5201240111090766
v 0.5598499716055386 7.007137375000001 -0.5303180622958995
v 0.5501842805278225 7.007137375000001 -0.5403392409996538
v 0.5403392409996537 7.007137375000001 -0.550184280527823
v 0.5303180622958996 7.007137375000001 -0.5598499716055385
v 0.5201240111090768 7.007137375000001 -0.5693331634217391
v 0.5097604104844797 7.007137375000001 -0.5786307646562656
v 0.4992306387369372 7.007137375000001 -0.5877397444875662
v 0.4885381283495506 7.007137375000001 -0.5966571335806837
v 0.47768636485478233 7.007137375000001 -0.6053800250551911
v 0.4666788856982419 7.007137375000001 -0.6139055754327755
v 0.45551927908555334 7.007137375000001 -0.6222310055641536
v 0.44421118281267835 7.007137375000001 -0.6303536015350124
v 0.4327582830800701 7.007137375000001 -0.6382707155506901
v 0.42116431329105064 7.007137375000001 -0.6459797667992998
v 0.40943305283479714 7.007137375000001 -0.6534782422930225
v 0.3975683258543459 7.007137375000001 -0.6607636976872842
v 0.3855740000000003 7.007137375000001 -0.6678337580775621
v 0.38682650000000035 7.007137375000001 -0.6700031517140422
v 0.37466711446779216 7.007137375000001 -0.6768777716437278
v 0.3623855953727146 7.007137375000001 -0.683531743721799
v 0.3499859462304933 7.007137375000001 -0.6899628988939525
v 0.33747220906475384 7.007137375000001 -0.6961691407394867
v 0.3248484630894037 7.007137375000001 -0.7021484461546948
v 0.31211882337890134 7.007137375000001 -0.7078988660123494
v 0.2992874395268249 7.007137375000001 -0.7134185257970789
v 0.2863584942931909 7.007137375000001 -0.7187056262164202
v 0.27333620224096683 7.007137375000001 -0.7237584437873491
v 0.26022480836221 7.007137375000001 -0.7285753313980998
v 0.2470285866942919 7.007137375000001 -0.7331547188450886
v 0.233751838926647 7.007137375000001 -0.7374951133447673
v 0.22039889299852053 7.007137375000001 -0.7415951000202379
v 0.20697410168814775 7.007137375000001 -0.7454533423624743
v 0.19348184119383816 7.007137375000001 -0.7490685826659951
v 0.17992650970743182 7.007137375000001 -0.752439642438848
v 0.166312525980579 7.007137375000001 -0.7555654227867757
v 0.15264432788432145 7.007137375000001 -0.7584449047714302
v 0.13892637096243876 7.007137375000001 -0.7610771497425257
v 0.12516312697903617 7.007137375000001 -0.7634612996438195
v 0.11135908246084614 7.007137375000001 -0.7655965772928184
v 0.09751873723471072 7.007137375000001 -0.7674822866341264
v 0.0836466029607377 7.007137375000001 -0.7691178129663417
v 0.06974720166159219 7.007137375000001 -0.7705026231424377
v 0.05582506424841401 7.007137375000001 -0.7716362657435565
v 0.0418847290438344 7.007137375000001 -0.7725183712261634
v 0.027930740302580085 7.007137375000001 -0.7731486520425097
v 0.013967646730144318 7.007137375000001 -0.7735269027343663
v -0.0 7.007137375000001 -0.773653
v -0.0 6.0061177500000005 -0.773585
v -0.0139664190479948 6.0061177500000005 -0.7734589138176479
v -0.027928285338480366 6.0061177500000005 -0.7730806963720231
v -0.041881047598050225 6.0061177500000005 -0.7724504709540216
v -0.0558201575210196 6.0061177500000005 -0.7715684430038131
v -0.06974107125207697 6.0061177500000005 -0.7704349000438729
v -0.083639250867485 6.0061177500000005 -0.7690502115852551
v -0.09751016585434756 6.0061177500000005 -0.7674148290071396
v -0.11134929458746143 6.0061177500000005 -0.7655292854096927
v -0.12515212580327054 6.0061177500000005 -0.7633941954402865
v -0.1389141600704423 6.0061177500000005 -0.7610102550931382
v -0.15263091125658768 6.0061177500000005 -0.7583782414824305
v -0.1662979079906451 6.0061177500000005 -0.7554990125889874
v -0.17991069512045293 6.0061177500000005 -0.7523735069805922
v -0.19346483516503543 6.0061177500000005 -0.749002743506034
v -0.20695590976112732 6.0061177500000005 -0.7453878209629831
v -0.22037952110346687 6.0061177500000005 -0.741529917739808
v -0.23373129337838786 6.0061177500000005 -0.737430291431445
v -0.2470068741902421 6.0061177500000005 -0.7330902784294482
v -0.26020193598018826 6.0061177500000005 -0.7285112934863549
v -0.2733121774368851 6.0061177500000005 -0.723694829254506
v -0.2863333248986277 6.0061177500000005 -0.7186424557994726
v -0.299261133746471 6.0061177500000005 -0.7133558200882479
v -0.31209138978788603 6.0061177500000005 -0.7078366454523711
v -0.32481991063049725 6.0061177500000005 -0.7020867310261572
v -0.3374425470454547 6.0061177500000005 -0.6961079511602177
v -0.3499551843199941 6.0061177500000005 -0.6899022548104614
v -0.36235374359874717 6.0061177500000005 -0.6834716649027767
v -0.37463418321336156 6.0061177500000005 -0.6768182776735993
v -0.3867925 6.0061177500000005 -0.6699442619865849
v -0.384699 6.0061177500000005 -0.6663182136209396
v -0.3966661066042862 6.0061177500000005 -0.6592641976289909
v -0.4085039084390895 6.0061177500000005 -0.6519952754383945
v -0.4202085466311363 6.0061177500000005 -0.6445138165641976
v -0.4317762057156862 6.0061177500000005 -0.6368222598039153
v -0.4432031148802944 6.0061177500000005 -0.6289231124425343
v -0.45448554919401535 6.0061177500000005 -0.620818949435191
v -0.4656198308216524 6.0061177500000005 -0.6125124125677909
v -0.47660233022265475 6.0061177500000005 -0.6040062095958414
v -0.4874294673342698 6.0061177500000005 -0.5953031133617815
v -0.4980977127385686 6.0061177500000005 -0.5864059608910932
v -0.508603588812962 6.0061177500000005 -0.5773176524674918
v -0.5189436708638312 6.0061177500000005 -0.5680411506874935
v -0.5291145882429062 6.0061177500000005 -0.558579479494673
v -0.5391130254460257 6.0061177500000005 -0.548935723193921
v -0.548935723193921 6.0061177500000005 -0.5391130254460256
v -0.5585794794946729 6.0061177500000005 -0.5291145882429061
v -0.5680411506874936 6.0061177500000005 -0.5189436708638312
v -0.5773176524674917 6.0061177500000005 -0.508603588812962
v -0.5864059608910933 6.0061177500000005 -0.4980977127385687
v -0.5953031133617814 6.0061177500000005 -0.4874294673342698
v -0.6040062095958414 6.0061177500000005 -0.47660233022265486
v -0.6125124125677909 6.0061177500000005 -0.46561983082165254
v -0.6208189494351911 6.0061177500000005 -0.45448554919401535
v -0.6289231124425343 6.0061177500000005 -0.4432031148802944
v -0.6368222598039153 6.0061177500000005 -0.4317762057156863
v -0.6445138165641977 6.0061177500000005 -0.4202085466311362
v -0.6519952754383946 6.0061177500000005 -0.4085039084390895
v -0.6592641976289909 6.0061177500000005 -0.3966661066042861
v -0.6663182136209395 6.0061177500000005 -0.3846990000000001
v -0.6787344198349969 6.0061177500000005 -0.3918675000000001
v -0.6856986276265935 6.0061177500000005 -0.37954965722024586
v -0.6924393121539038 6.0061177500000005 -0.36710808927185
v -0.6989542760961976 6.0061177500000005 -0.3545468518430818
v -0.7052413957128866 6.0061177500000005 -0.34187003963193363
v -0.7112986215358176 6.0061177500000005 -0.329081785011334
v -0.7171239790373574 6.0061177500000005 -0.31618625668208244
v -0.7227155692740461 6.0061177500000005 -0.30318765831394157
v -0.728071569505613 6.0061177500000005 -0.29009022717532773
v -0.7331902337891507 6.0061177500000005 -0.2768982327520532
v -0.738069893548257 6.0061177500000005 -0.2636159753555626
v -0.7427089581169537 6.0061177500000005 -0.25024778472112225
v -0.7471059152582116 6.0061177500000005 -0.23679801859641889
v -0.7512593316569072 6.0061177500000005 -0.22327106132102553
v -0.7551678533870532 6.0061177500000005 -0.209671322397199
v -0.7588302063531499 6.0061177500000005 -0.19600323505247522
v -0.7622451967055133 6.0061177500000005 -0.18227125479453224
v -0.7654117112294446 6.0061177500000005 -0.16847985795878687
v -0.7683287177081157 6.0061177500000005 -0.15463354024920564
v -0.7709952652590482 6.0061177500000005 -0.14073681527279874
v -0.7734104846440829 6.0061177500000005 -0.12679421306828118
v -0.7755735885527323 6.0061177500000005 -0.11281027862937387
v -0.777483871858827 6.0061177500000005 -0.09878957042323351
v -0.7791407118503719 6.0061177500000005 -0.0847366589044879
v -0.7805435684325378 6.0061177500000005 -0.07065612502536439
v -0.7816919843037203 6.0061177500000005 -0.05655255874239585
v -0.7825855851046105 6.0061177500000005 -0.04243055752019209
v -0.7832240795402284 6.0061177500000005 -0.028294724832764337
v -0.7836072594748791 6.0061177500000005 -0.014149668662887983
v -0.783735 6.0061177500000005 -4.798992795648754e-17
v -0.789601 6.0061177500000005 -4.834911686267746e-17
v -0.7894723033788513 6.0061177500000005 0.014255574302391674
v -0.7890862554677843 6.0061177500000005 0.028506501588771046
v -0.7884429821102612 6.0061177500000005 0.04274813635795423
v -0.7875426929998046 6.0061177500000005 0.05697583613792234
v -0.7863856816116422 6.0061177500000005 0.07118496299916767
v -0.7849723251070395 6.0061177500000005 0.08537088506656282
v -0.7833030842103539 6.0061177500000005 0.09952897802925165
v -0.7813785030588478 6.0061177500000005 0.11365462664807897
v -0.7791992090253116 6.0061177500000005 0.1277432262600596
v -0.7767659125135533 6.0061177500000005 0.14179018427940213
v -0.774079406726822 6.0061177500000005 0.15579092169459458
v -0.7711405674092402 6.0061177500000005 0.16974087456106485
v -0.7679503525603297 6.0061177500000005 0.18363549548893107
v -0.7645098021227247 6.0061177500000005 0.19747025512535418
v -0.760820037643171 6.0061177500000005 0.21124064363101133
v -0.7568822619069272 6.0061177500000005 0.22494217215020787
v -0.7526977585456807 6.0061177500000005 0.2385703742741503
v -0.748267891619112 6.0061177500000005 0.25212080749689975
v -0.743594105170239 6.0061177500000005 0.26558905466353744
v -0.7386779227546905 6.0061177500000005 0.27897072541006074
v -0.7335209469440584 6.0061177500000005 0.29226145759455163
v -0.7281248588034936 6.0061177500000005 0.3054569187191417
v -0.7224914173437148 6.0061177500000005 0.3185528073423149
v -0.7166224589476072 6.0061177500000005 0.3315448544810865
v -0.7105198967716011 6.0061177500000005 0.3444288250026022
v -0.7041857201220231 6.0061177500000005 0.357200519004701
v -0.6976219938066242 6.0061177500000005 0.3698557731849949
v -0.6908308574614963 6.0061177500000005 0.3823904621980179
v -0.6838145248535967 6.0061177500000005 0.39480049999999983
v -0.6699537882660267 6.0061177500000005 0.3867979999999998
v -0.6628612840545425 6.0061177500000005 0.398830401696715
v -0.6555527010702396 6.0061177500000005 0.41073279310947775
v -0.6480304217567462 6.0061177500000005 0.42250129431017563
v -0.6402968982181779 6.0061177500000005 0.43413206901607754
v -0.6323546514198045 6.0061177500000005 0.4456213258403792
v -0.6242062703662681 6.0061177500000005 0.45696531952811625
v -0.6158544112576232 6.0061177500000005 0.4681603521770357
v -0.6073017966234698 6.0061177500000005 0.47920277444303844
v -0.5985512144354685 6.0061177500000005 0.4900889867297832
v -0.5896055171985191 6.0061177500000005 0.5008154403620827
v -0.5804676210209043 6.0061177500000005 0.511378638742695
v -0.5711405046637008 6.0061177500000005 0.5217751384921413
v -0.5616272085697663 6.0061177500000005 0.5320015505711727
v -0.5519308338726181 6.0061177500000005 0.5420545413855293
v -0.5420545413855293 6.0061177500000005 0.5519308338726179
v -0.5320015505711728 6.0061177500000005 0.5616272085697663
v -0.5217751384921411 6.0061177500000005 0.5711405046637009
v -0.5113786387426952 6.0061177500000005 0.5804676210209042
v -0.5008154403620825 6.0061177500000005 0.5896055171985191
v -0.49008898672978324 6.0061177500000005 0.5985512144354684
v -0.4792027744430386 6.0061177500000005 0.6073017966234698
v -0.46816035217703583 6.0061177500000005 0.6158544112576232
v -0.4569653195281161 6.0061177500000005 0.6242062703662682
v -0.44562132584037906 6.0061177500000005 0.6323546514198046
v -0.43413206901607765 6.0061177500000005 0.6402968982181778
v -0.42250129431017536 6.0061177500000005 0.6480304217567463
v -0.4107327931094776 6.0061177500000005 0.6555527010702396
v -0.39883040169671546 6.0061177500000005 0.6628612840545421
v -0.386798 6.0061177500000005 0.6699537882660266
v -0.386067 6.0061177500000005 0.6686876591256938
v -0.3739314883577962 6.0061177500000005 0.6755487813404175
v -0.3616740829512918 6.0061177500000005 0.6821896889262854
v -0.3492987794356592 6.0061177500000005 0.6886082170877419
v -0.3368096118983627 6.0061177500000005 0.6948022735202255
v -0.3242106515441332 6.0061177500000005 0.7007698390922148
v -0.311506005367839 6.0061177500000005 0.7065089685034237
v -0.29869981481569263 6.0061177500000005 0.7120177909189284
v -0.28579625443522944 6.0061177500000005 0.7172945105790184
v -0.27279953051448985 6.0061177500000005 0.7223374073845782
v -0.25971387971086146 6.0061177500000005 0.7271448374578012
v -0.2465435676700149 6.0061177500000005 0.7317152336780619
v -0.23329288763539638 6.0061177500000005 0.7360471061927616
v -0.21996615904872058 6.0061177500000005 0.7401390429029893
v -0.20656772614192143 6.0061177500000005 0.7439897099238377
v -0.19310195652102807 6.0061177500000005 0.7475978520192197
v -0.17957323974241438 6.0061177500000005 0.7509622930110496
v -0.16598598588189906 6.0061177500000005 0.7540819361626522
v -0.1523446240971506 6.0061177500000005 0.7569557645362759
v -0.13865360118387873 6.0061177500000005 0.759582841324593
v -0.12491738012627276 6.0061177500000005 0.7619623101560788
v -0.11114043864215951 6.0061177500000005 0.7640933953741704
v -0.09732726772336699 6.0061177500000005 0.7659754022901153
v -0.08348237017175163 6.0061177500000005 0.7676077174094242
v -0.0696102591313832 6.0061177500000005 0.768989808631858
v -0.05571545661735312 6.0061177500000005 0.7701212254248806
v -0.041802492041692715 6.0061177500000005 0.7710015989705237
v -0.02787590073688372 6.0061177500000005 0.7716306422856127
v -0.013940222477432276 6.0061177500000005 0.7720081503153186
v -9.455914316128425e-17 6.0061177500000005 0.772134
v -9.460825149793005e-17 6.0061177500000005 0.772535
v 0.013947462191281906 6.0061177500000005 0.772409084956555
v 0.02789037780458873 6.0061177500000005 0.772031380871864
v 0.04182420174403528 6.0061177500000005 0.771402010869478
v 0.05574439187742898 6.0061177500000005 0.7705211801107194
v 0.0696464105169093 6.0061177500000005 0.7693891757278042
v 0.08352572589813978 6.0061177500000005 0.768006366730243
v 0.09737781365756612 6.0061177500000005 0.7663732038845513
v 0.11119815830726378 6.0061177500000005 0.7644902195673092
v 0.12498225470689023 6.0061177500000005 0.762358027591618
v 0.13872560953226726 6.0061177500000005 0.7599773230070098
v 0.15242374274011 6.0061177500000005 0.7573488818728769
v 0.16607218902842347 6.0061177500000005 0.7544735610054919
v 0.1796664992920998 6.0061177500000005 0.7513522976987038
v 0.1932022420732312 6.0061177500000005 0.7479861094184013
v 0.20667500500567176 6.0061177500000005 0.7443760934708378
v 0.22008039625337467 6.0061177500000005 0.7405234266449358
v 0.2334140459420396 6.0061177500000005 0.7364293648286762
v 0.2466716075835993 6.0061177500000005 0.7320952425997063
v 0.2598487594930805 6.0061177500000005 0.7275224727902961
v 0.2729412061973848 6.0061177500000005 0.7227125460267841
v 0.2859446798355205 6.0061177500000005 0.717667030243665
v 0.2988549415498362 6.0061177500000005 0.7123875701724757
v 0.3116677828677968 6.0061177500000005 0.7068758868056484
v 0.32437902707385896 6.0061177500000005 0.7011337768355027
v 0.3369845305709913 6.0061177500000005 0.6951631120685624
v 0.3494801842313987 6.0061177500000005 0.6889658388153853
v 0.3618619147360126 6.0061177500000005 0.6825439772561083
v 0.3741256859023045 6.0061177500000005 0.6758996207819103
v 0.3862675000000001 6.0061177500000005 0.6690349353126112
v 0.3886890000000001 6.0061177500000005 0.6732290963431392
v 0.4007802263845588 6.0061177500000005 0.6661019178948081
v 0.41274080688351455 6.0061177500000005 0.658757604295499
v 0.42456684260034394 6.0061177500000005 0.6511985496362649
v 0.4362544784972781 6.0061177500000005 0.6434272180092073
v 0.44779990465196634 6.0061177500000005 0.6354461427042342
v 0.45919935749942836 6.0061177500000005 0.6272579253832608
v 0.4704491210588987 6.0061177500000005 0.6188652352321221
v 0.48154552814515633 6.0061177500000005 0.610270808090476
v 0.49248496156394994 6.0061177500000005 0.6014774455599767
v 0.5032638552911276 6.0061177500000005 0.5924880140910119
v 0.5138786956350845 6.0061177500000005 0.5833054440482999
v 0.5243260223821526 6.0061177500000005 0.5739327287556535
v 0.5346024299245563 6.0061177500000005 0.5643729235202198
v 0.5447045683705707 6.0061177500000005 0.5546291446365132
v 0.5546291446365131 6.0061177500000005 0.5447045683705708
v 0.5643729235202195 6.0061177500000005 0.5346024299245564
v 0.5739327287556535 6.0061177500000005 0.5243260223821525
v 0.5833054440482998 6.0061177500000005 0.5138786956350846
v 0.5924880140910119 6.0061177500000005 0.5032638552911275
v 0.6014774455599765 6.0061177500000005 0.4924849615639501
v 0.610270808090476 6.0061177500000005 0.4815455281451562
v 0.6188652352321218 6.0061177500000005 0.4704491210588991
v 0.6272579253832606 6.0061177500000005 0.4591993574994285
v 0.6354461427042344 6.0061177500000005 0.447799904651966
v 0.6434272180092072 6.0061177500000005 0.4362544784972783
v 0.6511985496362649 6.0061177500000005 0.42456684260034383
v 0.6587576042954991 6.0061177500000005 0.4127408068835145
v 0.6661019178948082 6.0061177500000005 0.4007802263845588
v 0.6732290963431392 6.0061177500000005 0.38868900000000034
v 0.6713299026326399 6.0061177500000005 0.38759250000000034
v 0.6782181357942684 6.0061177500000005 0.37540903625878186
v 0.68488528417389 6.0061177500000005 0.36310319710386724
v 0.6913291744220061 6.0061177500000005 0.35067899397880614
v 0.6975477059665499 6.0061177500000005 0.3381404769113035
v 0.703538851697631 6.0061177500000005 0.32549173319299335
v 0.7093006586283297 6.0061177500000005 0.3127368860470697
v 0.7148312485313293 6.0061177500000005 0.2998800932842007
v 0.7201288185511794 6.0061177500000005 0.28692554594717157
v 0.725191641791987 6.0061177500000005 0.2738774669446946
v 0.7300180678803493 6.0061177500000005 0.2607401096748287
v 0.7346065235033408 6.0061177500000005 0.24751775663845954
v 0.7389555129213788 6.0061177500000005 0.23421471804329885
v 0.743063618455804 6.0061177500000005 0.22083533039884562
v 0.7469295009510137 6.0061177500000005 0.20738395510277444
v 0.750551900210998 6.0061177500000005 0.19386497701921326
v 0.7539296354101366 6.0061177500000005 0.18028280304937164
v 0.7570616054781237 6.0061177500000005 0.1666418606949822
v 0.7599467894588933 6.0061177500000005 0.15294659661502985
v 0.7625842468434296 6.0061177500000005 0.13920147517623283
v 0.7649731178763529 6.0061177500000005 0.12541097699775494
v 0.7671126238361816 6.0061177500000005 0.11157959749062044
v 0.7690020672891792 6.0061177500000005 0.09771184539230013
v 0.7706408323167022 6.0061177500000005 0.08381224129696313
v 0.772028384715978 6.0061177500000005 0.06988531618185582
v 0.7731642721742419 6.0061177500000005 0.0559356099303005
v 0.7740481244161834 6.0061177500000005 0.041967669851787216
v 0.7746796533246468 6.0061177500000005 0.027986049199648304
v 0.7750586530345515 6.0061177500000005 0.01399530568679613
v 0.775185 6.0061177500000005 1.4239917434955616e-16
v 0.769441 6.0061177500000005 1.413440186674108e-16
v 0.7693155892458682 6.0061177500000005 -0.013891602653500628
v 0.7689393978647284 6.0061177500000005 -0.027778676938055948
v 0.7683125484870226 6.0061177500000005 -0.0416566959608723
v 0.7674352454524028 6.0061177500000005 -0.05552113578098149
v 0.7663077747431217 6.0061177500000005 -0.06936747688394854
v 0.7649305038908076 6.0061177500000005 -0.08319120565513573
v 0.7633038818566579 6.0061177500000005 -0.09698781585105051
v 0.7614284388850862 6.0061177500000005 -0.11075281006828082
v 0.7593047863308744 6.0061177500000005 -0.12448170120955626
v 0.7569336164598842 6.0061177500000005 -0.13817001394644574
v 0.7543157022233923 6.0061177500000005 -0.15181328617822193
v 0.7514518970061249 6.0061177500000005 -0.16540707048641048
v 0.748343134348073 6.0061177500000005 -0.17894693558455255
v 0.7449904276401771 6.0061177500000005 -0.19242846776271502
v 0.7413948697939834 6.0061177500000005 -0.20584727232626232
v 0.7375576328853786 6.0061177500000005 -0.2191989750284364
v 0.7334799677725169 6.0061177500000005 -0.23247922349626762
v 0.7291632036880666 6.0061177500000005 -0.24568368864935886
v 0.7246087478059094 6.0061177500000005 -0.2588080661110698
v 0.7198180847824305 6.0061177500000005 -0.2718480776116573
v 0.7147927762725519 6.0061177500000005 -0.2847994723828989
v 0.7095344604206669 6.0061177500000005 -0.29765802854375206
v 0.7040448513266387 6.0061177500000005 -0.3104195544766006
v 0.6983257384870409 6.0061177500000005 -0.32307989019363154
v 0.6923789862118178 6.0061177500000005 -0.33563490869290624
v 0.6862065330165611 6.0061177500000005 -0.34808051730367123
v 0.6798103909905926 6.0061177500000005 -0.3604126590204868
v 0.6731926451410668 6.0061177500000005 -0.37262731382572317
v 0.6663554527133023 6.0061177500000005 -0.38472050000000013
v 0.6678337580775623 6.0061177500000005 -0.3855740000000001
v 0.6607636976872838 6.0061177500000005 -0.3975683258543462
v 0.6534782422930226 6.0061177500000005 -0.4094330528347968
v 0.6459797667992999 6.0061177500000005 -0.4211643132910504
v 0.6382707155506899 6.0061177500000005 -0.43275828308007025
v 0.6303536015350126 6.0061177500000005 -0.4442111828126781
v 0.6222310055641538 6.0061177500000005 -0.455519279085553
v 0.6139055754327757 6.0061177500000005 -0.4666788856982416
v 0.6053800250551907 6.0061177500000005 -0.4776863648547826
v 0.5966571335806838 6.0061177500000005 -0.48853812834955046
v 0.5877397444875664 6.0061177500000005 -0.4992306387369369
v 0.5786307646562655 6.0061177500000005 -0.50976041048448
v 0.5693331634217395 6.0061177500000005 -0.5201240111090766
v 0.5598499716055386 6.0061177500000005 -0.5303180622958995
v 0.5501842805278225 6.0061177500000005 -0.5403392409996538
v 0.5403392409996537 6.0061177500000005 -0.550184280527823
v 0.5303180622958996 6.0061177500000005 -0.5598499716055385
v 0.5201240111090768 6.0061177500000005 -0.5693331634217391
v 0.5097604104844797 6.0061177500000005 -0.5786307646562656
v 0.4992306387369372 6.0061177500000005 -0.5877397444875662
v 0.4885381283495506 6.0061177500000005 -0.5966571335806837
v 0.47768636485478233 6.0061177500000005 -0.6053800250551911
v 0.4666788856982419 6.0061177500000005 -0.6139055754327755
v 0.45551927908555334 6.0061177500000005 -0.6222310055641536
v 0.44421118281267835 6.0061177500000005 -0.6303536015350124
v 0.4327582830800701 6.0061177500000005 -0.6382707155506901
v 0.42116431329105064 6.0061177500000005 -0.6459797667992998
v 0.40943305283479714 6.0061177500000005 -0.6534782422930225
v 0.3975683258543459 6.0061177500000005 -0.6607636976872842
v 0.3855740000000003 6.0061177500000005 -0.6678337580775621
v 0.38682650000000035 6.0061177500000005 -0.6700031517140422
v 0.37466711446779216 6.0061177500000005 -0.6768777716437278
v 0.3623855953727146 6.0061177500000005 -0.683531743721799
v 0.3499859462304933 6.0061177500000005 -0.6899628988939525
v 0.33747220906475384 6.0061177500000005 -0.6961691407394867
v 0.3248484630894037 6.0061177500000005 -0.7021484461546948
v 0.31211882337890134 6.0061177500000005 -0.7078988660123494
v 0.2992874395268249 6.0061177500000005 -0.7134185257970789
v 0.2863584942931909 6.0061177500000005 -0.7187056262164202
v 0.27333620224096683 6.0061177500000005 -0.7237584437873491
v 0.26022480836221 6.0061177500000005 -0.7285753313980998
v 0.2470285866942919 6.0061177500000005 -0.7331547188450886
v 0.233751838926647 6.0061177500000005 -0.7374951133447673
v 0.22039889299852053 6.0061177500000005 -0.7415951000202379
v 0.20697410168814775 6.0061177500000005 -0.7454533423624743
v 0.19348184119383816 6.0061177500000005 -0.7490685826659951
v 0.17992650970743182 6.0061177500000005 -0.752439642438848
v 0.166312525980579 6.0061177500000005 -0.7555654227867757
v 0.15264432788432145 6.0061177500000005 -0.7584449047714302
v 0.13892637096243876 6.0061177500000005 -0.7610771497425257
v 0.12516312697903617 6.0061177500000005 -0.7634612996438195
v 0.11135908246084614 6.0061177500000005 -0.7655965772928184
v 0.09751873723471072 6.0061177500000005 -0.7674822866341264
v 0.0836466029607377 6.0061177500000005 -0.7691178129663417
v 0.06974720166159219 6.0061177500000005 -0.7705026231424377
v 0.05582506424841401 6.0061177500000005 -0.7716362657435565
v 0.0418847290438344 6.0061177500000005 -0.7725183712261634
v 0.027930740302580085 6.0061177500000005 -0.7731486520425097
v 0.013967646730144318 6.0061177500000005 -0.7735269027343663
v -0.0 6.0061177500000005 -0.773653
v -0.0 7.007137375000001 -0.773585
v -0.0139664190479948 7.007137375000001 -0.7734589138176479
v -0.027928285338480366 7.007137375000001 -0.7730806963720231
v -0.041881047598050225 7.007137375000001 -0.7724504709540216
v -0.0558201575210196 7.007137375000001 -0.7715684430038131
v -0.06974107125207697 7.007137375000001 -0.7704349000438729
v -0.083639250867485 7.007137375000001 -0.7690502115852551
v -0.09751016585434756 7.007137375000001 -0.7674148290071396
v -0.11134929458746143 7.007137375000001 -0.7655292854096927
v -0.12515212580327054 7.007137375000001 -0.7633941954402865
v -0.1389141600704423 7.007137375000001 -0.7610102550931382
v -0.15263091125658768 7.007137375000001 -0.7583782414824305
v -0.1662979079906451 7.007137375000001 -0.7554990125889874
v -0.17991069512045293 7.007137375000001 -0.7523735069805922
v -0.19346483516503543 7.007137375000001 -0.749002743506034
v -0.20695590976112732 7.007137375000001 -0.7453878209629831
v -0.22037952110346687 7.007137375000001 -0.741529917739808
v -0.23373129337838786 7.007137375000001 -0.737430291431445
v -0.2470068741902421 7.007137375000001 -0.7330902784294482
v -0.26020193598018826 7.007137375000001 -0.7285112934863549
v -0.2733121774368851 7.007137375000001 -0.723694829254506
v -0.2863333248986277 7.007137375000001 -0.7186424557994726
v -0.299261133746471 7.007137375000001 -0.7133558200882479
v -0.31209138978788603 7.007137375000001 -0.7078366454523711
v -0.32481991063049725 7.007137375000001 -0.7020867310261572
v -0.3374425470454547 7.007137375000001 -0.6961079511602177
v -0.3499551843199941 7.007137375000001 -0.6899022548104614
v -0.36235374359874717 7.007137375000001 -0.6834716649027767
v -0.37463418321336156 7.007137375000001 -0.6768182776735993
v -0.3867925 7.007137375000001 -0.6699442619865849
v -0.384699 7.007137375000001 -0.6663182136209396
v -0.3966661066042862 7.007137375000001 -0.6592641976289909
v -0.4085039084390895 7.007137375000001 -0.6519952754383945
v -0.4202085466311363 7.007137375000001 -0.6445138165641976
v -0.4317762057156862 7.007137375000001 -0.6368222598039153
v -0.4432031148802944 7.007137375000001 -0.6289231124425343
v -0.45448554919401535 7.007137375000001 -0.620818949435191
v -0.4656198308216524 7.007137375000001 -0.6125124125677909
v -0.47660233022265475 7.007137375000001 -0.6040062095958414
v -0.4874294673342698 7.007137375000001 -0.5953031133617815
v -0.4980977127385686 7.007137375000001 -0.5864059608910932
v -0.508603588812962 7.007137375000001 -0.5773176524674918
v -0.5189436708638312 7.007137375000001 -0.5680411506874935
v -0.5291145882429062 7.007137375000001 -0.558579479494673
v -0.5391130254460257 7.007137375000001 -0.548935723193921
v -0.548935723193921 7.007137375000001 -0.5391130254460256
v -0.5585794794946729 7.007137375000001 -0.5291145882429061
v -0.5680411506874936 7.007137375000001 -0.5189436708638312
v -0.5773176524674917 7.007137375000001 -0.508603588812962
v -0.5864059608910933 7.007137375000001 -0.4980977127385687
v -0.5953031133617814 7.007137375000001 -0.4874294673342698
v -0.6040062095958414 7.007137375000001 -0.47660233022265486
v -0.6125124125677909 7.007137375000001 -0.46561983082165254
v -0.6208189494351911 7.007137375000001 -0.45448554919401535
v -0.6289231124425343 7.007137375000001 -0.4432031148802944
v -0.6368222598039153 7.007137375000001 -0.4317762057156863
v -0.6445138165641977 7.007137375000001 -0.4202085466311362
v -0.6519952754383946 7.007137375000001 -0.4085039084390895
v -0.6592641976289909 7.007137375000001 -0.3966661066042861
v -0.6663182136209395 7.007137375000001 -0.3846990000000001
v -0.6787344198349969 7.007137375000001 -0.3918675000000001
v -0.6856986276265935 7.007137375000001 -0.37954965722024586
v -0.6924393121539038 7.007137375000001 -0.36710808927185
v -0.6989542760961976 7.007137375000001 -0.3545468518430818
v -0.7052413957128866 7.007137375000001 -0.34187003963193363
v -0.7112986215358176 7.007137375000001 -0.329081785011334
v -0.7171239790373574 7.007137375000001 -0.31618625668208244
v -0.7227155692740461 7.007137375000001 -0.30318765831394157
v -0.728071569505613 7.007137375000001 -0.29009022717532773
v -0.7331902337891507 7.007137375000001 -0.2768982327520532
v -0.738069893548257 7.007137375000001 -0.2636159753555626
v -0.7427089581169537 7.007137375000001 -0.25024778472112225
v -0.7471059152582116 7.007137375000001 -0.23679801859641889
v -0.7512593316569072 7.007137375000001 -0.22327106132102553
v -0.7551678533870532 7.007137375000001 -0.209671322397199
v -0.7588302063531499 7.007137375000001 -0.19600323505247522
v -0.7622451967055133 7.007137375000001 -0.18227125479453224
v -0.7654117112294446 7.007137375000001 -0.16847985795878687
v -0.7683287177081157 7.007137375000001 -0.15463354024920564
v -0.7709952652590482 7.007137375000001 -0.14073681527279874
v -0.7734104846440829 7.007137375000001 -0.12679421306828118
v -0.7755735885527323 7.007137375000001 -0.11281027862937387
v -0.777483871858827 7.007137375000001 -0.09878957042323351
v -0.7791407118503719 7.007137375000001 -0.0847366589044879
v -0.7805435684325378 7.007137375000001 -0.07065612502536439
v -0.7816919843037203 7.007137375000001 -0.05655255874239585
v -0.7825855851046105 7.007137375000001 -0.04243055752019209
v -0.7832240795402284 7.007137375000001 -0.028294724832764337
v -0.7836072594748791 7.007137375000001 -0.014149668662887983
v -0.783735 7.007137375000001 -4.798992795648754e-17
v -0.789601 7.007137375000001 -4.834911686267746e-17
v -0.7894723033788513 7.007137375000001 0.014255574302391674
v -0.7890862554677843 7.007137375000001 0.028506501588771046
v -0.7884429821102612 7.007137375000001 0.04274813635795423
v -0.7875426929998046 7.007137375000001 0.05697583613792234
v -0.7863856816116422 7.007137375000001 0.07118496299916767
v -0.7849723251070395 7.007137375000001 0.08537088506656282
v -0.7833030842103539 7.007137375000001 0.09952897802925165
v -0.7813785030588478 7.007137375000001 0.11365462664807897
v -0.7791992090253116 7.007137375000001 0.1277432262600596
v -0.7767659125135533 7.007137375000001 0.14179018427940213
v -0.774079406726822 7.007137375000001 0.15579092169459458
v -0.7711405674092402 7.007137375000001 0.16974087456106485
v -0.7679503525603297 7.007137375000001 0.18363549548893107
v -0.7645098021227247 7.007137375000001 0.19747025512535418
v -0.760820037643171 7.007137375000001 0.21124064363101133
v -0.7568822619069272 7.007137375000001 0.22494217215020787
v -0.7526977585456807 7.007137375000001 0.2385703742741503
v -0.748267891619112 7.007137375000001 0.25212080749689975
v -0.743594105170239 7.007137375000001 0.26558905466353744
v -0.7386779227546905 7.007137375000001 0.27897072541006074
v -0.7335209469440584 7.007137375000001 0.29226145759455163
v -0.7281248588034936 7.007137375000001 0.3054569187191417
v -0.7224914173437148 7.007137375000001 0.3185528073423149
v -0.7166224589476072 7.007137375000001 0.3315448544810865
v -0.7105198967716011 7.007137375000001 0.3444288250026022
v -0.7041857201220231 7.007137375000001 0.357200519004701
v -0.6976219938066242 7.007137375000001 0.3698557731849949
v -0.6908308574614963 7.007137375000001 0.3823904621980179
v -0.6838145248535967 7.007137375000001 0.39480049999999983
v -0.6699537882660267 7.007137375000001 0.3867979999999998
v -0.6628612840545425 7.007137375000001 0.398830401696715
v -0.6555527010702396 7.007137375000001 0.41073279310947775
v -0.6480304217567462 7.007137375000001 0.42250129431017563
v -0.6402968982181779 7.007137375000001 0.43413206901607754
v -0.6323546514198045 7.007137375000001 0.4456213258403792
v -0.6242062703662681 7.007137375000001 0.45696531952811625
v -0.6158544112576232 7.007137375000001 0.4681603521770357
v -0.6073017966234698 7.007137375000001 0.47920277444303844
v -0.5985512144354685 7.007137375000001 0.4900889867297832
v -0.5896055171985191 7.007137375000001 0.5008154403620827
v -0.5804676210209043 7.007137375000001 0.511378638742695
v -0.5711405046637008 7.007137375000001 0.5217751384921413
v -0.5616272085697663 7.007137375000001 0.5320015505711727
v -0.5519308338726181 7.007137375000001 0.5420545413855293
v -0.5420545413855293 7.007137375000001 0.5519308338726179
v -0.5320015505711728 7.007137375000001 0.5616272085697663
v -0.5217751384921411 7.007137375000001 0.5711405046637009
v -0.5113786387426952 7.007137375000001 0.5804676210209042
v -0.5008154403620825 7.007137375000001 0.5896055171985191
v -0.49008898672978324 7.007137375000001 0.5985512144354684
v -0.4792027744430386 7.007137375000001 0.6073017966234698
v -0.46816035217703583 7.007137375000001 0.6158544112576232
v -0.4569653195281161 7.007137375000001 0.6242062703662682
v -0.44562132584037906 7.007137375000001 0.6323546514198046
v -0.43413206901607765 7.007137375000001 0.6402968982181778
v -0.42250129431017536 7.007137375000001 0.6480304217567463
v -0.4107327931094776 7.007137375000001 0.6555527010702396
v -0.39883040169671546 7.007137375000001 0.6628612840545421
v -0.386798 7.007137375000001 0.6699537882660266
v -0.386067 7.007137375000001 0.6686876591256938
v -0.3739314883577962 7.007137375000001 0.6755487813404175
v -0.3616740829512918 7.007137375000001 0.6821896889262854
v -0.3492987794356592 7.007137375000001 0.6886082170877419
v -0.3368096118983627 7.007137375000001 0.6948022735202255
v -0.3242106515441332 7.007137375000001 0.7007698390922148
v -0.311506005367839 7.007137375000001 0.7065089685034237
v -0.29869981481569263 7.007137375000001 0.7120177909189284
v -0.28579625443522944 7.007137375000001 0.7172945105790184
v -0.27279953051448985 7.007137375000001 0.7223374073845782
v -0.25971387971086146 7.007137375000001 0.7271448374578012
v -0.2465435676700149 7.007137375000001 0.7317152336780619
v -0.23329288763539638 7.007137375000001 0.7360471061927616
v -0.21996615904872058 7.007137375000001 0.7401390429029893
v -0.20656772614192143 7.007137375000001 0.7439897099238377
v -0.19310195652102807 7.007137375000001 0.7475978520192197
v -0.17957323974241438 7.007137375000001 0.7509622930110496
v -0.16598598588189906 7.007137375000001 0.7540819361626522
v -0.1523446240971506 7.007137375000001 0.7569557645362759
v -0.13865360118387873 7.007137375000001 0.759582841324593
v -0.12491738012627276 7.007137375000001 0.7619623101560788
v -0.11114043864215951 7.007137375000001 0.7640933953741704
v -0.09732726772336699 7.007137375000001 0.7659754022901153
v -0.08348237017175163 7.007137375000001 0.7676077174094242
v -0.0696102591313832 7.007137375000001 0.768989808631858
v -0.05571545661735312 7.007137375000001 0.7701212254248806
v -0.041802492041692715 7.007137375000001 0.7710015989705237
v -0.02787590073688372 7.007137375000001 0.7716306422856127
v -0.013940222477432276 7.007137375000001 0.7720081503153186
v -9.455914316128425e-17 7.007137375000001 0.772134
v -9.460825149793005e-17 7.007137375000001 0.772535
v 0.013947462191281906 7.007137375000001 0.772409084956555
v 0.02789037780458873 7.007137375000001 0.772031380871864
v 0.04182420174403528 7.007137375000001 0.771402010869478
v 0.05574439187742898 7.007137375000001 0.7705211801107194
v 0.0696464105169093 7.007137375000001 0.7693891757278042
v 0.08352572589813978 7.007137375000001 0.768006366730243
v 0.09737781365756612 7.007137375000001 0.7663732038845513
v 0.11119815830726378 7.007137375000001 0.7644902195673092
v 0.12498225470689023 7.007137375000001 0.762358027591618
v 0.13872560953226726 7.007137375000001 0.7599773230070098
v 0.15242374274011 7.007137375000001 0.7573488818728769
v 0.16607218902842347 7.007137375000001 0.7544735610054919
v 0.1796664992920998 7.007137375000001 0.7513522976987038
v 0.1932022420732312 7.007137375000001 0.7479861094184013
v 0.20667500500567176 7.007137375000001 0.7443760934708378
v 0.22008039625337467 7.007137375000001 0.7405234266449358
v 0.2334140459420396 7.007137375000001 0.7364293648286762
v 0.2466716075835993 7.007137375000001 0.7320952425997063
v 0.2598487594930805 7.007137375000001 0.7275224727902961
v 0.2729412061973848 7.007137375000001 0.7227125460267841
v 0.2859446798355205 7.007137375000001 0.717667030243665
v 0.2988549415498362 7.007137375000001 0.7123875701724757
v 0.3116677828677968 7.007137375000001 0.7068758868056484
v 0.32437902707385896 7.007137375000001 0.7011337768355027
v 0.3369845305709913 7.007137375000001 0.6951631120685624
v 0.3494801842313987 7.007137375000001 0.6889658388153853
v 0.3618619147360126 7.007137375000001 0.6825439772561083
v 0.3741256859023045 7.007137375000001 0.6758996207819103
v 0.3862675000000001 7.007137375000001 0.6690349353126112
v 0.3886890000000001 7.007137375000001 0.6732290963431392
v 0.4007802263845588 7.007137375000001 0.6661019178948081
v 0.41274080688351455 7.007137375000001 0.658757604295499
v 0.42456684260034394 7.007137375000001 0.6511985496362649
v 0.4362544784972781 7.007137375000001 0.6434272180092073
v 0.44779990465196634 7.007137375000001 0.6354461427042342
v 0.45919935749942836 7.007137375000001 0.6272579253832608
v 0.4704491210588987 7.007137375000001 0.6188652352321221
v 0.48154552814515633 7.007137375000001 0.610270808090476
v 0.49248496156394994 7.007137375000001 0.6014774455599767
v 0.5032638552911276 7.007137375000001 0.5924880140910119
v 0.5138786956350845 7.007137375000001 0.5833054440482999
v 0.5243260223821526 7.007137375000001 0.5739327287556535
v 0.5346024299245563 7.007137375000001 0.5643729235202198
v 0.5447045683705707 7.007137375000001 0.5546291446365132
v 0.5546291446365131 7.007137375000001 0.5447045683705708
v 0.5643729235202195 7.007137375000001 0.5346024299245564
v 0.5739327287556535 7.007137375000001 0.5243260223821525
v 0.5833054440482998 7.007137375000001 0.5138786956350846
v 0.5924880140910119 7.007137375000001 0.5032638552911275
v 0.6014774455599765 7.007137375000001 0.4924849615639501
v 0.610270808090476 7.007137375000001 0.4815455281451562
v 0.6188652352321218 7.007137375000001 0.4704491210588991
v 0.6272579253832606 7.007137375000001 0.4591993574994285
v 0.6354461427042344 7.007137375000001 0.447799904651966
v 0.6434272180092072 7.007137375000001 0.4362544784972783
v 0.6511985496362649 7.007137375000001 0.42456684260034383
v 0.6587576042954991 7.007137375000001 0.4127408068835145
v 0.6661019178948082 7.007137375000001 0.4007802263845588
v 0.6732290963431392 7.007137375000001 0.38868900000000034
v 0.6713299026326399 7.007137375000001 0.38759250000000034
v 0.6782181357942684 7.007137375000001 0.37540903625878186
v 0.68488528417389 7.007137375000001 0.36310319710386724
v 0.6913291744220061 7.007137375000001 0.35067899397880614
v 0.6975477059665499 7.007137375000001 0.3381404769113035
v 0.703538851697631 7.007137375000001 0.32549173319299335
v 0.7093006586283297 7.007137375000001 0.3127368860470697
v 0.7148312485313293 7.007137375000001 0.2998800932842007
v 0.7201288185511794 7.007137375000001 0.28692554594717157
v 0.725191641791987 7.007137375000001 0.2738774669446946
v 0.7300180678803493 7.007137375000001 0.2607401096748287
v 0.7346065235033408 7.007137375000001 0.24751775663845954
v 0.7389555129213788 7.007137375000001 0.23421471804329885
v 0.743063618455804 7.007137375000001 0.22083533039884562
v 0.7469295009510137 7.007137375000001 0.20738395510277444
v 0.750551900210998 7.007137375000001 0.19386497701921326
v 0.7539296354101366 7.007137375000001 0.18028280304937164
v 0.7570616054781237 7.007137375000001 0.1666418606949822
v 0.7599467894588933 7.007137375000001 0.15294659661502985
v 0.7625842468434296 7.007137375000001 0.13920147517623283
v 0.7649731178763529 7.007137375000001 0.12541097699775494
v 0.7671126238361816 7.007137375000001 0.11157959749062044
v 0.7690020672891792 7.007137375000001 0.09771184539230013
v 0.7706408323167022 7.007137375000001 0.08381224129696313
v 0.772028384715978 7.007137375000001 0.06988531618185582
v 0.7731642721742419 7.007137375000001 0.0559356099303005
v 0.7740481244161834 7.007137375000001 0.041967669851787216
v 0.7746796533246468 7.007137375000001 0.027986049199648304
v 0.7750586530345515 7.007137375000001 0.01399530568679613
v 0.775185 7.007137375000001 1.4239917434955616e-16
v 0.769441 7.007137375000001 1.413440186674108e-16
v 0.7693155892458682 7.007137375000001 -0.013891602653500628
v 0.7689393978647284 7.007137375000001 -0.027778676938055948
v 0.7683125484870226 7.007137375000001 -0.0416566959608723
v 0.7674352454524028 7.007137375000001 -0.05552113578098149
v 0.7663077747431217 7.007137375000001 -0.06936747688394854
v 0.7649305038908076 7.007137375000001 -0.08319120565513573
v 0.7633038818566579 7.007137375000001 -0.09698781585105051
v 0.7614284388850862 7.007137375000001 -0.11075281006828082
v 0.7593047863308744 7.007137375000001 -0.12448170120955626
v 0.7569336164598842 7.007137375000001 -0.13817001394644574
v 0.7543157022233923 7.007137375000001 -0.15181328617822193
v 0.7514518970061249 7.007137375000001 -0.16540707048641048
v 0.748343134348073 7.007137375000001 -0.17894693558455255
v 0.7449904276401771 7.007137375000001 -0.19242846776271502
v 0.7413948697939834 7.007137375000001 -0.20584727232626232
v 0.7375576328853786 7.007137375000001 -0.2191989750284364
v 0.7334799677725169 7.007137375000001 -0.23247922349626762
v 0.7291632036880666 7.007137375000001 -0.24568368864935886
v 0.7246087478059094 7.007137375000001 -0.2588080661110698
v 0.7198180847824305 7.007137375000001 -0.2718480776116573
v 0.7147927762725519 7.007137375000001 -0.2847994723828989
v 0.7095344604206669 7.007137375000001 -0.29765802854375206
v 0.7040448513266387 7.007137375000001 -0.3104195544766006
v 0.6983257384870409 7.007137375000001 -0.32307989019363154
v 0.6923789862118178 7.007137375000001 -0.33563490869290624
v 0.6862065330165611 7.007137375000001 -0.34808051730367123
v 0.6798103909905926 7.007137375000001 -0.3604126590204868
v 0.6731926451410668 7.007137375000001 -0.37262731382572317
v 0.6663554527133023 7.007137375000001 -0.38472050000000013
v 0.6678337580775623 7.007137375000001 -0.3855740000000001
v 0.6607636976872838 7.007137375000001 -0.3975683258543462
v 0.6534782422930226 7.007137375000001 -0.4094330528347968
v 0.6459797667992999 7.007137375000001 -0.4211643132910504
v 0.6382707155506899 7.007137375000001 -0.43275828308007025
v 0.6303536015350126 7.007137375000001 -0.4442111828126781
v 0.6222310055641538 7.007137375000001 -0.455519279085553
v 0.6139055754327757 7.007137375000001 -0.4666788856982416
v 0.6053800250551907 7.007137375000001 -0.4776863648547826
v 0.5966571335806838 7.007137375000001 -0.48853812834955046
v 0.5877397444875664 7.007137375000001 -0.4992306387369369
v 0.5786307646562655 7.007137375000001 -0.50976041048448
v 0.5693331634217395 7.007137375000001 -0.5201240111090766
v 0.5598499716055386 7.007137375000001 -0.5303180622958995
v 0.5501842805278225 7.007137375000001 -0.5403392409996538
v 0.5403392409996537 7.007137375000001 -0.550184280527823
v 0.5303180622958996 7.007137375000001 -0.5598499716055385
v 0.5201240111090768 7.007137375000001 -0.5693331634217391
v 0.5097604104844797 7.007137375000001 -0.5786307646562656
v 0.4992306387369372 7.007137375000001 -0.5877397444875662
v 0.4885381283495506 7.007137375000001 -0.5966571335806837
v 0.47768636485478233 7.007137375000001 -0.6053800250551911
v 0.4666788856982419 7.007137375000001 -0.6139055754327755
v 0.45551927908555334 7.007137375000001 -0.6222310055641536
v 0.44421118281267835 7.007137375000001 -0.6303536015350124
v 0.4327582830800701 7.007137375000001 -0.6382707155506901
v 0.42116431329105064 7.007137375000001 -0.6459797667992998
v 0.40943305283479714 7.007137375000001 -0.6534782422930225
v 0.3975683258543459 7.007137375000001 -0.6607636976872842
v 0.3855740000000003 7.007137375000001 -0.6678337580775621
v 0.38682650000000035 7.007137375000001 -0.6700031517140422
v 0.37466711446779216 7.007137375000001 -0.6768777716437278
v 0.3623855953727146 7.007137375000001 -0.683531743721799
v 0.3499859462304933 7.007137375000001 -0.6899628988939525
v 0.33747220906475384 7.007137375000001 -0.6961691407394867
v 0.3248484630894037 7.007137375000001 -0.7021484461546948
v 0.31211882337890134 7.007137375000001 -0.7078988660123494
v 0.2992874395268249 7.007137375000001 -0.7134185257970789
v 0.2863584942931909 7.007137375000001 -0.7187056262164202
v 0.27333620224096683 7.007137375000001 -0.7237584437873491
v 0.26022480836221 7.007137375000001 -0.7285753313980998
v 0.2470285866942919 7.007137375000001 -0.7331547188450886
v 0.233751838926647 7.007137375000001 -0.7374951133447673
v 0.22039889299852053 7.007137375000001 -0.7415951000202379
v 0.20697410168814775 7.007137375000001 -0.7454533423624743
v 0.19348184119383816 7.007137375000001 -0.7490685826659951
v 0.17992650970743182 7.007137375000001 -0.752439642438848
v 0.166312525980579 7.007137375000001 -0.7555654227867757
v 0.15264432788432145 7.007137375000001 -0.7584449047714302
v 0.13892637096243876 7.007137375000001 -0.7610771497425257
v 0.12516312697903617 7.007137375000001 -0.7634612996438195
v 0.11135908246084614 7.007137375000001 -0.7655965772928184
v 0.09751873723471072 7.007137375000001 -0.7674822866341264
v 0.0836466029607377 7.007137375000001 -0.7691178129663417
v 0.06974720166159219 7.007137375000001 -0.7705026231424377
v 0.05582506424841401 7.007137375000001 -0.7716362657435565
v 0.0418847290438344 7.007137375000001 -0.7725183712261634
v 0.027930740302580085 7.007137375000001 -0.7731486520425097
v 0.013967646730144318 7.007137375000001 -0.7735269027343663
v -0.0 7.007137375000001 -0.773653
v 0.0 6.0061177500000005 0.0
v 0.0 7.007137375000001 0.0
v -0.0 7.007137375000001 -0.421601
v -0.007611647378185533 7.007137375000001 -0.42153228349106325
v -0.015220813520154426 7.007137375000001 -0.42132615636438314
v -0.02282501799852062 7.007137375000001 -0.4209826858130477
v -0.030421782003295546 7.007137375000001 -0.42050198380119913
v -0.038008629149927815 7.007137375000001 -0.4198842070275366
v -0.04558308628655228 7.007137375000001 -0.41912955687423514
v -0.05314268430018522 7.007137375000001 -0.4182382793412994
v -0.0606849589216031 7.007137375000001 -0.41721066496637327
v -0.06820745152864217 7.007137375000001 -0.41604704873003
v -0.0757077099476574 7.007137375000001 -0.4147478099465763
v -0.0831832892528793 7.007137375000001 -0.4133133721404037
v -0.09063175256340798 7.007137375000001 -0.4117442029079283
v -0.09805067183758485 7.007137375000001 -0.4100408137651644
v -0.10543762866448303 7.007137375000001 -0.40820375998098135
v -0.11279021505225804 7.007137375000001 -0.40623364039609694
v -0.1201060342131023 7.007137375000001 -0.4041310972278687
v -0.1273827013445474 7.007137375000001 -0.40189681586094433
v -0.1346178444068593 7.007137375000001 -0.39953152462384073
v -0.141809104896273 7.007137375000001 -0.39703599455152405
v -0.14895413861381512 7.007137375000001 -0.39441103913406933
v -0.15605061642946325 7.007137375000001 -0.3916575140514791
v -0.1630962250413929 7.007137375000001 -0.3887763168947503
v -0.17008866773006528 7.007137375000001 -0.38576838687327847
v -0.17702566510690912 7.007137375000001 -0.3826347045086951
v -0.18390495585735342 7.007137375000001 -0.37937629131523876
v -0.19072429747796796 7.007137375000001 -0.3759942094667624
v -0.19748146700747224 7.007137375000001 -0.3724895614504877
v -0.20417426175137376 7.007137375000001 -0.3688634897076173
v -0.2108005 7.007137375000001 -0.36511717626092305
v -0.211345 7.007137375000001 -0.3660602779256444
v -0.21791945989015532 7.007137375000001 -0.36218495979427834
v -0.22442288264086827 7.007137375000001 -0.3581915770187276
v -0.2308531482737348 7.007137375000001 -0.3540814313573998
v -0.23720816065802536 7.007137375000001 -0.34985586263093604
v -0.24348584819397975 7.007137375000001 -0.34551624828545796
v -0.24968416448810413 7.007137375000001 -0.3410640029435492
v -0.25580108902025256 7.007137375000001 -0.33650057794311855
v -0.2618346278022739 7.007137375000001 -0.33182746086429415
v -0.2677828140280095 7.007137375000001 -0.32704617504450423
v -0.2736437087144307 7.007137375000001 -0.32215827908190064
v -0.27941540133370624 7.007137375000001 -0.31716536632728975
v -0.2850960104359939 7.007137375000001 -0.3120690643647327
v -0.2906836842627535 7.007137375000001 -0.3068710344809882
v -0.29617660135038115 7.007137375000001 -0.30157297112396764
v -0.30157297112396764 7.007137375000001 -0.2961766013503811
v -0.3068710344809881 7.007137375000001 -0.2906836842627535
v -0.31206906436473275 7.007137375000001 -0.28509601043599386
v -0.3171653663272897 7.007137375000001 -0.27941540133370624
v -0.3221582790819007 7.007137375000001 -0.2736437087144308
v -0.3270461750445042 7.007137375000001 -0.2677828140280095
v -0.33182746086429415 7.007137375000001 -0.26183462780227396
v -0.3365005779431185 7.007137375000001 -0.2558010890202526
v -0.34106400294354927 7.007137375000001 -0.24968416448810413
v -0.34551624828545796 7.007137375000001 -0.24348584819397975
v -0.3498558626309361 7.007137375000001 -0.2372081606580254
v -0.35408143135739983 7.007137375000001 -0.23085314827373474
v -0.35819157701872767 7.007137375000001 -0.22442288264086827
v -0.36218495979427834 7.007137375000001 -0.21791945989015526
v -0.3660602779256444 7.007137375000001 -0.21134500000000006
v -0.36315649474675515 7.007137375000001 -0.20966850000000006
v -0.3668826904668706 7.007137375000001 -0.20307784469210416
v -0.37048929018186194 7.007137375000001 -0.19642099029772792
v -0.3739751182164268 7.007137375000001 -0.18970010681074906
v -0.37733903826427906 7.007137375000001 -0.1829173850971772
v -0.3805799537585602 7.007137375000001 -0.1760750361809767
v -0.38369680822929736 7.007137375000001 -0.16917529052332028
v -0.38668858564779 7.007137375000001 -0.1622203972955059
v -0.38955431075781394 7.007137375000001 -0.15521262364577368
v -0.3922930493935337 7.007137375000001 -0.14815425396026433
v -0.394903908784022 7.007137375000001 -0.14104758911835705
v -0.39738603784428284 7.007137375000001 -0.13389494574263142
v -0.39973862745268834 7.007137375000001 -0.12669865544369782
v -0.40196091071473455 7.007137375000001 -0.11946106406014137
v -0.4040521632130334 7.007137375000001 -0.11218453089382795
v -0.4060117032434571 7.007137375000001 -0.10487142794082159
v -0.4078388920373594 7.007137375000001 -0.09752413911816464
v -0.40953313396980057 7.007137375000001 -0.09014505948677015
v -0.411093876753709 7.007137375000001 -0.08273659447068353
v -0.41252061161991427 7.007137375000001 -0.07530115907296421
v -0.41381287348299595 7.007137375000001 -0.06784117708844677
v -0.41497024109289127 7.007137375000001 -0.06035908031363376
v -0.4159923371722138 7.007137375000001 -0.0528573077539825
v -0.4168788285392377 7.007137375000001 -0.045338304828840416
v -0.41762942621650834 7.007137375000001 -0.037804522574290074
v -0.41824388552504255 7.007137375000001 -0.03025841684416295
v -0.4187220061640887 7.007137375000001 -0.02270244750948317
v -0.41906363227642096 7.007137375000001 -0.015139077656601913
v -0.41926865249914497 7.007137375000001 -0.0075707727842822614
v -0.419337 7.007137375000001 -2.5676985740702684e-17
v -0.417011 7.007137375000001 -2.5534559317961848e-17
v -0.4169430316125716 7.007137375000001 0.007528778833125407
v -0.4167391486065446 7.007137375000001 0.015055103443429028
v -0.41639941744347103 7.007137375000001 0.022576520408113532
v -0.4159239488685318 7.007137375000001 0.03009057790417076
v -0.41531289787443604 7.007137375000001 0.03759482650762336
v -0.41456646365089667 7.007137375000001 0.04508681999198637
v -0.41368488951969906 7.007137375000001 0.05256411612568406
v -0.4126684628553829 7.007137375000001 0.060024277468166916
v -0.41151751499156436 7.007137375000001 0.06746487216446498
v -0.41023242111292846 7.007137375000001 0.07488347473792177
v -0.40881360013292634 7.007137375000001 0.08227766688084816
v -0.40726151455721904 7.007137375000001 0.08964503824283937
v -0.4055766703329095 7.007137375000001 0.09698318721649876
v -0.4037596166836156 7.007137375000001 0.10428972172031073
v -0.4018109459304337 7.007137375000001 0.11156225997840893
v -0.39973129329885554 7.007137375000001 0.1187984312969846
v -0.39752133671169726 7.007137375000001 0.12599587683708313
v -0.39518179656811164 7.007137375000001 0.13315225038353506
v -0.3927134355087526 7.007137375000001 0.1402652191097737
v -0.39011705816717085 7.007137375000001 0.14733246433828584
v -0.38739351090752006 7.007137375000001 0.154351682296453
v -0.3845436815486603 7.007137375000001 0.16132058486753184
v -0.3815684990747477 7.007137375000001 0.16823690033653207
v -0.37846893333240544 7.007137375000001 0.17509837413074752
v -0.3752459947145738 7.007137375000001 0.18190276955469936
v -0.3719007338311438 7.007137375000001 0.18864786851925133
v -0.3684342411664805 7.007137375000001 0.19533147226466016
v -0.364847646723948 7.007137375000001 0.2019514020773247
v -0.3611421196575526 7.007137375000001 0.20850549999999993
v -0.3632534895919791 7.007137375000001 0.20972449999999992
v -0.3594078856863192 7.007137375000001 0.21624854983904446
v -0.35544512240395626 7.007137375000001 0.22270210722001837
v -0.3513664915219901 7.007137375000001 0.22908306841957413
v -0.34717332258790967 7.007137375000001 0.23538935337918593
v -0.3428669824861887 7.007137375000001 0.2416189063832042
v -0.3384488749927104 7.007137375000001 0.24776969672897592
v -0.3339204403171666 7.007137375000001 0.2538397193888095
v -0.32928315463357855 7.007137375000001 0.2598269956635738
v -0.3245385295990968 7.007137375000001 0.2657295738277096
v -0.319688111861232 7.007137375000001 0.2715455297654529
v -0.3147334825536809 7.007137375000001 0.27727296759805464
v -0.30967625678090976 7.007137375000001 0.28291002030179857
v -0.3045180830916654 7.007137375000001 0.2884548503166095
v -0.29926064294158167 7.007137375000001 0.29390565014506137
v -0.2939056501450614 7.007137375000001 0.29926064294158156
v -0.28845485031660956 7.007137375000001 0.3045180830916654
v -0.2829100203017985 7.007137375000001 0.3096762567809098
v -0.27727296759805475 7.007137375000001 0.31473348255368083
v -0.2715455297654527 7.007137375000001 0.319688111861232
v -0.2657295738277097 7.007137375000001 0.3245385295990967
v -0.2598269956635739 7.007137375000001 0.32928315463357855
v -0.25383971938880956 7.007137375000001 0.33392044031716656
v -0.24776969672897584 7.007137375000001 0.3384488749927105
v -0.24161890638320413 7.007137375000001 0.3428669824861887
v -0.23538935337918598 7.007137375000001 0.34717332258790956
v -0.229083068419574 7.007137375000001 0.3513664915219901
v -0.2227021072200183 7.007137375000001 0.35544512240395626
v -0.21624854983904468 7.007137375000001 0.3594078856863191
v -0.2097245 7.007137375000001 0.36325348959197906
v -0.207203 7.007137375000001 0.3588861234806941
v -0.20068984446274987 7.007137375000001 0.3625685027212337
v -0.19411126827663724 7.007137375000001 0.36613269229069856
v -0.18746941591849833 7.007137375000001 0.3695775303385977
v -0.180766452491864 7.007137375000001 0.37290189392051454
v -0.17400456302118295 7.007137375000001 0.37610469936416263
v -0.1671859517395487 7.007137375000001 0.3791849026226404
v -0.16031284137016624 7.007137375000001 0.38214149961476823
v -0.15338747240179257 7.007137375000001 0.38497352655239725
v -0.14641210235838298 7.007137375000001 0.38768006025458474
v -0.13938900506318755 7.007137375000001 0.3902602184485304
v -0.132320469897531 7.007137375000001 0.3927131600571804
v -0.1252088010545243 7.007137375000001 0.39503808547339914
v -0.11805631678794626 7.007137375000001 0.3972342368206246
v -0.1108653486565403 7.007137375000001 0.39930089819992115
v -0.10363824076397771 7.007137375000001 0.4012373959233459
v -0.09637734899472757 7.007137375000001 0.4030430987335579
v -0.08908504024608975 7.007137375000001 0.4047174180095942
v -0.08176369165663445 7.007137375000001 0.406259807958748
v -0.07441568983130707 7.007137375000001 0.4076697657944855
v -0.0670434300634452 7.007137375000001 0.4089468319003437
v -0.059649315553961815 7.007137375000001 0.41009058997975545
v -0.05223575662795527 7.007137375000001 0.41110066719175364
v -0.04480516994899189 7.007137375000001 0.41197673427250947
v -0.03735997773132641 7.007137375000001 0.4127185056426653
v -0.029902606950310228 7.007137375000001 0.4133257395004275
v -0.022435488551248505 7.007137375000001 0.41379823790038883
v -0.014961056656965028 7.007137375000001 0.41413584681805443
v -0.0074817477743277724 7.007137375000001 0.41433845620005066
v -5.0750098144745804e-17 7.007137375000001 0.414406
v -5.076258954209711e-17 7.007137375000001 0.414508
v 0.007483589297551413 7.007137375000001 0.41444043957512827
v 0.014964739103114378 7.007137375000001 0.41423778032378417
v 0.022441010719924114 7.007137375000001 0.41390008830860164
v 0.02990996704140179 7.007137375000001 0.41342747361004234
v 0.03736917334559993 7.007137375000001 0.412820090290512
v 0.04481619808887122 7.007137375000001 0.41207813634413926
v 0.05224861369849964 7.007137375000001 0.41120185363223366
v 0.059663997364038254 7.007137375000001 0.4101915278044441
v 0.06705993182709347 7.007137375000001 0.40904748820564296
v 0.07443400616930111 7.007137375000001 0.40777010776856665
v 0.08178381659823505 7.007137375000001 0.4063598028922475
v 0.08910696723099115 7.007137375000001 0.4048170333062766
v 0.09640107087519621 7.007137375000001 0.40314230192094125
v 0.10366374980718143 7.007137375000001 0.40133615466328737
v 0.11089263654707035 7.007137375000001 0.399399180299158
v 0.11808537463052655 7.007137375000001 0.39733201024126935
v 0.1252396193769123 7.007137375000001 0.3951353183433824
v 0.1323530386536048 7.007137375000001 0.3928098206806411
v 0.13942331363622076 7.007137375000001 0.3903562753161476
v 0.14644813956450592 7.007137375000001 0.38777548205384904
v 0.15342522649363713 7.007137375000001 0.3850682821778186
v 0.16035230004069656 7.007137375000001 0.38223555817801463
v 0.1672271021260716 7.007137375000001 0.3792782334626078
v 0.17404739170954214 7.007137375000001 0.376197272056969
v 0.18081094552081198 7.007137375000001 0.37299367828941815
v 0.18751555878424747 7.007137375000001 0.36966849646383365
v 0.19415904593758873 7.007137375000001 0.366222810519232
v 0.2007392413443953 7.007137375000001 0.36265774367642645
v 0.20725400000000005 7.007137375000001 0.35897445807188
v 0.20742500000000005 7.007137375000001 0.3592706387599743
v 0.21387751764988747 7.007137375000001 0.35546719953312433
v 0.2202603157480994 7.007137375000001 0.35154788550999355
v 0.22657131363732017 7.007137375000001 0.34751397430414094
v 0.23280845406558434 7.007137375000001 0.3433667808853861
v 0.23896970385689875 7.007137375000001 0.3391076571511562
v 0.245053054574014 7.007137375000001 0.33473799148579675
v 0.25105652317313343 7.007137375000001 0.3302592083079864
v 0.2569781526503427 7.007137375000001 0.3256727676064076
v 0.2628160126795518 7.007137375000001 0.32098016446382116
v 0.26856820024174116 7.007137375000001 0.31618292856970004
v 0.2742328402453051 7.007137375000001 0.31128262372158355
v 0.2798080861372923 7.007137375000001 0.3062808473153123
v 0.2852921205053426 7.007137375000001 0.30117922982431095
v 0.29068315567012604 7.007137375000001 0.29597943426808776
v 0.29597943426808765 7.007137375000001 0.2906831556701261
v 0.3011792298243108 7.007137375000001 0.28529212050534264
v 0.3062808473153123 7.007137375000001 0.27980808613729224
v 0.3112826237215835 7.007137375000001 0.2742328402453052
v 0.31618292856970004 7.007137375000001 0.2685682002417411
v 0.320980164463821 7.007137375000001 0.2628160126795519
v 0.3256727676064076 7.007137375000001 0.25697815265034263
v 0.3302592083079862 7.007137375000001 0.25105652317313365
v 0.3347379914857967 7.007137375000001 0.24505305457401405
v 0.33910765715115637 7.007137375000001 0.23896970385689856
v 0.343366780885386 7.007137375000001 0.23280845406558442
v 0.34751397430414094 7.007137375000001 0.2265713136373201
v 0.3515478855099936 7.007137375000001 0.22026031574809934
v 0.3554671995331244 7.007137375000001 0.21387751764988747
v 0.3592706387599743 7.007137375000001 0.2074250000000002
v 0.3659442305215372 7.007137375000001 0.2112780000000002
v 0.3696990300233916 7.007137375000001 0.20463675216285895
v 0.3733333154529335 7.007137375000001 0.19792879706834074
v 0.37684590210990304 7.007137375000001 0.19115632136807137
v 0.38023564496526824 7.007137375000001 0.18432153274603194
v 0.383501439034481 7.007137375000001 0.17742665919889894
v 0.3866422197376787 7.007137375000001 0.1704739483097655
v 0.3896569632467145 7.007137375000001 0.16346566651547528
v 0.39254468681890403 7.007137375000001 0.15640409836781285
v 0.3953044491173783 7.007137375000001 0.14929154578878898
v 0.39793535051793943 7.007137375000001 0.1421303273202615
v 0.40043653340232027 7.007137375000001 0.1349227773681391
v 0.4028071824377486 7.007137375000001 0.12767124544141614
v 0.4050465248427288 7.007137375000001 0.12037809538628147
v 0.4071538306389527 7.007137375000001 0.11304570461555363
v 0.4091284128892567 7.007137375000001 0.10567646333369542
v 0.4109696279215486 7.007137375000001 0.09827277375765821
v 0.41267687553863147 7.007137375000001 0.09083704933380923
v 0.41424959921385485 7.007137375000001 0.08337171395119945
v 0.4156872862725314 7.007137375000001 0.07587920115142609
v 0.4169894680590571 7.007137375000001 0.06836195333535006
v 0.4181557200896838 7.007137375000001 0.0608224209669261
v 0.4191856621908917 7.007137375000001 0.053263061774400655
v 0.42007895862331757 7.007137375000001 0.045686339949147045
v 0.42083531819119924 7.007137375000001 0.03809472534238958
v 0.42145449433729876 7.007137375000001 0.030490692660085084
v 0.4219362852232755 7.007137375000001 0.022876720656219866
v 0.42228053379548036 7.007137375000001 0.015255291324789035
v 0.42248712783615255 7.007137375000001 0.0076288890907200545
v 0.422556 7.007137375000001 7.762227792907635e-17
v 0.411731 7.007137375000001 7.563375768896084e-17
v 0.41166389219679034 7.007137375000001 -0.007433452925082582
v 0.4114625906628871 7.007137375000001 -0.014864482701575185
v 0.4111271610183371 7.007137375000001 -0.02229066697078257
v 0.410657712606117 7.007137375000001 -0.02970958495354327
v 0.41005439845649017 7.007137375000001 -0.0371188182393517
v 0.4093174152371216 7.007137375000001 -0.044515951574707724
v 0.40844700318896915 7.007137375000001 -0.05189857365044088
v 0.4074434460479691 7.007137375000001 -0.05926427788774361
v 0.4063070709525451 7.007137375000001 -0.0666106632226666
v 0.40503824833696744 7.007137375000001 -0.07393533488881415
v 0.40363739181059954 7.007137375000001 -0.08123590519798854
v 0.4021049580230697 7.007137375000001 -0.0885099943185251
v 0.4004414465154137 7.007137375000001 -0.09575523105106616
v 0.39864739955723405 7.007137375000001 -0.10296925360152424
v 0.39672340196993217 7.007137375000001 -0.11014971035097469
v 0.3946700809360689 7.007137375000001 -0.11729426062223502
v 0.3924881057949162 7.007137375000001 -0.12440057544287575
v 0.3901781878242664 7.007137375000001 -0.1314663383044173
v 0.38774108000857105 7.007137375000001 -0.1384892459174607
v 0.3851775767934837 7.007137375000001 -0.14546700896251338
v 0.3824885138268874 7.007137375000001 -0.1523973528362582
v 0.37967476768649133 7.007137375000001 -0.15927801839302505
v 0.37673725559408494 7.007137375000001 -0.166106762681226
v 0.3736769351165429 7.007137375000001 -0.1728813596745093
v 0.3704948038536781 7.007137375000001 -0.17959960099739808
v 0.3671918991130466 7.007137375000001 -0.18625929664517207
v 0.3637692975718056 7.007137375000001 -0.19285827569776506
v 0.3602281149257403 7.007137375000001 -0.1993943870274379
v 0.35656950552557076 7.007137375000001 -0.20586550000000006
v 0.36223331166632095 7.007137375000001 -0.20913550000000006
v 0.3583985079327936 7.007137375000001 -0.2156412273952902
v 0.35444687385838375 7.007137375000001 -0.22207666030679366
v 0.350379697592304 7.007137375000001 -0.22843970091935784
v 0.34619830494808085 7.007137375000001 -0.23472827501618895
v 0.34190405897136644 7.007137375000001 -0.24094033265500486
v 0.3374983594956145 7.007137375000001 -0.24707384883627184
v 0.33298264268576533 7.007137375000001 -0.2531268241633114
v 0.32835838057008476 7.007137375000001 -0.2590972854940618
v 0.3236270805603156 7.007137375000001 -0.2649832865842806
v 0.31879028496029155 7.007137375000001 -0.2707829087219799
v 0.3138495704631807 7.007137375000001 -0.2764942613528842
v 0.30880654763751497 7.007137375000001 -0.28211548269671266
v 0.30366286040217993 7.007137375000001 -0.2876447403540801
v 0.2984201854905322 7.007137375000001 -0.29308023190381904
v 0.29308023190381893 7.007137375000001 -0.2984201854905324
v 0.2876447403540802 7.007137375000001 -0.3036628604021799
v 0.2821154826967128 7.007137375000001 -0.3088065476375148
v 0.2764942613528841 7.007137375000001 -0.31384957046318074
v 0.27078290872198 7.007137375000001 -0.3187902849602914
v 0.2649832865842807 7.007137375000001 -0.32362708056031547
v 0.2590972854940617 7.007137375000001 -0.3283583805700849
v 0.2531268241633115 7.007137375000001 -0.33298264268576516
v 0.24707384883627204 7.007137375000001 -0.33749835949561446
v 0.240940332655005 7.007137375000001 -0.34190405897136633
v 0.23472827501618887 7.007137375000001 -0.34619830494808096
v 0.22843970091935797 7.007137375000001 -0.35037969759230386
v 0.22207666030679382 7.007137375000001 -0.35444687385838364
v 0.21564122739529007 7.007137375000001 -0.35839850793279376
v 0.2091355000000002 7.007137375000001 -0.3622333116663209
v 0.2085475000000002 7.007137375000001 -0.3612148657914704
v 0.20199208186220924 7.007137375000001 -0.36492113927528314
v 0.19537081857367888 7.007137375000001 -0.36850845617821393
v 0.18868586852633878 7.007137375000001 -0.37197564711075004
v 0.18193941087265672 7.007137375000001 -0.3753215818419061
v 0.1751336448152787 7.007137375000001 -0.3785451696676578
v 0.16827078889013916 7.007137375000001 -0.38164535976648556
v 0.16135308024326284 7.007137375000001 -0.384621141541922
v 0.15438277390150165 7.007137375000001 -0.3874715449519846
v 0.1473621420374458 7.007137375000001 -0.39019564082538855
v 0.14029347322874208 7.007137375000001 -0.39279254116443735
v 0.1331790717120669 7.007137375000001 -0.39526139943449096
v 0.12602125663199112 7.007137375000001 -0.39760141083991873
v 0.118822361284992 7.007137375000001 -0.3998118125864452
v 0.11158473235884561 7.007137375000001 -0.4018918841298052
v 0.10431072916765517 7.007137375000001 -0.4038409474106262
v 0.09700272288276691 7.007137375000001 -0.40565836707546055
v 0.08966309575981685 7.007137375000001 -0.40734355068389866
v 0.08229424036216632 7.007137375000001 -0.4088959489016906
v 0.07489855878097595 7.007137375000001 -0.41031505567981863
v 0.06747846185217544 7.007137375000001 -0.4116004084194579
v 0.06003636837058295 7.007137375000001 -0.41275158812277346
v 0.05257470430142669 7.007137375000001 -0.41376821952950604
v 0.04509590198953392 7.007137375000001 -0.4146499712392976
v 0.037602399366436626 7.007137375000001 -0.4153965558197215
v 0.03009663915565795 7.007137375000001 -0.41600772989997925
v 0.022581068076434924 7.007137375000001 -0.41648329425023445
v 0.015058136046140376 7.007137375000001 -0.41682309384655725
v 0.007530295381662767 7.007137375000001 -0.41702701792145896
v -0.0 7.007137375000001 -0.417095
v -0.0 8.008157 -0.421601
v -0.007611647378185533 8.008157 -0.42153228349106325
v -0.015220813520154426 8.008157 -0.42132615636438314
v -0.02282501799852062 8.008157 -0.4209826858130477
v -0.030421782003295546 8.008157 -0.42050198380119913
v -0.038008629149927815 8.008157 -0.4198842070275366
v -0.04558308628655228 8.008157 -0.41912955687423514
v -0.05314268430018522 8.008157 -0.4182382793412994
v -0.0606849589216031 8.008157 -0.41721066496637327
v -0.06820745152864217 8.008157 -0.41604704873003
v -0.0757077099476574 8.008157 -0.4147478099465763
v -0.0831832892528793 8.008157 -0.4133133721404037
v -0.09063175256340798 8.008157 -0.4117442029079283
v -0.09805067183758485 8.008157 -0.4100408137651644
v -0.10543762866448303 8.008157 -0.40820375998098135
v -0.11279021505225804 8.008157 -0.40623364039609694
v -0.1201060342131023 8.008157 -0.4041310972278687
v -0.1273827013445474 8.008157 -0.40189681586094433
v -0.1346178444068593 8.008157 -0.39953152462384073
v -0.141809104896273 8.008157 -0.39703599455152405
v -0.14895413861381512 8.008157 -0.39441103913406933
v -0.15605061642946325 8.008157 -0.3916575140514791
v -0.1630962250413929 8.008157 -0.3887763168947503
v -0.17008866773006528 8.008157 -0.38576838687327847
v -0.17702566510690912 8.008157 -0.3826347045086951
v -0.18390495585735342 8.008157 -0.37937629131523876
v -0.19072429747796796 8.008157 -0.3759942094667624
v -0.19748146700747224 8.008157 -0.3724895614504877
v -0.20417426175137376 8.008157 -0.3688634897076173
v -0.2108005 8.008157 -0.36511717626092305
v -0.211345 8.008157 -0.3660602779256444
v -0.21791945989015532 8.008157 -0.36218495979427834
v -0.22442288264086827 8.008157 -0.3581915770187276
v -0.2308531482737348 8.008157 -0.3540814313573998
v -0.23720816065802536 8.008157 -0.34985586263093604
v -0.24348584819397975 8.008157 -0.34551624828545796
v -0.24968416448810413 8.008157 -0.3410640029435492
v -0.25580108902025256 8.008157 -0.33650057794311855
v -0.2618346278022739 8.008157 -0.33182746086429415
v -0.2677828140280095 8.008157 -0.32704617504450423
v -0.2736437087144307 8.008157 -0.32215827908190064
v -0.27941540133370624 8.008157 -0.31716536632728975
v -0.2850960104359939 8.008157 -0.3120690643647327
v -0.2906836842627535 8.008157 -0.3068710344809882
v -0.29617660135038115 8.008157 -0.30157297112396764
v -0.30157297112396764 8.008157 -0.2961766013503811
v -0.3068710344809881 8.008157 -0.2906836842627535
v -0.31206906436473275 8.008157 -0.28509601043599386
v -0.3171653663272897 8.008157 -0.27941540133370624
v -0.3221582790819007 8.008157 -0.2736437087144308
v -0.3270461750445042 8.008157 -0.2677828140280095
v -0.33182746086429415 8.008157 -0.26183462780227396
v -0.3365005779431185 8.008157 -0.2558010890202526
v -0.34106400294354927 8.008157 -0.24968416448810413
v -0.34551624828545796 8.008157 -0.24348584819397975
v -0.3498558626309361 8.008157 -0.2372081606580254
v -0.35408143135739983 8.008157 -0.23085314827373474
v -0.35819157701872767 8.008157 -0.22442288264086827
v -0.36218495979427834 8.008157 -0.21791945989015526
v -0.3660602779256444 8.008157 -0.21134500000000006
v -0.36315649474675515 8.008157 -0.20966850000000006
v -0.3668826904668706 8.008157 -0.20307784469210416
v -0.37048929018186194 8.008157 -0.19642099029772792
v -0.3739751182164268 8.008157 -0.18970010681074906
v -0.37733903826427906 8.008157 -0.1829173850971772
v -0.3805799537585602 8.008157 -0.1760750361809767
v -0.38369680822929736 8.008157 -0.16917529052332028
v -0.38668858564779 8.008157 -0.1622203972955059
v -0.38955431075781394 8.008157 -0.15521262364577368
v -0.3922930493935337 8.008157 -0.14815425396026433
v -0.394903908784022 8.008157 -0.14104758911835705
v -0.39738603784428284 8.008157 -0.13389494574263142
v -0.39973862745268834 8.008157 -0.12669865544369782
v -0.40196091071473455 8.008157 -0.11946106406014137
v -0.4040521632130334 8.008157 -0.11218453089382795
v -0.4060117032434571 8.008157 -0.10487142794082159
v -0.4078388920373594 8.008157 -0.09752413911816464
v -0.40953313396980057 8.008157 -0.09014505948677015
v -0.411093876753709 8.008157 -0.08273659447068353
v -0.41252061161991427 8.008157 -0.07530115907296421
v -0.41381287348299595 8.008157 -0.06784117708844677
v -0.41497024109289127 8.008157 -0.06035908031363376
v -0.4159923371722138 8.008157 -0.0528573077539825
v -0.4168788285392377 8.008157 -0.045338304828840416
v -0.41762942621650834 8.008157 -0.037804522574290074
v -0.41824388552504255 8.008157 -0.03025841684416295
v -0.4187220061640887 8.008157 -0.02270244750948317
v -0.41906363227642096 8.008157 -0.015139077656601913
v -0.41926865249914497 8.008157 -0.0075707727842822614
v -0.419337 8.008157 -2.5676985740702684e-17
v -0.417011 8.008157 -2.5534559317961848e-17
v -0.4169430316125716 8.008157 0.007528778833125407
v -0.4167391486065446 8.008157 0.015055103443429028
v -0.41639941744347103 8.008157 0.022576520408113532
v -0.4159239488685318 8.008157 0.03009057790417076
v -0.41531289787443604 8.008157 0.03759482650762336
v -0.41456646365089667 8.008157 0.04508681999198637
v -0.41368488951969906 8.008157 0.05256411612568406
v -0.4126684628553829 8.008157 0.060024277468166916
v -0.41151751499156436 8.008157 0.06746487216446498
v -0.41023242111292846 8.008157 0.07488347473792177
v -0.40881360013292634 8.008157 0.08227766688084816
v -0.40726151455721904 8.008157 0.08964503824283937
v -0.4055766703329095 8.008157 0.09698318721649876
v -0.4037596166836156 8.008157 0.10428972172031073
v -0.4018109459304337 8.008157 0.11156225997840893
v -0.39973129329885554 8.008157 0.1187984312969846
v -0.39752133671169726 8.008157 0.12599587683708313
v -0.39518179656811164 8.008157 0.13315225038353506
v -0.3927134355087526 8.008157 0.1402652191097737
v -0.39011705816717085 8.008157 0.14733246433828584
v -0.38739351090752006 8.008157 0.154351682296453
v -0.3845436815486603 8.008157 0.16132058486753184
v -0.3815684990747477 8.008157 0.16823690033653207
v -0.37846893333240544 8.008157 0.17509837413074752
v -0.3752459947145738 8.008157 0.18190276955469936
v -0.3719007338311438 8.008157 0.18864786851925133
v -0.3684342411664805 8.008157 0.19533147226466016
v -0.364847646723948 8.008157 0.2019514020773247
v -0.3611421196575526 8.008157 0.20850549999999993
v -0.3632534895919791 8.008157 0.20972449999999992
v -0.3594078856863192 8.008157 0.21624854983904446
v -0.35544512240395626 8.008157 0.22270210722001837
v -0.3513664915219901 8.008157 0.22908306841957413
v -0.34717332258790967 8.008157 0.23538935337918593
v -0.3428669824861887 8.008157 0.2416189063832042
v -0.3384488749927104 8.008157 0.24776969672897592
v -0.3339204403171666 8.008157 0.2538397193888095
v -0.32928315463357855 8.008157 0.2598269956635738
v -0.3245385295990968 8.008157 0.2657295738277096
v -0.319688111861232 8.008157 0.2715455297654529
v -0.3147334825536809 8.008157 0.27727296759805464
v -0.30967625678090976 8.008157 0.28291002030179857
v -0.3045180830916654 8.008157 0.2884548503166095
v -0.29926064294158167 8.008157 0.29390565014506137
v -0.2939056501450614 8.008157 0.29926064294158156
v -0.28845485031660956 8.008157 0.3045180830916654
v -0.2829100203017985 8.008157 0.3096762567809098
v -0.27727296759805475 8.008157 0.31473348255368083
v -0.2715455297654527 8.008157 0.319688111861232
v -0.2657295738277097 8.008157 0.3245385295990967
v -0.2598269956635739 8.008157 0.32928315463357855
v -0.25383971938880956 8.008157 0.33392044031716656
v -0.24776969672897584 8.008157 0.3384488749927105
v -0.24161890638320413 8.008157 0.3428669824861887
v -0.23538935337918598 8.008157 0.34717332258790956
v -0.229083068419574 8.008157 0.3513664915219901
v -0.2227021072200183 8.008157 0.35544512240395626
v -0.21624854983904468 8.008157 0.3594078856863191
v -0.2097245 8.008157 0.36325348959197906
v -0.207203 8.008157 0.3588861234806941
v -0.20068984446274987 8.008157 0.3625685027212337
v -0.19411126827663724 8.008157 0.36613269229069856
v -0.18746941591849833 8.008157 0.3695775303385977
v -0.180766452491864 8.008157 0.37290189392051454
v -0.17400456302118295 8.008157 0.37610469936416263
v -0.1671859517395487 8.008157 0.3791849026226404
v -0.16031284137016624 8.008157 0.38214149961476823
v -0.15338747240179257 8.008157 0.38497352655239725
v -0.14641210235838298 8.008157 0.38768006025458474
v -0.13938900506318755 8.008157 0.3902602184485304
v -0.132320469897531 8.008157 0.3927131600571804
v -0.1252088010545243 8.008157 0.39503808547339914
v -0.11805631678794626 8.008157 0.3972342368206246
v -0.1108653486565403 8.008157 0.39930089819992115
v -0.10363824076397771 8.008157 0.4012373959233459
v -0.09637734899472757 8.008157 0.4030430987335579
v -0.08908504024608975 8.008157 0.4047174180095942
v -0.08176369165663445 8.008157 0.406259807958748
v -0.07441568983130707 8.008157 0.4076697657944855
v -0.0670434300634452 8.008157 0.4089468319003437
v -0.059649315553961815 8.008157 0.41009058997975545
v -0.05223575662795527 8.008157 0.41110066719175364
v -0.04480516994899189 8.008157 0.41197673427250947
v -0.03735997773132641 8.008157 0.4127185056426653
v -0.029902606950310228 8.008157 0.4133257395004275
v -0.022435488551248505 8.008157 0.41379823790038883
v -0.014961056656965028 8.008157 0.41413584681805443
v -0.0074817477743277724 8.008157 0.41433845620005066
v -5.0750098144745804e-17 8.008157 0.414406
v -5.076258954209711e-17 8.008157 0.414508
v 0.007483589297551413 8.008157 0.41444043957512827
v 0.014964739103114378 8.008157 0.41423778032378417
v 0.022441010719924114 8.008157 0.41390008830860164
v 0.02990996704140179 8.008157 0.41342747361004234
v 0.03736917334559993 8.008157 0.412820090290512
v 0.04481619808887122 8.008157 0.41207813634413926
v 0.05224861369849964 8.008157 0.41120185363223366
v 0.059663997364038254 8.008157 0.4101915278044441
v 0.06705993182709347 8.008157 0.40904748820564296
v 0.07443400616930111 8.008157 0.40777010776856665
v 0.08178381659823505 8.008157 0.4063598028922475
v 0.08910696723099115 8.008157 0.4048170333062766
v 0.09640107087519621 8.008157 0.40314230192094125
v 0.10366374980718143 8.008157 0.40133615466328737
v 0.11089263654707035 8.008157 0.399399180299158
v 0.11808537463052655 8.008157 0.39733201024126935
v 0.1252396193769123 8.008157 0.3951353183433824
v 0.1323530386536048 8.008157 0.3928098206806411
v 0.13942331363622076 8.008157 0.3903562753161476
v 0.14644813956450592 8.008157 0.38777548205384904
v 0.15342522649363713 8.008157 0.3850682821778186
v 0.16035230004069656 8.008157 0.38223555817801463
v 0.1672271021260716 8.008157 0.3792782334626078
v 0.17404739170954214 8.008157 0.376197272056969
v 0.18081094552081198 8.008157 0.37299367828941815
v 0.18751555878424747 8.008157 0.36966849646383365
v 0.19415904593758873 8.008157 0.366222810519232
v 0.2007392413443953 8.008157 0.36265774367642645
v 0.20725400000000005 8.008157 0.35897445807188
v 0.20742500000000005 8.008157 0.3592706387599743
v 0.21387751764988747 8.008157 0.35546719953312433
v 0.2202603157480994 8.008157 0.35154788550999355
v 0.22657131363732017 8.008157 0.34751397430414094
v 0.23280845406558434 8.008157 0.3433667808853861
v 0.23896970385689875 8.008157 0.3391076571511562
v 0.245053054574014 8.008157 0.33473799148579675
v 0.25105652317313343 8.008157 0.3302592083079864
v 0.2569781526503427 8.008157 0.3256727676064076
v 0.2628160126795518 8.008157 0.32098016446382116
v 0.26856820024174116 8.008157 0.31618292856970004
v 0.2742328402453051 8.008157 0.31128262372158355
v 0.2798080861372923 8.008157 0.3062808473153123
v 0.2852921205053426 8.008157 0.30117922982431095
v 0.29068315567012604 8.008157 0.29597943426808776
v 0.29597943426808765 8.008157 0.2906831556701261
v 0.3011792298243108 8.008157 0.28529212050534264
v 0.3062808473153123 8.008157 0.27980808613729224
v 0.3112826237215835 8.008157 0.2742328402453052
v 0.31618292856970004 8.008157 0.2685682002417411
v 0.320980164463821 8.008157 0.2628160126795519
v 0.3256727676064076 8.008157 0.25697815265034263
v 0.3302592083079862 8.008157 0.25105652317313365
v 0.3347379914857967 8.008157 0.24505305457401405
v 0.33910765715115637 8.008157 0.23896970385689856
v 0.343366780885386 8.008157 0.23280845406558442
v 0.34751397430414094 8.008157 0.2265713136373201
v 0.3515478855099936 8.008157 0.22026031574809934
v 0.3554671995331244 8.008157 0.21387751764988747
v 0.3592706387599743 8.008157 0.2074250000000002
v 0.3659442305215372 8.008157 0.2112780000000002
v 0.3696990300233916 8.008157 0.20463675216285895
v 0.3733333154529335 8.008157 0.19792879706834074
v 0.37684590210990304 8.008157 0.19115632136807137
v 0.38023564496526824 8.008157 0.18432153274603194
v 0.383501439034481 8.008157 0.17742665919889894
v 0.3866422197376787 8.008157 0.1704739483097655
v 0.3896569632467145 8.008157 0.16346566651547528
v 0.39254468681890403 8.008157 0.15640409836781285
v 0.3953044491173783 8.008157 0.14929154578878898
v 0.39793535051793943 8.008157 0.1421303273202615
v 0.40043653340232027 8.008157 0.1349227773681391
v 0.4028071824377486 8.008157 0.12767124544141614
v 0.4050465248427288 8.008157 0.12037809538628147
v 0.4071538306389527 8.008157 0.11304570461555363
v 0.4091284128892567 8.008157 0.10567646333369542
v 0.4109696279215486 8.008157 0.09827277375765821
v 0.41267687553863147 8.008157 0.09083704933380923
v 0.41424959921385485 8.008157 0.08337171395119945
v 0.4156872862725314 8.008157 0.07587920115142609
v 0.4169894680590571 8.008157 0.06836195333535006
v 0.4181557200896838 8.008157 0.0608224209669261
v 0.4191856621908917 8.008157 0.053263061774400655
v 0.42007895862331757 8.008157 0.045686339949147045
v 0.42083531819119924 8.008157 0.03809472534238958
v 0.42145449433729876 8.008157 0.030490692660085084
v 0.4219362852232755 8.008157 0.022876720656219866
v 0.42228053379548036 8.008157 0.015255291324789035
v 0.42248712783615255 8.008157 0.0076288890907200545
v 0.422556 8.008157 7.762227792907635e-17
v 0.411731 8.008157 7.563375768896084e-17
v 0.41166389219679034 8.008157 -0.007433452925082582
v 0.4114625906628871 8.008157 -0.014864482701575185
v 0.4111271610183371 8.008157 -0.02229066697078257
v 0.410657712606117 8.008157 -0.02970958495354327
v 0.41005439845649017 8.008157 -0.0371188182393517
v 0.4093174152371216 8.008157 -0.044515951574707724
v 0.40844700318896915 8.008157 -0.05189857365044088
v 0.4074434460479691 8.008157 -0.05926427788774361
v 0.4063070709525451 8.008157 -0.0666106632226666
v 0.40503824833696744 8.008157 -0.07393533488881415
v 0.40363739181059954 8.008157 -0.08123590519798854
v 0.4021049580230697 8.008157 -0.0885099943185251
v 0.4004414465154137 8.008157 -0.09575523105106616
v 0.39864739955723405 8.008157 -0.10296925360152424
v 0.39672340196993217 8.008157 -0.11014971035097469
v 0.3946700809360689 8.008157 -0.11729426062223502
v 0.3924881057949162 8.008157 -0.12440057544287575
v 0.3901781878242664 8.008157 -0.1314663383044173
v 0.38774108000857105 8.008157 -0.1384892459174607
v 0.3851775767934837 8.008157 -0.14546700896251338
v 0.3824885138268874 8.008157 -0.1523973528362582
v 0.37967476768649133 8.008157 -0.15927801839302505
v 0.37673725559408494 8.008157 -0.166106762681226
v 0.3736769351165429 8.008157 -0.1728813596745093
v 0.3704948038536781 8.008157 -0.17959960099739808
v 0.3671918991130466 8.008157 -0.18625929664517207
v 0.3637692975718056 8.008157 -0.19285827569776506
v 0.3602281149257403 8.008157 -0.1993943870274379
v 0.35656950552557076 8.008157 -0.20586550000000006
v 0.36223331166632095 8.008157 -0.20913550000000006
v 0.3583985079327936 8.008157 -0.2156412273952902
v 0.35444687385838375 8.008157 -0.22207666030679366
v 0.350379697592304 8.008157 -0.22843970091935784
v 0.34619830494808085 8.008157 -0.23472827501618895
v 0.34190405897136644 8.008157 -0.24094033265500486
v 0.3374983594956145 8.008157 -0.24707384883627184
v 0.33298264268576533 8.008157 -0.2531268241633114
v 0.32835838057008476 8.008157 -0.2590972854940618
v 0.3236270805603156 8.008157 -0.2649832865842806
v 0.31879028496029155 8.008157 -0.2707829087219799
v 0.3138495704631807 8.008157 -0.2764942613528842
v 0.30880654763751497 8.008157 -0.28211548269671266
v 0.30366286040217993 8.008157 -0.2876447403540801
v 0.2984201854905322 8.008157 -0.29308023190381904
v 0.29308023190381893 8.008157 -0.2984201854905324
v 0.2876447403540802 8.008157 -0.3036628604021799
v 0.2821154826967128 8.008157 -0.3088065476375148
v 0.2764942613528841 8.008157 -0.31384957046318074
v 0.27078290872198 8.008157 -0.3187902849602914
v 0.2649832865842807 8.008157 -0.32362708056031547
v 0.2590972854940617 8.008157 -0.3283583805700849
v 0.2531268241633115 8.008157 -0.33298264268576516
v 0.24707384883627204 8.008157 -0.33749835949561446
v 0.240940332655005 8.008157 -0.34190405897136633
v 0.23472827501618887 8.008157 -0.34619830494808096
v 0.22843970091935797 8.008157 -0.35037969759230386
v 0.22207666030679382 8.008157 -0.35444687385838364
v 0.21564122739529007 8.008157 -0.35839850793279376
v 0.2091355000000002 8.008157 -0.3622333116663209
v 0.2085475000000002 8.008157 -0.3612148657914704
v 0.20199208186220924 8.008157 -0.36492113927528314
v 0.19537081857367888 8.008157 -0.36850845617821393
v 0.18868586852633878 8.008157 -0.37197564711075004
v 0.18193941087265672 8.008157 -0.3753215818419061
v 0.1751336448152787 8.008157 -0.3785451696676578
v 0.16827078889013916 8.008157 -0.38164535976648556
v 0.16135308024326284 8.008157 -0.384621141541922
v 0.15438277390150165 8.008157 -0.3874715449519846
v 0.1473621420374458 8.008157 -0.39019564082538855
v 0.14029347322874208 8.008157 -0.39279254116443735
v 0.1331790717120669 8.008157 -0.39526139943449096
v 0.12602125663199112 8.008157 -0.39760141083991873
v 0.118822361284992 8.008157 -0.3998118125864452
v 0.11158473235884561 8.008157 -0.4018918841298052
v 0.10431072916765517 8.008157 -0.4038409474106262
v 0.09700272288276691 8.008157 -0.40565836707546055
v 0.08966309575981685 8.008157 -0.40734355068389866
v 0.08229424036216632 8.008157 -0.4088959489016906
v 0.07489855878097595 8.008157 -0.41031505567981863
v 0.06747846185217544 8.008157 -0.4116004084194579
v 0.06003636837058295 8.008157 -0.41275158812277346
v 0.05257470430142669 8.008157 -0.41376821952950604
v 0.04509590198953392 8.008157 -0.4146499712392976
v 0.037602399366436626 8.008157 -0.4153965558197215
v 0.03009663915565795 8.008157 -0.41600772989997925
v 0.022581068076434924 8.008157 -0.41648329425023445
v 0.015058136046140376 8.008157 -0.41682309384655725
v 0.007530295381662767 8.008157 -0.41702701792145896
v -0.0 8.008157 -0.417095
v -0.0 7.007137375000001 -0.421601
v -0.007611647378185533 7.007137375000001 -0.42153228349106325
v -0.015220813520154426 7.007137375000001 -0.42132615636438314
v -0.02282501799852062 7.007137375000001 -0.4209826858130477
v -0.030421782003295546 7.007137375000001 -0.42050198380119913
v -0.038008629149927815 7.007137375000001 -0.4198842070275366
v -0.04558308628655228 7.007137375000001 -0.41912955687423514
v -0.05314268430018522 7.007137375000001 -0.4182382793412994
v -0.0606849589216031 7.007137375000001 -0.41721066496637327
v -0.06820745152864217 7.007137375000001 -0.41604704873003
v -0.0757077099476574 7.007137375000001 -0.4147478099465763
v -0.0831832892528793 7.007137375000001 -0.4133133721404037
v -0.09063175256340798 7.007137375000001 -0.4117442029079283
v -0.09805067183758485 7.007137375000001 -0.4100408137651644
v -0.10543762866448303 7.007137375000001 -0.40820375998098135
v -0.11279021505225804 7.007137375000001 -0.40623364039609694
v -0.1201060342131023 7.007137375000001 -0.4041310972278687
v -0.1273827013445474 7.007137375000001 -0.40189681586094433
v -0.1346178444068593 7.007137375000001 -0.39953152462384073
v -0.141809104896273 7.007137375000001 -0.39703599455152405
v -0.14895413861381512 7.007137375000001 -0.39441103913406933
v -0.15605061642946325 7.007137375000001 -0.3916575140514791
v -0.1630962250413929 7.007137375000001 -0.3887763168947503
v -0.17008866773006528 7.007137375000001 -0.38576838687327847
v -0.17702566510690912 7.007137375000001 -0.3826347045086951
v -0.18390495585735342 7.007137375000001 -0.37937629131523876
v -0.19072429747796796 7.007137375000001 -0.3759942094667624
v -0.19748146700747224 7.007137375000001 -0.3724895614504877
v -0.20417426175137376 7.007137375000001 -0.3688634897076173
v -0.2108005 7.007137375000001 -0.36511717626092305
v -0.211345 7.007137375000001 -0.3660602779256444
v -0.21791945989015532 7.007137375000001 -0.36218495979427834
v -0.22442288264086827 7.007137375000001 -0.3581915770187276
v -0.2308531482737348 7.007137375000001 -0.3540814313573998
v -0.23720816065802536 7.007137375000001 -0.34985586263093604
v -0.24348584819397975 7.007137375000001 -0.34551624828545796
v -0.24968416448810413 7.007137375000001 -0.3410640029435492
v -0.25580108902025256 7.007137375000001 -0.33650057794311855
v -0.2618346278022739 7.007137375000001 -0.33182746086429415
v -0.2677828140280095 7.007137375000001 -0.32704617504450423
v -0.2736437087144307 7.007137375000001 -0.32215827908190064
v -0.27941540133370624 7.007137375000001 -0.31716536632728975
v -0.2850960104359939 7.007137375000001 -0.3120690643647327
v -0.2906836842627535 7.007137375000001 -0.3068710344809882
v -0.29617660135038115 7.007137375000001 -0.30157297112396764
v -0.30157297112396764 7.007137375000001 -0.2961766013503811
v -0.3068710344809881 7.007137375000001 -0.2906836842627535
v -0.31206906436473275 7.007137375000001 -0.28509601043599386
v -0.3171653663272897 7.007137375000001 -0.27941540133370624
v -0.3221582790819007 7.007137375000001 -0.2736437087144308
v -0.3270461750445042 7.007137375000001 -0.2677828140280095
v -0.33182746086429415 7.007137375000001 -0.26183462780227396
v -0.3365005779431185 7.007137375000001 -0.2558010890202526
v -0.34106400294354927 7.007137375000001 -0.24968416448810413
v -0.34551624828545796 7.007137375000001 -0.24348584819397975
v -0.3498558626309361 7.007137375000001 -0.2372081606580254
v -0.35408143135739983 7.007137375000001 -0.23085314827373474
v -0.35819157701872767 7.007137375000001 -0.22442288264086827
v -0.36218495979427834 7.007137375000001 -0.21791945989015526
v -0.3660602779256444 7.007137375000001 -0.21134500000000006
v -0.36315649474675515 7.007137375000001 -0.20966850000000006
v -0.3668826904668706 7.007137375000001 -0.20307784469210416
v -0.37048929018186194 7.007137375000001 -0.19642099029772792
v -0.3739751182164268 7.007137375000001 -0.18970010681074906
v -0.37733903826427906 7.007137375000001 -0.1829173850971772
v -0.3805799537585602 7.007137375000001 -0.1760750361809767
v -0.38369680822929736 7.007137375000001 -0.16917529052332028
v -0.38668858564779 7.007137375000001 -0.1622203972955059
v -0.38955431075781394 7.007137375000001 -0.15521262364577368
v -0.3922930493935337 7.007137375000001 -0.14815425396026433
v -0.394903908784022 7.007137375000001 -0.14104758911835705
v -0.39738603784428284 7.007137375000001 -0.13389494574263142
v -0.39973862745268834 7.007137375000001 -0.12669865544369782
v -0.40196091071473455 7.007137375000001 -0.11946106406014137
v -0.4040521632130334 7.007137375000001 -0.11218453089382795
v -0.4060117032434571 7.007137375000001 -0.10487142794082159
v -0.4078388920373594 7.007137375000001 -0.09752413911816464
v -0.40953313396980057 7.007137375000001 -0.09014505948677015
v -0.411093876753709 7.007137375000001 -0.08273659447068353
v -0.41252061161991427 7.007137375000001 -0.07530115907296421
v -0.41381287348299595 7.007137375000001 -0.06784117708844677
v -0.41497024109289127 7.007137375000001 -0.06035908031363376
v -0.4159923371722138 7.007137375000001 -0.0528573077539825
v -0.4168788285392377 7.007137375000001 -0.045338304828840416
v -0.41762942621650834 7.007137375000001 -0.037804522574290074
v -0.41824388552504255 7.007137375000001 -0.03025841684416295
v -0.4187220061640887 7.007137375000001 -0.02270244750948317
v -0.41906363227642096 7.007137375000001 -0.015139077656601913
v -0.41926865249914497 7.007137375000001 -0.0075707727842822614
v -0.419337 7.007137375000001 -2.5676985740702684e-17
v -0.417011 7.007137375000001 -2.5534559317961848e-17
v -0.4169430316125716 7.007137375000001 0.007528778833125407
v -0.4167391486065446 7.007137375000001 0.015055103443429028
v -0.41639941744347103 7.007137375000001 0.022576520408113532
v -0.4159239488685318 7.007137375000001 0.03009057790417076
v -0.41531289787443604 7.007137375000001 0.03759482650762336
v -0.41456646365089667 7.007137375000001 0.04508681999198637
v -0.41368488951969906 7.007137375000001 0.05256411612568406
v -0.4126684628553829 7.007137375000001 0.060024277468166916
v -0.41151751499156436 7.007137375000001 0.06746487216446498
v -0.41023242111292846 7.007137375000001 0.07488347473792177
v -0.40881360013292634 7.007137375000001 0.08227766688084816
v -0.40726151455721904 7.007137375000001 0.08964503824283937
v -0.4055766703329095 7.007137375000001 0.09698318721649876
v -0.4037596166836156 7.007137375000001 0.10428972172031073
v -0.4018109459304337 7.007137375000001 0.11156225997840893
v -0.39973129329885554 7.007137375000001 0.1187984312969846
v -0.39752133671169726 7.007137375000001 0.12599587683708313
v -0.39518179656811164 7.007137375000001 0.13315225038353506
v -0.3927134355087526 7.007137375000001 0.1402652191097737
v -0.39011705816717085 7.007137375000001 0.14733246433828584
v -0.38739351090752006 7.007137375000001 0.154351682296453
v -0.3845436815486603 7.007137375000001 0.16132058486753184
v -0.3815684990747477 7.007137375000001 0.16823690033653207
v -0.37846893333240544 7.007137375000001 0.17509837413074752
v -0.3752459947145738 7.007137375000001 0.18190276955469936
v -0.3719007338311438 7.007137375000001 0.18864786851925133
v -0.3684342411664805 7.007137375000001 0.19533147226466016
v -0.364847646723948 7.007137375000001 0.2019514020773247
v -0.3611421196575526 7.007137375000001 0.20850549999999993
v -0.3632534895919791 7.007137375000001 0.20972449999999992
v -0.3594078856863192 7.007137375000001 0.21624854983904446
v -0.35544512240395626 7.007137375000001 0.22270210722001837
v -0.3513664915219901 7.007137375000001 0.22908306841957413
v -0.34717332258790967 7.007137375000001 0.23538935337918593
v -0.3428669824861887 7.007137375000001 0.2416189063832042
v -0.3384488749927104 7.007137375000001 0.24776969672897592
v -0.3339204403171666 7.007137375000001 0.2538397193888095
v -0.32928315463357855 7.007137375000001 0.2598269956635738
v -0.3245385295990968 7.007137375000001 0.2657295738277096
v -0.319688111861232 7.007137375000001 0.2715455297654529
v -0.3147334825536809 7.007137375000001 0.27727296759805464
v -0.30967625678090976 7.007137375000001 0.28291002030179857
v -0.3045180830916654 7.007137375000001 0.2884548503166095
v -0.29926064294158167 7.007137375000001 0.29390565014506137
v -0.2939056501450614 7.007137375000001 0.29926064294158156
v -0.28845485031660956 7.007137375000001 0.3045180830916654
v -0.2829100203017985 7.007137375000001 0.3096762567809098
v -0.27727296759805475 7.007137375000001 0.31473348255368083
v -0.2715455297654527 7.007137375000001 0.319688111861232
v -0.2657295738277097 7.007137375000001 0.3245385295990967
v -0.2598269956635739 7.007137375000001 0.32928315463357855
v -0.25383971938880956 7.007137375000001 0.33392044031716656
v -0.24776969672897584 7.007137375000001 0.3384488749927105
v -0.24161890638320413 7.007137375000001 0.3428669824861887
v -0.23538935337918598 7.007137375000001 0.34717332258790956
v -0.229083068419574 7.007137375000001 0.3513664915219901
v -0.2227021072200183 7.007137375000001 0.35544512240395626
v -0.21624854983904468 7.007137375000001 0.3594078856863191
v -0.2097245 7.007137375000001 0.36325348959197906
v -0.207203 7.007137375000001 0.3588861234806941
v -0.20068984446274987 7.007137375000001 0.3625685027212337
v -0.19411126827663724 7.007137375000001 0.36613269229069856
v -0.18746941591849833 7.007137375000001 0.3695775303385977
v -0.180766452491864 7.007137375000001 0.37290189392051454
v -0.17400456302118295 7.007137375000001 0.37610469936416263
v -0.1671859517395487 7.007137375000001 0.3791849026226404
v -0.16031284137016624 7.007137375000001 0.38214149961476823
v -0.15338747240179257 7.007137375000001 0.38497352655239725
v -0.14641210235838298 7.007137375000001 0.38768006025458474
v -0.13938900506318755 7.007137375000001 0.3902602184485304
v -0.132320469897531 7.007137375000001 0.3927131600571804
v -0.1252088010545243 7.007137375000001 0.39503808547339914
v -0.11805631678794626 7.007137375000001 0.3972342368206246
v -0.1108653486565403 7.007137375000001 0.39930089819992115
v -0.10363824076397771 7.007137375000001 0.4012373959233459
v -0.09637734899472757 7.007137375000001 0.4030430987335579
v -0.08908504024608975 7.007137375000001 0.4047174180095942
v -0.08176369165663445 7.007137375000001 0.406259807958748
v -0.07441568983130707 7.007137375000001 0.4076697657944855
v -0.0670434300634452 7.007137375000001 0.4089468319003437
v -0.059649315553961815 7.007137375000001 0.41009058997975545
v -0.05223575662795527 7.007137375000001 0.41110066719175364
v -0.04480516994899189 7.007137375000001 0.41197673427250947
v -0.03735997773132641 7.007137375000001 0.4127185056426653
v -0.029902606950310228 7.007137375000001 0.4133257395004275
v -0.022435488551248505 7.007137375000001 0.41379823790038883
v -0.014961056656965028 7.007137375000001 0.41413584681805443
v -0.0074817477743277724 7.007137375000001 0.41433845620005066
v -5.0750098144745804e-17 7.007137375000001 0.414406
v -5.076258954209711e-17 7.007137375000001 0.414508
v 0.007483589297551413 7.007137375000001 0.41444043957512827
v 0.014964739103114378 7.007137375000001 0.41423778032378417
v 0.022441010719924114 7.007137375000001 0.41390008830860164
v 0.02990996704140179 7.007137375000001 0.41342747361004234
v 0.03736917334559993 7.007137375000001 0.412820090290512
v 0.04481619808887122 7.007137375000001 0.41207813634413926
v 0.05224861369849964 7.007137375000001 0.41120185363223366
v 0.059663997364038254 7.007137375000001 0.4101915278044441
v 0.06705993182709347 7.007137375000001 0.40904748820564296
v 0.07443400616930111 7.007137375000001 0.40777010776856665
v 0.08178381659823505 7.007137375000001 0.4063598028922475
v 0.08910696723099115 7.007137375000001 0.4048170333062766
v 0.09640107087519621 7.007137375000001 0.40314230192094125
v 0.10366374980718143 7.007137375000001 0.40133615466328737
v 0.11089263654707035 7.007137375000001 0.399399180299158
v 0.11808537463052655 7.007137375000001 0.39733201024126935
v 0.1252396193769123 7.007137375000001 0.3951353183433824
v 0.1323530386536048 7.007137375000001 0.3928098206806411
v 0.13942331363622076 7.007137375000001 0.3903562753161476
v 0.14644813956450592 7.007137375000001 0.38777548205384904
v 0.15342522649363713 7.007137375000001 0.3850682821778186
v 0.16035230004069656 7.007137375000001 0.38223555817801463
v 0.1672271021260716 7.007137375000001 0.3792782334626078
v 0.17404739170954214 7.007137375000001 0.376197272056969
v 0.18081094552081198 7.007137375000001 0.37299367828941815
v 0.18751555878424747 7.007137375000001 0.36966849646383365
v 0.19415904593758873 7.007137375000001 0.366222810519232
v 0.2007392413443953 7.007137375000001 0.36265774367642645
v 0.20725400000000005 7.007137375000001 0.35897445807188
v 0.20742500000000005 7.007137375000001 0.3592706387599743
v 0.21387751764988747 7.007137375000001 0.35546719953312433
v 0.2202603157480994 7.007137375000001 0.35154788550999355
v 0.22657131363732017 7.007137375000001 0.34751397430414094
v 0.23280845406558434 7.007137375000001 0.3433667808853861
v 0.23896970385689875 7.007137375000001 0.3391076571511562
v 0.245053054574014 7.007137375000001 0.33473799148579675
v 0.25105652317313343 7.007137375000001 0.3302592083079864
v 0.2569781526503427 7.007137375000001 0.3256727676064076
v 0.2628160126795518 7.007137375000001 0.32098016446382116
v 0.26856820024174116 7.007137375000001 0.31618292856970004
v 0.2742328402453051 7.007137375000001 0.31128262372158355
v 0.2798080861372923 7.007137375000001 0.3062808473153123
v 0.2852921205053426 7.007137375000001 0.30117922982431095
v 0.29068315567012604 7.007137375000001 0.29597943426808776
v 0.29597943426808765 7.007137375000001 0.2906831556701261
v 0.3011792298243108 7.007137375000001 0.28529212050534264
v 0.3062808473153123 7.007137375000001 0.27980808613729224
v 0.3112826237215835 7.007137375000001 0.2742328402453052
v 0.31618292856970004 7.007137375000001 0.2685682002417411
v 0.320980164463821 7.007137375000001 0.2628160126795519
v 0.3256727676064076 7.007137375000001 0.25697815265034263
v 0.3302592083079862 7.007137375000001 0.25105652317313365
v 0.3347379914857967 7.007137375000001 0.24505305457401405
v 0.33910765715115637 7.007137375000001 0.23896970385689856
v 0.343366780885386 7.007137375000001 0.23280845406558442
v 0.34751397430414094 7.007137375000001 0.2265713136373201
v 0.3515478855099936 7.007137375000001 0.22026031574809934
v 0.3554671995331244 7.007137375000001 0.21387751764988747
v 0.3592706387599743 7.007137375000001 0.2074250000000002
v 0.3659442305215372 7.007137375000001 0.2112780000000002
v 0.3696990300233916 7.007137375000001 0.20463675216285895
v 0.3733333154529335 7.007137375000001 0.19792879706834074
v 0.37684590210990304 7.007137375000001 0.19115632136807137
v 0.38023564496526824 7.007137375000001 0.18432153274603194
v 0.383501439034481 7.007137375000001 0.17742665919889894
v 0.3866422197376787 7.007137375000001 0.1704739483097655
v 0.3896569632467145 7.007137375000001 0.16346566651547528
v 0.39254468681890403 7.007137375000001 0.15640409836781285
v 0.3953044491173783 7.007137375000001 0.14929154578878898
v 0.39793535051793943 7.007137375000001 0.1421303273202615
v 0.40043653340232027 7.007137375000001 0.1349227773681391
v 0.4028071824377486 7.007137375000001 0.12767124544141614
v 0.4050465248427288 7.007137375000001 0.12037809538628147
v 0.4071538306389527 7.007137375000001 0.11304570461555363
v 0.4091284128892567 7.007137375000001 0.10567646333369542
v 0.4109696279215486 7.007137375000001 0.09827277375765821
v 0.41267687553863147 7.007137375000001 0.09083704933380923
v 0.41424959921385485 7.007137375000001 0.08337171395119945
v 0.4156872862725314 7.007137375000001 0.07587920115142609
v 0.4169894680590571 7.007137375000001 0.06836195333535006
v 0.4181557200896838 7.007137375000001 0.0608224209669261
v 0.4191856621908917 7.007137375000001 0.053263061774400655
v 0.42007895862331757 7.007137375000001 0.045686339949147045
v 0.42083531819119924 7.007137375000001 0.03809472534238958
v 0.42145449433729876 7.007137375000001 0.030490692660085084
v 0.4219362852232755 7.007137375000001 0.022876720656219866
v 0.42228053379548036 7.007137375000001 0.015255291324789035
v 0.42248712783615255 7.007137375000001 0.0076288890907200545
v 0.422556 7.007137375000001 7.762227792907635e-17
v 0.411731 7.007137375000001 7.563375768896084e-17
v 0.41166389219679034 7.007137375000001 -0.007433452925082582
v 0.4114625906628871 7.007137375000001 -0.014864482701575185
v 0.4111271610183371 7.007137375000001 -0.02229066697078257
v 0.410657712606117 7.007137375000001 -0.02970958495354327
v 0.41005439845649017 7.007137375000001 -0.0371188182393517
v 0.4093174152371216 7.007137375000001 -0.044515951574707724
v 0.40844700318896915 7.007137375000001 -0.05189857365044088
v 0.4074434460479691 7.007137375000001 -0.05926427788774361
v 0.4063070709525451 7.007137375000001 -0.0666106632226666
v 0.40503824833696744 7.007137375000001 -0.07393533488881415
v 0.40363739181059954 7.007137375000001 -0.08123590519798854
v 0.4021049580230697 7.007137375000001 -0.0885099943185251
v 0.4004414465154137 7.007137375000001 -0.09575523105106616
v 0.39864739955723405 7.007137375000001 -0.10296925360152424
v 0.39672340196993217 7.007137375000001 -0.11014971035097469
v 0.3946700809360689 7.007137375000001 -0.11729426062223502
v 0.3924881057949162 7.007137375000001 -0.12440057544287575
v 0.3901781878242664 7.007137375000001 -0.1314663383044173
v 0.38774108000857105 7.007137375000001 -0.1384892459174607
v 0.3851775767934837 7.007137375000001 -0.14546700896251338
v 0.3824885138268874 7.007137375000001 -0.1523973528362582
v 0.37967476768649133 7.007137375000001 -0.15927801839302505
v 0.37673725559408494 7.007137375000001 -0.166106762681226
v 0.3736769351165429 7.007137375000001 -0.1728813596745093
v 0.3704948038536781 7.007137375000001 -0.17959960099739808
v 0.3671918991130466 7.007137375000001 -0.18625929664517207
v 0.3637692975718056 7.007137375000001 -0.19285827569776506
v 0.3602281149257403 7.007137375000001 -0.1993943870274379
v 0.35656950552557076 7.007137375000001 -0.20586550000000006
v 0.36223331166632095 7.007137375000001 -0.20913550000000006
v 0.3583985079327936 7.007137375000001 -0.2156412273952902
v 0.35444687385838375 7.007137375000001 -0.22207666030679366
v 0.350379697592304 7.007137375000001 -0.22843970091935784
v 0.34619830494808085 7.007137375000001 -0.23472827501618895
v 0.34190405897136644 7.007137375000001 -0.24094033265500486
v 0.3374983594956145 7.007137375000001 -0.24707384883627184
v 0.33298264268576533 7.007137375000001 -0.2531268241633114
v 0.32835838057008476 7.007137375000001 -0.2590972854940618
v 0.3236270805603156 7.007137375000001 -0.2649832865842806
v 0.31879028496029155 7.007137375000001 -0.2707829087219799
v 0.3138495704631807 7.007137375000001 -0.2764942613528842
v 0.30880654763751497 7.007137375000001 -0.28211548269671266
v 0.30366286040217993 7.007137375000001 -0.2876447403540801
v 0.2984201854905322 7.007137375000001 -0.29308023190381904
v 0.29308023190381893 7.007137375000001 -0.2984201854905324
v 0.2876447403540802 7.007137375000001 -0.3036628604021799
v 0.2821154826967128 7.007137375000001 -0.3088065476375148
v 0.2764942613528841 7.007137375000001 -0.31384957046318074
v 0.27078290872198 7.007137375000001 -0.3187902849602914
v 0.2649832865842807 7.007137375000001 -0.32362708056031547
v 0.2590972854940617 7.007137375000001 -0.3283583805700849
v 0.2531268241633115 7.007137375000001 -0.33298264268576516
v 0.24707384883627204 7.007137375000001 -0.33749835949561446
v 0.240940332655005 7.007137375000001 -0.34190405897136633
v 0.23472827501618887 7.007137375000001 -0.34619830494808096
v 0.22843970091935797 7.007137375000001 -0.35037969759230386
v 0.22207666030679382 7.007137375000001 -0.35444687385838364
v 0.21564122739529007 7.007137375000001 -0.35839850793279376
v 0.2091355000000002 7.007137375000001 -0.3622333116663209
v 0.2085475000000002 7.007137375000001 -0.3612148657914704
v 0.20199208186220924 7.007137375000001 -0.36492113927528314
v 0.19537081857367888 7.007137375000001 -0.36850845617821393
v 0.18868586852633878 7.007137375000001 -0.37197564711075004
v 0.18193941087265672 7.007137375000001 -0.3753215818419061
v 0.1751336448152787 7.007137375000001 -0.3785451696676578
v 0.16827078889013916 7.007137375000001 -0.38164535976648556
v 0.16135308024326284 7.007137375000001 -0.384621141541922
v 0.15438277390150165 7.007137375000001 -0.3874715449519846
v 0.1473621420374458 7.007137375000001 -0.39019564082538855
v 0.14029347322874208 7.007137375000001 -0.39279254116443735
v 0.1331790717120669 7.007137375000001 -0.39526139943449096
v 0.12602125663199112 7.007137375000001 -0.39760141083991873
v 0.118822361284992 7.007137375000001 -0.3998118125864452
v 0.11158473235884561 7.007137375000001 -0.4018918841298052
v 0.10431072916765517 7.007137375000001 -0.4038409474106262
v 0.09700272288276691 7.007137375000001 -0.40565836707546055
v 0.08966309575981685 7.007137375000001 -0.40734355068389866
v 0.08229424036216632 7.007137375000001 -0.4088959489016906
v 0.07489855878097595 7.007137375000001 -0.41031505567981863
v 0.06747846185217544 7.007137375000001 -0.4116004084194579
v 0.06003636837058295 7.007137375000001 -0.41275158812277346
v 0.05257470430142669 7.007137375000001 -0.41376821952950604
v 0.04509590198953392 7.007137375000001 -0.4146499712392976
v 0.037602399366436626 7.007137375000001 -0.4153965558197215
v 0.03009663915565795 7.007137375000001 -0.41600772989997925
v 0.022581068076434924 7.007137375000001 -0.41648329425023445
v 0.015058136046140376 7.007137375000001 -0.41682309384655725
v 0.007530295381662767 7.007137375000001 -0.41702701792145896
v -0.0 7.007137375000001 -0.417095
v -0.0 8.008157 -0.421601
v -0.007611647378185533 8.008157 -0.42153228349106325
v -0.015220813520154426 8.008157 -0.42132615636438314
v -0.02282501799852062 8.008157 -0.4209826858130477
v -0.030421782003295546 8.008157 -0.42050198380119913
v -0.038008629149927815 8.008157 -0.4198842070275366
v -0.04558308628655228 8.008157 -0.41912955687423514
v -0.05314268430018522 8.008157 -0.4182382793412994
v -0.0606849589216031 8.008157 -0.41721066496637327
v -0.06820745152864217 8.008157 -0.41604704873003
v -0.0757077099476574 8.008157 -0.4147478099465763
v -0.0831832892528793 8.008157 -0.4133133721404037
v -0.09063175256340798 8.008157 -0.4117442029079283
v -0.09805067183758485 8.008157 -0.4100408137651644
v -0.10543762866448303 8.008157 -0.40820375998098135
v -0.11279021505225804 8.008157 -0.40623364039609694
v -0.1201060342131023 8.008157 -0.4041310972278687
v -0.1273827013445474 8.008157 -0.40189681586094433
v -0.1346178444068593 8.008157 -0.39953152462384073
v -0.141809104896273 8.008157 -0.39703599455152405
v -0.14895413861381512 8.008157 -0.39441103913406933
v -0.15605061642946325 8.008157 -0.3916575140514791
v -0.1630962250413929 8.008157 -0.3887763168947503
v -0.17008866773006528 8.008157 -0.38576838687327847
v -0.17702566510690912 8.008157 -0.3826347045086951
v -0.18390495585735342 8.008157 -0.37937629131523876
v -0.19072429747796796 8.008157 -0.3759942094667624
v -0.19748146700747224 8.008157 -0.3724895614504877
v -0.20417426175137376 8.008157 -0.3688634897076173
v -0.2108005 8.008157 -0.36511717626092305
v -0.211345 8.008157 -0.3660602779256444
v -0.21791945989015532 8.008157 -0.36218495979427834
v -0.22442288264086827 8.008157 -0.3581915770187276
v -0.2308531482737348 8.008157 -0.3540814313573998
v -0.23720816065802536 8.008157 -0.34985586263093604
v -0.24348584819397975 8.008157 -0.34551624828545796
v -0.24968416448810413 8.008157 -0.3410640029435492
v -0.25580108902025256 8.008157 -0.33650057794311855
v -0.2618346278022739 8.008157 -0.33182746086429415
v -0.2677828140280095 8.008157 -0.32704617504450423
v -0.2736437087144307 8.008157 -0.32215827908190064
v -0.27941540133370624 8.008157 -0.31716536632728975
v -0.2850960104359939 8.008157 -0.3120690643647327
v -0.2906836842627535 8.008157 -0.3068710344809882
v -0.29617660135038115 8.008157 -0.30157297112396764
v -0.30157297112396764 8.008157 -0.2961766013503811
v -0.3068710344809881 8.008157 -0.2906836842627535
v -0.31206906436473275 8.008157 -0.28509601043599386
v -0.3171653663272897 8.008157 -0.27941540133370624
v -0.3221582790819007 8.008157 -0.2736437087144308
v -0.3270461750445042 8.008157 -0.2677828140280095
v -0.33182746086429415 8.008157 -0.26183462780227396
v -0.3365005779431185 8.008157 -0.2558010890202526
v -0.34106400294354927 8.008157 -0.24968416448810413
v -0.34551624828545796 8.008157 -0.24348584819397975
v -0.3498558626309361 8.008157 -0.2372081606580254
v -0.35408143135739983 8.008157 -0.23085314827373474
v -0.35819157701872767 8.008157 -0.22442288264086827
v -0.36218495979427834 8.008157 -0.21791945989015526
v -0.3660602779256444 8.008157 -0.21134500000000006
v -0.36315649474675515 8.008157 -0.20966850000000006
v -0.3668826904668706 8.008157 -0.20307784469210416
v -0.37048929018186194 8.008157 -0.19642099029772792
v -0.3739751182164268 8.008157 -0.18970010681074906
v -0.37733903826427906 8.008157 -0.1829173850971772
v -0.3805799537585602 8.008157 -0.1760750361809767
v -0.38369680822929736 8.008157 -0.16917529052332028
v -0.38668858564779 8.008157 -0.1622203972955059
v -0.38955431075781394 8.008157 -0.15521262364577368
v -0.3922930493935337 8.008157 -0.14815425396026433
v -0.394903908784022 8.008157 -0.14104758911835705
v -0.39738603784428284 8.008157 -0.13389494574263142
v -0.39973862745268834 8.008157 -0.12669865544369782
v -0.40196091071473455 8.008157 -0.11946106406014137
v -0.4040521632130334 8.008157 -0.11218453089382795
v -0.4060117032434571 8.008157 -0.10487142794082159
v -0.4078388920373594 8.008157 -0.09752413911816464
v -0.40953313396980057 8.008157 -0.09014505948677015
v -0.411093876753709 8.008157 -0.08273659447068353
v -0.41252061161991427 8.008157 -0.07530115907296421
v -0.41381287348299595 8.008157 -0.06784117708844677
v -0.41497024109289127 8.008157 -0.06035908031363376
v -0.4159923371722138 8.008157 -0.0528573077539825
v -0.4168788285392377 8.008157 -0.045338304828840416
v -0.41762942621650834 8.008157 -0.037804522574290074
v -0.41824388552504255 8.008157 -0.03025841684416295
v -0.4187220061640887 8.008157 -0.02270244750948317
v -0.41906363227642096 8.008157 -0.015139077656601913
v -0.41926865249914497 8.008157 -0.0075707727842822614
v -0.419337 8.008157 -2.5676985740702684e-17
v -0.417011 8.008157 -2.5534559317961848e-17
v -0.4169430316125716 8.008157 0.007528778833125407
v -0.4167391486065446 8.008157 0.015055103443429028
v -0.41639941744347103 8.008157 0.022576520408113532
v -0.4159239488685318 8.008157 0.03009057790417076
v -0.41531289787443604 8.008157 0.03759482650762336
v -0.41456646365089667 8.008157 0.04508681999198637
v -0.41368488951969906 8.008157 0.05256411612568406
v -0.4126684628553829 8.008157 0.060024277468166916
v -0.41151751499156436 8.008157 0.06746487216446498
v -0.41023242111292846 8.008157 0.07488347473792177
v -0.40881360013292634 8.008157 0.08227766688084816
v -0.40726151455721904 8.008157 0.08964503824283937
v -0.4055766703329095 8.008157 0.09698318721649876
v -0.4037596166836156 8.008157 0.10428972172031073
v -0.4018109459304337 8.008157 0.11156225997840893
v -0.39973129329885554 8.008157 0.1187984312969846
v -0.39752133671169726 8.008157 0.12599587683708313
v -0.39518179656811164 8.008157 0.13315225038353506
v -0.3927134355087526 8.008157 0.1402652191097737
v -0.39011705816717085 8.008157 0.14733246433828584
v -0.38739351090752006 8.008157 0.154351682296453
v -0.3845436815486603 8.008157 0.16132058486753184
v -0.3815684990747477 8.008157 0.16823690033653207
v -0.37846893333240544 8.008157 0.17509837413074752
v -0.3752459947145738 8.008157 0.18190276955469936
v -0.3719007338311438 8.008157 0.18864786851925133
v -0.3684342411664805 8.008157 0.19533147226466016
v -0.364847646723948 8.008157 0.2019514020773247
v -0.3611421196575526 8.008157 0.20850549999999993
v -0.3632534895919791 8.008157 0.20972449999999992
v -0.3594078856863192 8.008157 0.21624854983904446
v -0.35544512240395626 8.008157 0.22270210722001837
v -0.3513664915219901 8.008157 0.22908306841957413
v -0.34717332258790967 8.008157 0.23538935337918593
v -0.3428669824861887 8.008157 0.2416189063832042
v -0.3384488749927104 8.008157 0.24776969672897592
v -0.3339204403171666 8.008157 0.2538397193888095
v -0.32928315463357855 8.008157 0.2598269956635738
v -0.3245385295990968 8.008157 0.2657295738277096
v -0.319688111861232 8.008157 0.2715455297654529
v -0.3147334825536809 8.008157 0.27727296759805464
v -0.30967625678090976 8.008157 0.28291002030179857
v -0.3045180830916654 8.008157 0.2884548503166095
v -0.29926064294158167 8.008157 0.29390565014506137
v -0.2939056501450614 8.008157 0.29926064294158156
v -0.28845485031660956 8.008157 0.3045180830916654
v -0.2829100203017985 8.008157 0.3096762567809098
v -0.27727296759805475 8.008157 0.31473348255368083
v -0.2715455297654527 8.008157 0.319688111861232
v -0.2657295738277097 8.008157 0.3245385295990967
v -0.2598269956635739 8.008157 0.32928315463357855
v -0.25383971938880956 8.008157 0.33392044031716656
v -0.24776969672897584 8.008157 0.3384488749927105
v -0.24161890638320413 8.008157 0.3428669824861887
v -0.23538935337918598 8.008157 0.34717332258790956
v -0.229083068419574 8.008157 0.3513664915219901
v -0.2227021072200183 8.008157 0.35544512240395626
v -0.21624854983904468 8.008157 0.3594078856863191
v -0.2097245 8.008157 0.36325348959197906
v -0.207203 8.008157 0.3588861234806941
v -0.20068984446274987 8.008157 0.3625685027212337
v -0.19411126827663724 8.008157 0.36613269229069856
v -0.18746941591849833 8.008157 0.3695775303385977
v -0.180766452491864 8.008157 0.37290189392051454
v -0.17400456302118295 8.008157 0.37610469936416263
v -0.1671859517395487 8.008157 0.3791849026226404
v -0.16031284137016624 8.008157 0.38214149961476823
v -0.15338747240179257 8.008157 0.38497352655239725
v -0.14641210235838298 8.008157 0.38768006025458474
v -0.13938900506318755 8.008157 0.3902602184485304
v -0.132320469897531 8.008157 0.3927131600571804
v -0.1252088010545243 8.008157 0.39503808547339914
v -0.11805631678794626 8.008157 0.3972342368206246
v -0.1108653486565403 8.008157 0.39930089819992115
v -0.10363824076397771 8.008157 0.4012373959233459
v -0.09637734899472757 8.008157 0.4030430987335579
v -0.08908504024608975 8.008157 0.4047174180095942
v -0.08176369165663445 8.008157 0.406259807958748
v -0.07441568983130707 8.008157 0.4076697657944855
v -0.0670434300634452 8.008157 0.4089468319003437
v -0.059649315553961815 8.008157 0.41009058997975545
v -0.05223575662795527 8.008157 0.41110066719175364
v -0.04480516994899189 8.008157 0.41197673427250947
v -0.03735997773132641 8.008157 0.4127185056426653
v -0.029902606950310228 8.008157 0.4133257395004275
v -0.022435488551248505 8.008157 0.41379823790038883
v -0.014961056656965028 8.008157 0.41413584681805443
v -0.0074817477743277724 8.008157 0.41433845620005066
v -5.0750098144745804e-17 8.008157 0.414406
v -5.076258954209711e-17 8.008157 0.414508
v 0.007483589297551413 8.008157 0.41444043957512827
v 0.014964739103114378 8.008157 0.41423778032378417
v 0.022441010719924114 8.008157 0.41390008830860164
v 0.02990996704140179 8.008157 0.41342747361004234
v 0.03736917334559993 8.008157 0.412820090290512
v 0.04481619808887122 8.008157 0.41207813634413926
v 0.05224861369849964 8.008157 0.41120185363223366
v 0.059663997364038254 8.008157 0.4101915278044441
v 0.06705993182709347 8.008157 0.40904748820564296
v 0.07443400616930111 8.008157 0.40777010776856665
v 0.08178381659823505 8.008157 0.4063598028922475
v 0.08910696723099115 8.008157 0.4048170333062766
v 0.09640107087519621 8.008157 0.40314230192094125
v 0.10366374980718143 8.008157 0.40133615466328737
v 0.11089263654707035 8.008157 0.399399180299158
v 0.11808537463052655 8.008157 0.39733201024126935
v 0.1252396193769123 8.008157 0.3951353183433824
v 0.1323530386536048 8.008157 0.3928098206806411
v 0.13942331363622076 8.008157 0.3903562753161476
v 0.14644813956450592 8.008157 0.38777548205384904
v 0.15342522649363713 8.008157 0.3850682821778186
v 0.16035230004069656 8.008157 0.38223555817801463
v 0.1672271021260716 8.008157 0.3792782334626078
v 0.17404739170954214 8.008157 0.376197272056969
v 0.18081094552081198 8.008157 0.37299367828941815
v 0.18751555878424747 8.008157 0.36966849646383365
v 0.19415904593758873 8.008157 0.366222810519232
v 0.2007392413443953 8.008157 0.36265774367642645
v 0.20725400000000005 8.008157 0.35897445807188
v 0.20742500000000005 8.008157 0.3592706387599743
v 0.21387751764988747 8.008157 0.35546719953312433
v 0.2202603157480994 8.008157 0.35154788550999355
v 0.22657131363732017 8.008157 0.34751397430414094
v 0.23280845406558434 8.008157 0.3433667808853861
v 0.23896970385689875 8.008157 0.3391076571511562
v 0.245053054574014 8.008157 0.33473799148579675
v 0.25105652317313343 8.008157 0.3302592083079864
v 0.2569781526503427 8.008157 0.3256727676064076
v 0.2628160126795518 8.008157 0.32098016446382116
v 0.26856820024174116 8.008157 0.31618292856970004
v 0.2742328402453051 8.008157 0.31128262372158355
v 0.2798080861372923 8.008157 0.3062808473153123
v 0.2852921205053426 8.008157 0.30117922982431095
v 0.29068315567012604 8.008157 0.29597943426808776
v 0.29597943426808765 8.008157 0.2906831556701261
v 0.3011792298243108 8.008157 0.28529212050534264
v 0.3062808473153123 8.008157 0.27980808613729224
v 0.3112826237215835 8.008157 0.2742328402453052
v 0.31618292856970004 8.008157 0.2685682002417411
v 0.320980164463821 8.008157 0.2628160126795519
v 0.3256727676064076 8.008157 0.25697815265034263
v 0.3302592083079862 8.008157 0.25105652317313365
v 0.3347379914857967 8.008157 0.24505305457401405
v 0.33910765715115637 8.008157 0.23896970385689856
v 0.343366780885386 8.008157 0.23280845406558442
v 0.34751397430414094 8.008157 0.2265713136373201
v 0.3515478855099936 8.008157 0.22026031574809934
v 0.3554671995331244 8.008157 0.21387751764988747
v 0.3592706387599743 8.008157 0.2074250000000002
v 0.3659442305215372 8.008157 0.2112780000000002
v 0.3696990300233916 8.008157 0.20463675216285895
v 0.3733333154529335 8.008157 0.19792879706834074
v 0.37684590210990304 8.008157 0.19115632136807137
v 0.38023564496526824 8.008157 0.18432153274603194
v 0.383501439034481 8.008157 0.17742665919889894
v 0.3866422197376787 8.008157 0.1704739483097655
v 0.3896569632467145 8.008157 0.16346566651547528
v 0.39254468681890403 8.008157 0.15640409836781285
v 0.3953044491173783 8.008157 0.14929154578878898
v 0.39793535051793943 8.008157 0.1421303273202615
v 0.40043653340232027 8.008157 0.1349227773681391
v 0.4028071824377486 8.008157 0.12767124544141614
v 0.4050465248427288 8.008157 0.12037809538628147
v 0.4071538306389527 8.008157 0.11304570461555363
v 0.4091284128892567 8.008157 0.10567646333369542
v 0.4109696279215486 8.008157 0.09827277375765821
v 0.41267687553863147 8.008157 0.09083704933380923
v 0.41424959921385485 8.008157 0.08337171395119945
v 0.4156872862725314 8.008157 0.07587920115142609
v 0.4169894680590571 8.008157 0.06836195333535006
v 0.4181557200896838 8.008157 0.0608224209669261
v 0.4191856621908917 8.008157 0.053263061774400655
v 0.42007895862331757 8.008157 0.045686339949147045
v 0.42083531819119924 8.008157 0.03809472534238958
v 0.42145449433729876 8.008157 0.030490692660085084
v 0.4219362852232755 8.008157 0.022876720656219866
v 0.42228053379548036 8.008157 0.015255291324789035
v 0.42248712783615255 8.008157 0.0076288890907200545
v 0.422556 8.008157 7.762227792907635e-17
v 0.411731 8.008157 7.563375768896084e-17
v 0.41166389219679034 8.008157 -0.007433452925082582
v 0.4114625906628871 8.008157 -0.014864482701575185
v 0.4111271610183371 8.008157 -0.02229066697078257
v 0.410657712606117 8.008157 -0.02970958495354327
v 0.41005439845649017 8.008157 -0.0371188182393517
v 0.4093174152371216 8.008157 -0.044515951574707724
v 0.40844700318896915 8.008157 -0.05189857365044088
v 0.4074434460479691 8.008157 -0.05926427788774361
v 0.4063070709525451 8.008157 -0.0666106632226666
v 0.40503824833696744 8.008157 -0.07393533488881415
v 0.40363739181059954 8.008157 -0.08123590519798854
v 0.4021049580230697 8.008157 -0.0885099943185251
v 0.4004414465154137 8.008157 -0.09575523105106616
v 0.39864739955723405 8.008157 -0.10296925360152424
v 0.39672340196993217 8.008157 -0.11014971035097469
v 0.3946700809360689 8.008157 -0.11729426062223502
v 0.3924881057949162 8.008157 -0.12440057544287575
v 0.3901781878242664 8.008157 -0.1314663383044173
v 0.38774108000857105 8.008157 -0.1384892459174607
v 0.3851775767934837 8.008157 -0.14546700896251338
v 0.3824885138268874 8.008157 -0.1523973528362582
v 0.37967476768649133 8.008157 -0.15927801839302505
v 0.37673725559408494 8.008157 -0.166106762681226
v 0.3736769351165429 8.008157 -0.1728813596745093
v 0.3704948038536781 8.008157 -0.17959960099739808
v 0.3671918991130466 8.008157 -0.18625929664517207
v 0.3637692975718056 8.008157 -0.19285827569776506
v 0.3602281149257403 8.008157 -0.1993943870274379
v 0.35656950552557076 8.008157 -0.20586550000000006
v 0.36223331166632095 8.008157 -0.20913550000000006
v 0.3583985079327936 8.008157 -0.2156412273952902
v 0.35444687385838375 8.008157 -0.22207666030679366
v 0.350379697592304 8.008157 -0.22843970091935784
v 0.34619830494808085 8.008157 -0.23472827501618895
v 0.34190405897136644 8.008157 -0.24094033265500486
v 0.3374983594956145 8.008157 -0.24707384883627184
v 0.33298264268576533 8.008157 -0.2531268241633114
v 0.32835838057008476 8.008157 -0.2590972854940618
v 0.3236270805603156 8.008157 -0.2649832865842806
v 0.31879028496029155 8.008157 -0.2707829087219799
v 0.3138495704631807 8.008157 -0.2764942613528842
v 0.30880654763751497 8.008157 -0.28211548269671266
v 0.30366286040217993 8.008157 -0.2876447403540801
v 0.2984201854905322 8.008157 -0.29308023190381904
v 0.29308023190381893 8.008157 -0.2984201854905324
v 0.2876447403540802 8.008157 -0.3036628604021799
v 0.2821154826967128 8.008157 -0.3088065476375148
v 0.2764942613528841 8.008157 -0.31384957046318074
v 0.27078290872198 8.008157 -0.3187902849602914
v 0.2649832865842807 8.008157 -0.32362708056031547
v 0.2590972854940617 8.008157 -0.3283583805700849
v 0.2531268241633115 8.008157 -0.33298264268576516
v 0.24707384883627204 8.008157 -0.33749835949561446
v 0.240940332655005 8.008157 -0.34190405897136633
v 0.23472827501618887 8.008157 -0.34619830494808096
v 0.22843970091935797 8.008157 -0.35037969759230386
v 0.22207666030679382 8.008157 -0.35444687385838364
v 0.21564122739529007 8.008157 -0.35839850793279376
v 0.2091355000000002 8.008157 -0.3622333116663209
v 0.2085475000000002 8.008157 -0.3612148657914704
v 0.20199208186220924 8.008157 -0.36492113927528314
v 0.19537081857367888 8.008157 -0.36850845617821393
v 0.18868586852633878 8.008157 -0.37197564711075004
v 0.18193941087265672 8.008157 -0.3753215818419061
v 0.1751336448152787 8.008157 -0.3785451696676578
v 0.16827078889013916 8.008157 -0.38164535976648556
v 0.16135308024326284 8.008157 -0.384621141541922
v 0.15438277390150165 8.008157 -0.3874715449519846
v 0.1473621420374458 8.008157 -0.39019564082538855
v 0.14029347322874208 8.008157 -0.39279254116443735
v 0.1331790717120669 8.008157 -0.39526139943449096
v 0.12602125663199112 8.008157 -0.39760141083991873
v 0.118822361284992 8.008157 -0.3998118125864452
v 0.11158473235884561 8.008157 -0.4018918841298052
v 0.10431072916765517 8.008157 -0.4038409474106262
v 0.09700272288276691 8.008157 -0.40565836707546055
v 0.08966309575981685 8.008157 -0.40734355068389866
v 0.08229424036216632 8.008157 -0.4088959489016906
v 0.07489855878097595 8.008157 -0.41031505567981863
v 0.06747846185217544 8.008157 -0.4116004084194579
v 0.06003636837058295 8.008157 -0.41275158812277346
v 0.05257470430142669 8.008157 -0.41376821952950604
v 0.04509590198953392 8.008157 -0.4146499712392976
v 0.037602399366436626 8.008157 -0.4153965558197215
v 0.03009663915565795 8.008157 -0.41600772989997925
v 0.022581068076434924 8.008157 -0.41648329425023445
v 0.015058136046140376 8.008157 -0.41682309384655725
v 0.007530295381662767 8.008157 -0.41702701792145896
v -0.0 8.008157 -0.417095
v 0.0 7.007137375000001 0.0
v 0.0 8.008157 0.0
f 1 2 361
f 362 361 2
f 721 1441 722
f 1082 1442 1081
f 2 3 362
f 363 362 3
f 722 1441 723
f 1083 1442 1082
f 3 4 363
f 364 363 4
f 723 1441 724
f 1084 1442 1083
f 4 5 364
f 365 364 5
f 724 1441 725
f 1085 1442 1084
f 5 6 365
f 366 365 6
f 725 1441 726
f 1086 1442 1085
f 6 7 366
f 367 366 7
f 726 1441 727
f 1087 1442 1086
f 7 8 367
f 368 367 8
f 727 1441 728
f 1088 1442 1087
f 8 9 368
f 369 368 9
f 728 1441 729
f 1089 1442 1088
f 9 10 369
f 370 369 10
f 729 1441 730
f 1090 1442 1089
f 10 11 370
f 371 370 11
f 730 1441 731
f 1091 1442 1090
f 11 12 371
f 372 371 12
f 731 1441 732
f 1092 1442 1091
f 12 13 372
f 373 372 13
f 732 1441 733
f 1093 1442 1092
f 13 14 373
f 374 373 14
f 733 1441 734
f 1094 1442 1093
f 14 15 374
f 375 374 15
f 734 1441 735
f 1095 1442 1094
f 15 16 375
f 376 375 16
f 735 1441 736
f 1096 1442 1095
f 16 17 376
f 377 376 17
f 736 1441 737
f 1097 1442 1096
f 17 18 377
f 378 377 18
f 737 1441 738
f 1098 1442 1097
f 18 19 378
f 379 378 19
f 738 1441 739
f 1099 1442 1098
f 19 20 379
f 380 379 20
f 739 1441 740
f 1100 1442 1099
f 20 21 380
f 381 380 21
f 740 1441 741
f 1101 1442 1100
f 21 22 381
f 382 381 22
f 741 1441 742
f 1102 1442 1101
f 22 23 382
f 383 382 23
f 742 1441 743
f 1103 1442 1102
f 23 24 383
f 384 383 24
f 743 1441 744
f 1104 1442 1103
f 24 25 384
f 385 384 25
f 744 1441 745
f 1105 1442 1104
f 25 26 385
f 386 385 26
f 745 1441 746
f 1106 1442 1105
f 26 27 386
f 387 386 27
f 746 1441 747
f 1107 1442 1106
f 27 28 387
f 388 387 28
f 747 1441 748
f 1108 1442 1107
f 28 29 388
f 389 388 29
f 748 1441 749
f 1109 1442 1108
f 29 30 389
f 390 389 30
f 749 1441 750
f 1110 1442 1109
f 30 31 390
f 391 390 31
f 750 1441 751
f 1111 1442 1110
f 31 32 391
f 392 391 32
f 751 1441 752
f 1112 1442 1111
f 32 33 392
f 393 392 33
f 752 1441 753
f 1113 1442 1112
f 33 34 393
f 394 393 34
f 753 1441 754
f 1114 1442 1113
f 34 35 394
f 395 394 35
f 754 1441 755
f 1115 1442 1114
f 35 36 395
f 396 395 36
f 755 1441 756
f 1116 1442 1115
f 36 37 396
f 397 396 37
f 756 1441 757
f 1117 1442 1116
f 37 38 397
f 398 397 38
f 757 1441 758
f 1118 1442 1117
f 38 39 398
f 399 398 39
f 758 1441 759
f 1119 1442 1118
f 39 40 399
f 400 399 40
f 759 1441 760
f 1120 1442 1119
f 40 41 400
f 401 400 41
f 760 1441 761
f 1121 1442 1120
f 41 42 401
f 402 401 42
f 761 1441 762
f 1122 1442 1121
f 42 43 402
f 403 402 43
f 762 1441 763
f 1123 1442 1122
f 43 44 403
f 404 403 44
f 763 1441 764
f 1124 1442 1123
f 44 45 404
f 405 404 45
f 764 1441 765
f 1125 1442 1124
f 45 46 405
f 406 405 46
f 765 1441 766
f 1126 1442 1125
f 46 47 406
f 407 406 47
f 766 1441 767
f 1127 1442 1126
f 47 48 407
f 408 407 48
f 767 1441 768
f 1128 1442 1127
f 48 49 408
f 409 408 49
f 768 1441 769
f 1129 1442 1128
f 49 50 409
f 410 409 50
f 769 1441 770
f 1130 1442 1129
f 50 51 410
f 411 410 51
f 770 1441 771
f 1131 1442 1130
f 51 52 411
f 412 411 52
f 771 1441 772
f 1132 1442 1131
f 52 53 412
f 413 412 53
f 772 1441 773
f 1133 1442 1132
f 53 54 413
f 414 413 54
f 773 1441 774
f 1134 1442 1133
f 54 55 414
f 415 414 55
f 774 1441 775
f 1135 1442 1134
f 55 56 415
f 416 415 56
f 775 1441 776
f 1136 1442 1135
f 56 57 416
f 417 416 57
f 776 1441 777
f 1137 1442 1136
f 57 58 417
f 418 417 58
f 777 1441 778
f 1138 1442 1137
f 58 59 418
f 419 418 59
f 778 1441 779
f 1139 1442 1138
f 59 60 419
f 420 419 60
f 779 1441 780
f 1140 1442 1139
f 60 61 420
f 421 420 61
f 780 1441 781
f 1141 1442 1140
f 61 62 421
f 422 421 62
f 781 1441 782
f 1142 1442 1141
f 62 63 422
f 423 422 63
f 782 1441 783
f 1143 1442 1142
f 63 64 423
f 424 423 64
f 783 1441 784
f 1144 1442 1143
f 64 65 424
f 425 424 65
f 784 1441 785
f 1145 1442 1144
f 65 66 425
f 426 425 66
f 785 1441 786
f 1146 1442 1145
f 66 67 426
f 427 426 67
f 786 1441 787
f 1147 1442 1146
f 67 68 427
f 428 427 68
f 787 1441 788
f 1148 1442 1147
f 68 69 428
f 429 428 69
f 788 1441 789
f 1149 1442 1148
f 69 70 429
f 430 429 70
f 789 1441 790
f 1150 1442 1149
f 70 71 430
f 431 430 71
f 790 1441 791
f 1151 1442 1150
f 71 72 431
f 432 431 72
f 791 1441 792
f 1152 1442 1151
f 72 73 432
f 433 432 73
f 792 1441 793
f 1153 1442 1152
f 73 74 433
f 434 433 74
f 793 1441 794
f 1154 1442 1153
f 74 75 434
f 435 434 75
f 794 1441 795
f 1155 1442 1154
f 75 76 435
f 436 435 76
f 795 1441 796
f 1156 1442 1155
f 76 77 436
f 437 436 77
f 796 1441 797
f 1157 1442 1156
f 77 78 437
f 438 437 78
f 797 1441 798
f 1158 1442 1157
f 78 79 438
f 439 438 79
f 798 1441 799
f 1159 1442 1158
f 79 80 439
f 440 439 80
f 799 1441 800
f 1160 1442 1159
f 80 81 440
f 441 440 81
f 800 1441 801
f 1161 1442 1160
f 81 82 441
f 442 441 82
f 801 1441 802
f 1162 1442 1161
f 82 83 442
f 443 442 83
f 802 1441 803
f 1163 1442 1162
f 83 84 443
f 444 443 84
f 803 1441 804
f 1164 1442 1163
f 84 85 444
f 445 444 85
f 804 1441 805
f 1165 1442 1164
f 85 86 445
f 446 445 86
f 805 1441 806
f 1166 1442 1165
f 86 87 446
f 447 446 87
f 806 1441 807
f 1167 1442 1166
f 87 88 447
f 448 447 88
f 807 1441 808
f 1168 1442 1167
f 88 89 448
f 449 448 89
f 808 1441 809
f 1169 1442 1168
f 89 90 449
f 450 449 90
f 809 1441 810
f 1170 1442 1169
f 90 91 450
f 451 450 91
f 810 1441 811
f 1171 1442 1170
f 91 92 451
f 452 451 92
f 811 1441 812
f 1172 1442 1171
f 92 93 452
f 453 452 93
f 812 1441 813
f 1173 1442 1172
f 93 94 453
f 454 453 94
f 813 1441 814
f 1174 1442 1173
f 94 95 454
f 455 454 95
f 814 1441 815
f 1175 1442 1174
f 95 96 455
f 456 455 96
f 815 1441 816
f 1176 1442 1175
f 96 97 456
f 457 456 97
f 816 1441 817
f 1177 1442 1176
f 97 98 457
f 458 457 98
f 817 1441 818
f 1178 1442 1177
f 98 99 458
f 459 458 99
f 818 1441 819
f 1179 1442 1178
f 99 100 459
f 460 459 100
f 819 1441 820
f 1180 1442 1179
f 100 101 460
f 461 460 101
f 820 1441 821
f 1181 1442 1180
f 101 102 461
f 462 461 102
f 821 1441 822
f 1182 1442 1181
f 102 103 462
f 463 462 103
f 822 1441 823
f 1183 1442 1182
f 103 104 463
f 464 463 104
f 823 1441 824
f 1184 1442 1183
f 104 105 464
f 465 464 105
f 824 1441 825
f 1185 1442 1184
f 105 106 465
f 466 465 106
f 825 1441 826
f 1186 1442 1185
f 106 107 466
f 467 466 107
f 826 1441 827
f 1187 1442 1186
f 107 108 467
f 468 467 108
f 827 1441 828
f 1188 1442 1187
f 108 109 468
f 469 468 109
f 828 1441 829
f 1189 1442 1188
f 109 110 469
f 470 469 110
f 829 1441 830
f 1190 1442 1189
f 110 111 470
f 471 470 111
f 830 1441 831
f 1191 1442 1190
f 111 112 471
f 472 471 112
f 831 1441 832
f 1192 1442 1191
f 112 113 472
f 473 472 113
f 832 1441 833
f 1193 1442 1192
f 113 114 473
f 474 473 114
f 833 1441 834
f 1194 1442 1193
f 114 115 474
f 475 474 115
f 834 1441 835
f 1195 1442 1194
f 115 116 475
f 476 475 116
f 835 1441 836
f 1196 1442 1195
f 116 117 476
f 477 476 117
f 836 1441 837
f 1197 1442 1196
f 117 118 477
f 478 477 118
f 837 1441 838
f 1198 1442 1197
f 118 119 478
f 479 478 119
f 838 1441 839
f 1199 1442 1198
f 119 120 479
f 480 479 120
f 839 1441 840
f 1200 1442 1199
f 120 121 480
f 481 480 121
f 840 1441 841
f 1201 1442 1200
f 121 122 481
f 482 481 122
f 841 1441 842
f 1202 1442 1201
f 122 123 482
f 483 482 123
f 842 1441 843
f 1203 1442 1202
f 123 124 483
f 484 483 124
f 843 1441 844
f 1204 1442 1203
f 124 125 484
f 485 484 125
f 844 1441 845
f 1205 1442 1204
f 125 126 485
f 486 485 126
f 845 1441 846
f 1206 1442 1205
f 126 127 486
f 487 486 127
f 846 1441 847
f 1207 1442 1206
f 127 128 487
f 488 487 128
f 847 1441 848
f 1208 1442 1207
f 128 129 488
f 489 488 129
f 848 1441 849
f 1209 1442 1208
f 129 130 489
f 490 489 130
f 849 1441 850
f 1210 1442 1209
f 130 131 490
f 491 490 131
f 850 1441 851
f 1211 1442 1210
f 131 132 491
f 492 491 132
f 851 1441 852
f 1212 1442 1211
f 132 133 492
f 493 492 133
f 852 1441 853
f 1213 1442 1212
f 133 134 493
f 494 493 134
f 853 1441 854
f 1214 1442 1213
f 134 135 494
f 495 494 135
f 854 1441 855
f 1215 1442 1214
f 135 136 495
f 496 495 136
f 855 1441 856
f 1216 1442 1215
f 136 137 496
f 497 496 137
f 856 1441 857
f 1217 1442 1216
f 137 138 497
f 498 497 138
f 857 1441 858
f 1218 1442 1217
f 138 139 498
f 499 498 139
f 858 1441 859
f 1219 1442 1218
f 139 140 499
f 500 499 140
f 859 1441 860
f 1220 1442 1219
f 140 141 500
f 501 500 141
f 860 1441 861
f 1221 1442 1220
f 141 142 501
f 502 501 142
f 861 1441 862
f 1222 1442 1221
f 142 143 502
f 503 502 143
f 862 1441 863
f 1223 1442 1222
f 143 144 503
f 504 503 144
f 863 1441 864
f 1224 1442 1223
f 144 145 504
f 505 504 145
f 864 1441 865
f 1225 1442 1224
f 145 146 505
f 506 505 146
f 865 1441 866
f 1226 1442 1225
f 146 147 506
f 507 506 147
f 866 1441 867
f 1227 1442 1226
f 147 148 507
f 508 507 148
f 867 1441 868
f 1228 1442 1227
f 148 149 508
f 509 508 149
f 868 1441 869
f 1229 1442 1228
f 149 150 509
f 510 509 150
f 869 1441 870
f 1230 1442 1229
f 150 151 510
f 511 510 151
f 870 1441 871
f 1231 1442 1230
f 151 152 511
f 512 511 152
f 871 1441 872
f 1232 1442 1231
f 152 153 512
f 513 512 153
f 872 1441 873
f 1233 1442 1232
f 153 154 513
f 514 513 154
f 873 1441 874
f 1234 1442 1233
f 154 155 514
f 515 514 155
f 874 1441 875
f 1235 1442 1234
f 155 156 515
f 516 515 156
f 875 1441 876
f 1236 1442 1235
f 156 157 516
f 517 516 157
f 876 1441 877
f 1237 1442 1236
f 157 158 517
f 518 517 158
f 877 1441 878
f 1238 1442 1237
f 158 159 518
f 519 518 159
f 878 1441 879
f 1239 1442 1238
f 159 160 519
f 520 519 160
f 879 1441 880
f 1240 1442 1239
f 160 161 520
f 521 520 161
f 880 1441 881
f 1241 1442 1240
f 161 162 521
f 522 521 162
f 881 1441 882
f 1242 1442 1241
f 162 163 522
f 523 522 163
f 882 1441 883
f 1243 1442 1242
f 163 164 523
f 524 523 164
f 883 1441 884
f 1244 1442 1243
f 164 165 524
f 525 524 165
f 884 1441 885
f 1245 1442 1244
f 165 166 525
f 526 525 166
f 885 1441 886
f 1246 1442 1245
f 166 167 526
f 527 526 167
f 886 1441 887
f 1247 1442 1246
f 167 168 527
f 528 527 168
f 887 1441 888
f 1248 1442 1247
f 168 169 528
f 529 528 169
f 888 1441 889
f 1249 1442 1248
f 169 170 529
f 530 529 170
f 889 1441 890
f 1250 1442 1249
f 170 171 530
f 531 530 171
f 890 1441 891
f 1251 1442 1250
f 171 172 531
f 532 531 172
f 891 1441 892
f 1252 1442 1251
f 172 173 532
f 533 532 173
f 892 1441 893
f 1253 1442 1252
f 173 174 533
f 534 533 174
f 893 1441 894
f 1254 1442 1253
f 174 175 534
f 535 534 175
f 894 1441 895
f 1255 1442 1254
f 175 176 535
f 536 535 176
f 895 1441 896
f 1256 1442 1255
f 176 177 536
f 537 536 177
f 896 1441 897
f 1257 1442 1256
f 177 178 537
f 538 537 178
f 897 1441 898
f 1258 1442 1257
f 178 179 538
f 539 538 179
f 898 1441 899
f 1259 1442 1258
f 179 180 539
f 540 539 180
f 899 1441 900
f 1260 1442 1259
f 180 181 540
f 541 540 181
f 900 1441 901
f 1261 1442 1260
f 181 182 541
f 542 541 182
f 901 1441 902
f 1262 1442 1261
f 182 183 542
f 543 542 183
f 902 1441 903
f 1263 1442 1262
f 183 184 543
f 544 543 184
f 903 1441 904
f 1264 1442 1263
f 184 185 544
f 545 544 185
f 904 1441 905
f 1265 1442 1264
f 185 186 545
f 546 545 186
f 905 1441 906
f 1266 1442 1265
f 186 187 546
f 547 546 187
f 906 1441 907
f 1267 1442 1266
f 187 188 547
f 548 547 188
f 907 1441 908
f 1268 1442 1267
f 188 189 548
f 549 548 189
f 908 1441 909
f 1269 1442 1268
f 189 190 549
f 550 549 190
f 909 1441 910
f 1270 1442 1269
f 190 191 550
f 551 550 191
f 910 1441 911
f 1271 1442 1270
f 191 192 551
f 552 551 192
f 911 1441 912
f 1272 1442 1271
f 192 193 552
f 553 552 193
f 912 1441 913
f 1273 1442 1272
f 193 194 553
f 554 553 194
f 913 1441 914
f 1274 1442 1273
f 194 195 554
f 555 554 195
f 914 1441 915
f 1275 1442 1274
f 195 196 555
f 556 555 196
f 915 1441 916
f 1276 1442 1275
f 196 197 556
f 557 556 197
f 916 1441 917
f 1277 1442 1276
f 197 198 557
f 558 557 198
f 917 1441 918
f 1278 1442 1277
f 198 199 558
f 559 558 199
f 918 1441 919
f 1279 1442 1278
f 199 200 559
f 560 559 200
f 919 1441 920
f 1280 1442 1279
f 200 201 560
f 561 560 201
f 920 1441 921
f 1281 1442 1280
f 201 202 561
f 562 561 202
f 921 1441 922
f 1282 1442 1281
f 202 203 562
f 563 562 203
f 922 1441 923
f 1283 1442 1282
f 203 204 563
f 564 563 204
f 923 1441 924
f 1284 1442 1283
f 204 205 564
f 565 564 205
f 924 1441 925
f 1285 1442 1284
f 205 206 565
f 566 565 206
f 925 1441 926
f 1286 1442 1285
f 206 207 566
f 567 566 207
f 926 1441 927
f 1287 1442 1286
f 207 208 567
f 568 567 208
f 927 1441 928
f 1288 1442 1287
f 208 209 568
f 569 568 209
f 928 1441 929
f 1289 1442 1288
f 209 210 569
f 570 569 210
f 929 1441 930
f 1290 1442 1289
f 210 211 570
f 571 570 211
f 930 1441 931
f 1291 1442 1290
f 211 212 571
f 572 571 212
f 931 1441 932
f 1292 1442 1291
f 212 213 572
f 573 572 213
f 932 1441 933
f 1293 1442 1292
f 213 214 573
f 574 573 214
f 933 1441 934
f 1294 1442 1293
f 214 215 574
f 575 574 215
f 934 1441 935
f 1295 1442 1294
f 215 216 575
f 576 575 216
f 935 1441 936
f 1296 1442 1295
f 216 217 576
f 577 576 217
f 936 1441 937
f 1297 1442 1296
f 217 218 577
f 578 577 218
f 937 1441 938
f 1298 1442 1297
f 218 219 578
f 579 578 219
f 938 1441 939
f 1299 1442 1298
f 219 220 579
f 580 579 220
f 939 1441 940
f 1300 1442 1299
f 220 221 580
f 581 580 221
f 940 1441 941
f 1301 1442 1300
f 221 222 581
f 582 581 222
f 941 1441 942
f 1302 1442 1301
f 222 223 582
f 583 582 223
f 942 1441 943
f 1303 1442 1302
f 223 224 583
f 584 583 224
f 943 1441 944
f 1304 1442 1303
f 224 225 584
f 585 584 225
f 944 1441 945
f 1305 1442 1304
f 225 226 585
f 586 585 226
f 945 1441 946
f 1306 1442 1305
f 226 227 586
f 587 586 227
f 946 1441 947
f 1307 1442 1306
f 227 228 587
f 588 587 228
f 947 1441 948
f 1308 1442 1307
f 228 229 588
f 589 588 229
f 948 1441 949
f 1309 1442 1308
f 229 230 589
f 590 589 230
f 949 1441 950
f 1310 1442 1309
f 230 231 590
f 591 590 231
f 950 1441 951
f 1311 1442 1310
f 231 232 591
f 592 591 232
f 951 1441 952
f 1312 1442 1311
f 232 233 592
f 593 592 233
f 952 1441 953
f 1313 1442 1312
f 233 234 593
f 594 593 234
f 953 1441 954
f 1314 1442 1313
f 234 235 594
f 595 594 235
f 954 1441 955
f 1315 1442 1314
f 235 236 595
f 596 595 236
f 955 1441 956
f 1316 1442 1315
f 236 237 596
f 597 596 237
f 956 1441 957
f 1317 1442 1316
f 237 238 597
f 598 597 238
f 957 1441 958
f 1318 1442 1317
f 238 239 598
f 599 598 239
f 958 1441 959
f 1319 1442 1318
f 239 240 599
f 600 599 240
f 959 1441 960
f 1320 1442 1319
f 240 241 600
f 601 600 241
f 960 1441 961
f 1321 1442 1320
f 241 242 601
f 602 601 242
f 961 1441 962
f 1322 1442 1321
f 242 243 602
f 603 602 243
f 962 1441 963
f 1323 1442 1322
f 243 244 603
f 604 603 244
f 963 1441 964
f 1324 1442 1323
f 244 245 604
f 605 604 245
f 964 1441 965
f 1325 1442 1324
f 245 246 605
f 606 605 246
f 965 1441 966
f 1326 1442 1325
f 246 247 606
f 607 606 247
f 966 1441 967
f 1327 1442 1326
f 247 248 607
f 608 607 248
f 967 1441 968
f 1328 1442 1327
f 248 249 608
f 609 608 249
f 968 1441 969
f 1329 1442 1328
f 249 250 609
f 610 609 250
f 969 1441 970
f 1330 1442 1329
f 250 251 610
f 611 610 251
f 970 1441 971
f 1331 1442 1330
f 251 252 611
f 612 611 252
f 971 1441 972
f 1332 1442 1331
f 252 253 612
f 613 612 253
f 972 1441 973
f 1333 1442 1332
f 253 254 613
f 614 613 254
f 973 1441 974
f 1334 1442 1333
f 254 255 614
f 615 614 255
f 974 1441 975
f 1335 1442 1334
f 255 256 615
f 616 615 256
f 975 1441 976
f 1336 1442 1335
f 256 257 616
f 617 616 257
f 976 1441 977
f 1337 1442 1336
f 257 258 617
f 618 617 258
f 977 1441 978
f 1338 1442 1337
f 258 259 618
f 619 618 259
f 978 1441 979
f 1339 1442 1338
f 259 260 619
f 620 619 260
f 979 1441 980
f 1340 1442 1339
f 260 261 620
f 621 620 261
f 980 1441 981
f 1341 1442 1340
f 261 262 621
f 622 621 262
f 981 1441 982
f 1342 1442 1341
f 262 263 622
f 623 622 263
f 982 1441 983
f 1343 1442 1342
f 263 264 623
f 624 623 264
f 983 1441 984
f 1344 1442 1343
f 264 265 624
f 625 624 265
f 984 1441 985
f 1345 1442 1344
f 265 266 625
f 626 625 266
f 985 1441 986
f 1346 1442 1345
f 266 267 626
f 627 626 267
f 986 1441 987
f 1347 1442 1346
f 267 268 627
f 628 627 268
f 987 1441 988
f 1348 1442 1347
f 268 269 628
f 629 628 269
f 988 1441 989
f 1349 1442 1348
f 269 270 629
f 630 629 270
f 989 1441 990
f 1350 1442 1349
f 270 271 630
f 631 630 271
f 990 1441 991
f 1351 1442 1350
f 271 272 631
f 632 631 272
f 991 1441 992
f 1352 1442 1351
f 272 273 632
f 633 632 273
f 992 1441 993
f 1353 1442 1352
f 273 274 633
f 634 633 274
f 993 1441 994
f 1354 1442 1353
f 274 275 634
f 635 634 275
f 994 1441 995
f 1355 1442 1354
f 275 276 635
f 636 635 276
f 995 1441 996
f 1356 1442 1355
f 276 277 636
f 637 636 277
f 996 1441 997
f 1357 1442 1356
f 277 278 637
f 638 637 278
f 997 1441 998
f 1358 1442 1357
f 278 279 638
f 639 638 279
f 998 1441 999
f 1359 1442 1358
f 279 280 639
f 640 639 280
f 999 1441 1000
f 1360 1442 1359
f 280 281 640
f 641 640 281
f 1000 1441 1001
f 1361 1442 1360
f 281 282 641
f 642 641 282
f 1001 1441 1002
f 1362 1442 1361
f 282 283 642
f 643 642 283
f 1002 1441 1003
f 1363 1442 1362
f 283 284 643
f 644 643 284
f 1003 1441 1004
f 1364 1442 1363
f 284 285 644
f 645 644 285
f 1004 1441 1005
f 1365 1442 1364
f 285 286 645
f 646 645 286
f 1005 1441 1006
f 1366 1442 1365
f 286 287 646
f 647 646 287
f 1006 1441 1007
f 1367 1442 1366
f 287 288 647
f 648 647 288
f 1007 1441 1008
f 1368 1442 1367
f 288 289 648
f 649 648 289
f 1008 1441 1009
f 1369 1442 1368
f 289 290 649
f 650 649 290
f 1009 1441 1010
f 1370 1442 1369
f 290 291 650
f 651 650 291
f 1010 1441 1011
f 1371 1442 1370
f 291 292 651
f 652 651 292
f 1011 1441 1012
f 1372 1442 1371
f 292 293 652
f 653 652 293
f 1012 1441 1013
f 1373 1442 1372
f 293 294 653
f 654 653 294
f 1013 1441 1014
f 1374 1442 1373
f 294 295 654
f 655 654 295
f 1014 1441 1015
f 1375 1442 1374
f 295 296 655
f 656 655 296
f 1015 1441 1016
f 1376 1442 1375
f 296 297 656
f 657 656 297
f 1016 1441 1017
f 1377 1442 1376
f 297 298 657
f 658 657 298
f 1017 1441 1018
f 1378 1442 1377
f 298 299 658
f 659 658 299
f 1018 1441 1019
f 1379 1442 1378
f 299 300 659
f 660 659 300
f 1019 1441 1020
f 1380 1442 1379
f 300 301 660
f 661 660 301
f 1020 1441 1021
f 1381 1442 1380
f 301 302 661
f 662 661 302
f 1021 1441 1022
f 1382 1442 1381
f 302 303 662
f 663 662 303
f 1022 1441 1023
f 1383 1442 1382
f 303 304 663
f 664 663 304
f 1023 1441 1024
f 1384 1442 1383
f 304 305 664
f 665 664 305
f 1024 1441 1025
f 1385 1442 1384
f 305 306 665
f 666 665 306
f 1025 1441 1026
f 1386 1442 1385
f 306 307 666
f 667 666 307
f 1026 1441 1027
f 1387 1442 1386
f 307 308 667
f 668 667 308
f 1027 1441 1028
f 1388 1442 1387
f 308 309 668
f 669 668 309
f 1028 1441 1029
f 1389 1442 1388
f 309 310 669
f 670 669 310
f 1029 1441 1030
f 1390 1442 1389
f 310 311 670
f 671 670 311
f 1030 1441 1031
f 1391 1442 1390
f 311 312 671
f 672 671 312
f 1031 1441 1032
f 1392 1442 1391
f 312 313 672
f 673 672 313
f 1032 1441 1033
f 1393 1442 1392
f 313 314 673
f 674 673 314
f 1033 1441 1034
f 1394 1442 1393
f 314 315 674
f 675 674 315
f 1034 1441 1035
f 1395 1442 1394
f 315 316 675
f 676 675 316
f 1035 1441 1036
f 1396 1442 1395
f 316 317 676
f 677 676 317
f 1036 1441 1037
f 1397 1442 1396
f 317 318 677
f 678 677 318
f 1037 1441 1038
f 1398 1442 1397
f 318 319 678
f 679 678 319
f 1038 1441 1039
f 1399 1442 1398
f 319 320 679
f 680 679 320
f 1039 1441 1040
f 1400 1442 1399
f 320 321 680
f 681 680 321
f 1040 1441 1041
f 1401 1442 1400
f 321 322 681
f 682 681 322
f 1041 1441 1042
f 1402 1442 1401
f 322 323 682
f 683 682 323
f 1042 1441 1043
f 1403 1442 1402
f 323 324 683
f 684 683 324
f 1043 1441 1044
f 1404 1442 1403
f 324 325 684
f 685 684 325
f 1044 1441 1045
f 1405 1442 1404
f 325 326 685
f 686 685 326
f 1045 1441 1046
f 1406 1442 1405
f 326 327 686
f 687 686 327
f 1046 1441 1047
f 1407 1442 1406
f 327 328 687
f 688 687 328
f 1047 1441 1048
f 1408 1442 1407
f 328 329 688
f 689 688 329
f 1048 1441 1049
f 1409 1442 1408
f 329 330 689
f 690 689 330
f 1049 1441 1050
f 1410 1442 1409
f 330 331 690
f 691 690 331
f 1050 1441 1051
f 1411 1442 1410
f 331 332 691
f 692 691 332
f 1051 1441 1052
f 1412 1442 1411
f 332 333 692
f 693 692 333
f 1052 1441 1053
f 1413 1442 1412
f 333 334 693
f 694 693 334
f 1053 1441 1054
f 1414 1442 1413
f 334 335 694
f 695 694 335
f 1054 1441 1055
f 1415 1442 1414
f 335 336 695
f 696 695 336
f 1055 1441 1056
f 1416 1442 1415
f 336 337 696
f 697 696 337
f 1056 1441 1057
f 1417 1442 1416
f 337 338 697
f 698 697 338
f 1057 1441 1058
f 1418 1442 1417
f 338 339 698
f 699 698 339
f 1058 1441 1059
f 1419 1442 1418
f 339 340 699
f 700 699 340
f 1059 1441 1060
f 1420 1442 1419
f 340 341 700
f 701 700 341
f 1060 1441 1061
f 1421 1442 1420
f 341 342 701
f 702 701 342
f 1061 1441 1062
f 1422 1442 1421
f 342 343 702
f 703 702 343
f 1062 1441 1063
f 1423 1442 1422
f 343 344 703
f 704 703 344
f 1063 1441 1064
f 1424 1442 1423
f 344 345 704
f 705 704 345
f 1064 1441 1065
f 1425 1442 1424
f 345 346 705
f 706 705 346
f 1065 1441 1066
f 1426 1442 1425
f 346 347 706
f 707 706 347
f 1066 1441 1067
f 1427 1442 1426
f 347 348 707
f 708 707 348
f 1067 1441 1068
f 1428 1442 1427
f 348 349 708
f 709 708 349
f 1068 1441 1069
f 1429 1442 1428
f 349 350 709
f 710 709 350
f 1069 1441 1070
f 1430 1442 1429
f 350 351 710
f 711 710 351
f 1070 1441 1071
f 1431 1442 1430
f 351 352 711
f 712 711 352
f 1071 1441 1072
f 1432 1442 1431
f 352 353 712
f 713 712 353
f 1072 1441 1073
f 1433 1442 1432
f 353 354 713
f 714 713 354
f 1073 1441 1074
f 1434 1442 1433
f 354 355 714
f 715 714 355
f 1074 1441 1075
f 1435 1442 1434
f 355 356 715
f 716 715 356
f 1075 1441 1076
f 1436 1442 1435
f 356 357 716
f 717 716 357
f 1076 1441 1077
f 1437 1442 1436
f 357 358 717
f 718 717 358
f 1077 1441 1078
f 1438 1442 1437
f 358 359 718
f 719 718 359
f 1078 1441 1079
f 1439 1442 1438
f 359 360 719
f 720 719 360
f 1079 1441 1080
f 1440 1442 1439
f 360 1 720
f 361 720 1
f 1080 1441 721
f 1081 1442 1440
f 1443 1444 1803
f 1804 1803 1444
f 2163 2883 2164
f 2524 2884 2523
f 1444 1445 1804
f 1805 1804 1445
f 2164 2883 2165
f 2525 2884 2524
f 1445 1446 1805
f 1806 1805 1446
f 2165 2883 2166
f 2526 2884 2525
f 1446 1447 1806
f 1807 1806 1447
f 2166 2883 2167
f 2527 2884 2526
f 1447 1448 1807
f 1808 1807 1448
f 2167 2883 2168
f 2528 2884 2527
f 1448 1449 1808
f 1809 1808 1449
f 2168 2883 2169
f 2529 2884 2528
f 1449 1450 1809
f 1810 1809 1450
f 2169 2883 2170
f 2530 2884 2529
f 1450 1451 1810
f 1811 1810 1451
f 2170 2883 2171
f 2531 2884 2530
f 1451 1452 1811
f 1812 1811 1452
f 2171 2883 2172
f 2532 2884 2531
f 1452 1453 1812
f 1813 1812 1453
f 2172 2883 2173
f 2533 2884 2532
f 1453 1454 1813
f 1814 1813 1454
f 2173 2883 2174
f 2534 2884 2533
f 1454 1455 1814
f 1815 1814 1455
f 2174 2883 2175
f 2535 2884 2534
f 1455 1456 1815
f 1816 1815 1456
f 2175 2883 2176
f 2536 2884 2535
f 1456 1457 1816
f 1817 1816 1457
f 2176 2883 2177
f 2537 2884 2536
f 1457 1458 1817
f 1818 1817 1458
f 2177 2883 2178
f 2538 2884 2537
f 1458 1459 1818
f 1819 1818 1459
f 2178 2883 2179
f 2539 2884 2538
f 1459 1460 1819
f 1820 1819 1460
f 2179 2883 2180
f 2540 2884 2539
f 1460 1461 1820
f 1821 1820 1461
f 2180 2883 2181
f 2541 2884 2540
f 1461 1462 1821
f 1822 1821 1462
f 2181 2883 2182
f 2542 2884 2541
f 1462 1463 1822
f 1823 1822 1463
f 2182 2883 2183
f 2543 2884 2542
f 1463 1464 1823
f 1824 1823 1464
f 2183 2883 2184
f 2544 2884 2543
f 1464 1465 1824
f 1825 1824 1465
f 2184 2883 2185
f 2545 2884 2544
f 1465 1466 1825
f 1826 1825 1466
f 2185 2883 2186
f 2546 2884 2545
f 1466 1467 1826
f 1827 1826 1467
f 2186 2883 2187
f 2547 2884 2546
f 1467 1468 1827
f 1828 1827 1468
f 2187 2883 2188
f 2548 2884 2547
f 1468 1469 1828
f 1829 1828 1469
f 2188 2883 2189
f 2549 2884 2548
f 1469 1470 1829
f 1830 1829 1470
f 2189 2883 2190
f 2550 2884 2549
f 1470 1471 1830
f 1831 1830 1471
f 2190 2883 2191
f 2551 2884 2550
f 1471 1472 1831
f 1832 1831 1472
f 2191 2883 2192
f 2552 2884 2551
f 1472 1473 1832
f 1833 1832 1473
f 2192 2883 2193
f 2553 2884 2552
f 1473 1474 1833
f 1834 1833 1474
f 2193 2883 2194
f 2554 2884 2553
f 1474 1475 1834
f 1835 1834 1475
f 2194 2883 2195
f 2555 2884 2554
f 1475 1476 1835
f 1836 1835 1476
f 2195 2883 2196
f 2556 2884 2555
f 1476 1477 1836
f 1837 1836 1477
f 2196 2883 2197
f 2557 2884 2556
f 1477 1478 1837
f 1838 1837 1478
f 2197 2883 2198
f 2558 2884 2557
f 1478 1479 1838
f 1839 1838 1479
f 2198 2883 2199
f 2559 2884 2558
f 1479 1480 1839
f 1840 1839 1480
f 2199 2883 2200
f 2560 2884 2559
f 1480 1481 1840
f 1841 1840 1481
f 2200 2883 2201
f 2561 2884 2560
f 1481 1482 1841
f 1842 1841 1482
f 2201 2883 2202
f 2562 2884 2561
f 1482 1483 1842
f 1843 1842 1483
f 2202 2883 2203
f 2563 2884 2562
f 1483 1484 1843
f 1844 1843 1484
f 2203 2883 2204
f 2564 2884 2563
f 1484 1485 1844
f 1845 1844 1485
f 2204 2883 2205
f 2565 2884 2564
f 1485 1486 1845
f 1846 1845 1486
f 2205 2883 2206
f 2566 2884 2565
f 1486 1487 1846
f 1847 1846 1487
f 2206 2883 2207
f 2567 2884 2566
f 1487 1488 1847
f 1848 1847 1488
f 2207 2883 2208
f 2568 2884 2567
f 1488 1489 1848
f 1849 1848 1489
f 2208 2883 2209
f 2569 2884 2568
f 1489 1490 1849
f 1850 1849 1490
f 2209 2883 2210
f 2570 2884 2569
f 1490 1491 1850
f 1851 1850 1491
f 2210 2883 2211
f 2571 2884 2570
f 1491 1492 1851
f 1852 1851 1492
f 2211 2883 2212
f 2572 2884 2571
f 1492 1493 1852
f 1853 1852 1493
f 2212 2883 2213
f 2573 2884 2572
f 1493 1494 1853
f 1854 1853 1494
f 2213 2883 2214
f 2574 2884 2573
f 1494 1495 1854
f 1855 1854 1495
f 2214 2883 2215
f 2575 2884 2574
f 1495 1496 1855
f 1856 1855 1496
f 2215 2883 2216
f 2576 2884 2575
f 1496 1497 1856
f 1857 1856 1497
f 2216 2883 2217
f 2577 2884 2576
f 1497 1498 1857
f 1858 1857 1498
f 2217 2883 2218
f 2578 2884 2577
f 1498 1499 1858
f 1859 1858 1499
f 2218 2883 2219
f 2579 2884 2578
f 1499 1500 1859
f 1860 1859 1500
f 2219 2883 2220
f 2580 2884 2579
f 1500 1501 1860
f 1861 1860 1501
f 2220 2883 2221
f 2581 2884 2580
f 1501 1502 1861
f 1862 1861 1502
f 2221 2883 2222
f 2582 2884 2581
f 1502 1503 1862
f 1863 1862 1503
f 2222 2883 2223
f 2583 2884 2582
f 1503 1504 1863
f 1864 1863 1504
f 2223 2883 2224
f 2584 2884 2583
f 1504 1505 1864
f 1865 1864 1505
f 2224 2883 2225
f 2585 2884 2584
f 1505 1506 1865
f 1866 1865 1506
f 2225 2883 2226
f 2586 2884 2585
f 1506 1507 1866
f 1867 1866 1507
f 2226 2883 2227
f 2587 2884 2586
f 1507 1508 1867
f 1868 1867 1508
f 2227 2883 2228
f 2588 2884 2587
f 1508 1509 1868
f 1869 1868 1509
f 2228 2883 2229
f 2589 2884 2588
f 1509 1510 1869
f 1870 1869 1510
f 2229 2883 2230
f 2590 2884 2589
f 1510 1511 1870
f 1871 1870 1511
f 2230 2883 2231
f 2591 2884 2590
f 1511 1512 1871
f 1872 1871 1512
f 2231 2883 2232
f 2592 2884 2591
f 1512 1513 1872
f 1873 1872 1513
f 2232 2883 2233
f 2593 2884 2592
f 1513 1514 1873
f 1874 1873 1514
f 2233 2883 2234
f 2594 2884 2593
f 1514 1515 1874
f 1875 1874 1515
f 2234 2883 2235
f 2595 2884 2594
f 1515 1516 1875
f 1876 1875 1516
f 2235 2883 2236
f 2596 2884 2595
f 1516 1517 1876
f 1877 1876 1517
f 2236 2883 2237
f 2597 2884 2596
f 1517 1518 1877
f 1878 1877 1518
f 2237 2883 2238
f 2598 2884 2597
f 1518 1519 1878
f 1879 1878 1519
f 2238 2883 2239
f 2599 2884 2598
f 1519 1520 1879
f 1880 1879 1520
f 2239 2883 2240
f 2600 2884 2599
f 1520 1521 1880
f 1881 1880 1521
f 2240 2883 2241
f 2601 2884 2600
f 1521 1522 1881
f 1882 1881 1522
f 2241 2883 2242
f 2602 2884 2601
f 1522 1523 1882
f 1883 1882 1523
f 2242 2883 2243
f 2603 2884 2602
f 1523 1524 1883
f 1884 1883 1524
f 2243 2883 2244
f 2604 2884 2603
f 1524 1525 1884
f 1885 1884 1525
f 2244 2883 2245
f 2605 2884 2604
f 1525 1526 1885
f 1886 1885 1526
f 2245 2883 2246
f 2606 2884 2605
f 1526 1527 1886
f 1887 1886 1527
f 2246 2883 2247
f 2607 2884 2606
f 1527 1528 1887
f 1888 1887 1528
f 2247 2883 2248
f 2608 2884 2607
f 1528 1529 1888
f 1889 1888 1529
f 2248 2883 2249
f 2609 2884 2608
f 1529 1530 1889
f 1890 1889 1530
f 2249 2883 2250
f 2610 2884 2609
f 1530 1531 1890
f 1891 1890 1531
f 2250 2883 2251
f 2611 2884 2610
f 1531 1532 1891
f 1892 1891 1532
f 2251 2883 2252
f 2612 2884 2611
f 1532 1533 1892
f 1893 1892 1533
f 2252 2883 2253
f 2613 2884 2612
f 1533 1534 1893
f 1894 1893 1534
f 2253 2883 2254
f 2614 2884 2613
f 1534 1535 1894
f 1895 1894 1535
f 2254 2883 2255
f 2615 2884 2614
f 1535 1536 1895
f 1896 1895 1536
f 2255 2883 2256
f 2616 2884 2615
f 1536 1537 1896
f 1897 1896 1537
f 2256 2883 2257
f 2617 2884 2616
f 1537 1538 1897
f 1898 1897 1538
f 2257 2883 2258
f 2618 2884 2617
f 1538 1539 1898
f 1899 1898 1539
f 2258 2883 2259
f 2619 2884 2618
f 1539 1540 1899
f 1900 1899 1540
f 2259 2883 2260
f 2620 2884 2619
f 1540 1541 1900
f 1901 1900 1541
f 2260 2883 2261
f 2621 2884 2620
f 1541 1542 1901
f 1902 1901 1542
f 2261 2883 2262
f 2622 2884 2621
f 1542 1543 1902
f 1903 1902 1543
f 2262 2883 2263
f 2623 2884 2622
f 1543 1544 1903
f 1904 1903 1544
f 2263 2883 2264
f 2624 2884 2623
f 1544 1545 1904
f 1905 1904 1545
f 2264 2883 2265
f 2625 2884 2624
f 1545 1546 1905
f 1906 1905 1546
f 2265 2883 2266
f 2626 2884 2625
f 1546 1547 1906
f 1907 1906 1547
f 2266 2883 2267
f 2627 2884 2626
f 1547 1548 1907
f 1908 1907 1548
f 2267 2883 2268
f 2628 2884 2627
f 1548 1549 1908
f 1909 1908 1549
f 2268 2883 2269
f 2629 2884 2628
f 1549 1550 1909
f 1910 1909 1550
f 2269 2883 2270
f 2630 2884 2629
f 1550 1551 1910
f 1911 1910 1551
f 2270 2883 2271
f 2631 2884 2630
f 1551 1552 1911
f 1912 1911 1552
f 2271 2883 2272
f 2632 2884 2631
f 1552 1553 1912
f 1913 1912 1553
f 2272 2883 2273
f 2633 2884 2632
f 1553 1554 1913
f 1914 1913 1554
f 2273 2883 2274
f 2634 2884 2633
f 1554 1555 1914
f 1915 1914 1555
f 2274 2883 2275
f 2635 2884 2634
f 1555 1556 1915
f 1916 1915 1556
f 2275 2883 2276
f 2636 2884 2635
f 1556 1557 1916
f 1917 1916 1557
f 2276 2883 2277
f 2637 2884 2636
f 1557 1558 1917
f 1918 1917 1558
f 2277 2883 2278
f 2638 2884 2637
f 1558 1559 1918
f 1919 1918 1559
f 2278 2883 2279
f 2639 2884 2638
f 1559 1560 1919
f 1920 1919 1560
f 2279 2883 2280
f 2640 2884 2639
f 1560 1561 1920
f 1921 1920 1561
f 2280 2883 2281
f 2641 2884 2640
f 1561 1562 1921
f 1922 1921 1562
f 2281 2883 2282
f 2642 2884 2641
f 1562 1563 1922
f 1923 1922 1563
f 2282 2883 2283
f 2643 2884 2642
f 1563 1564 1923
f 1924 1923 1564
f 2283 2883 2284
f 2644 2884 2643
f 1564 1565 1924
f 1925 1924 1565
f 2284 2883 2285
f 2645 2884 2644
f 1565 1566 1925
f 1926 1925 1566
f 2285 2883 2286
f 2646 2884 2645
f 1566 1567 1926
f 1927 1926 1567
f 2286 2883 2287
f 2647 2884 2646
f 1567 1568 1927
f 1928 1927 1568
f 2287 2883 2288
f 2648 2884 2647
f 1568 1569 1928
f 1929 1928 1569
f 2288 2883 2289
f 2649 2884 2648
f 1569 1570 1929
f 1930 1929 1570
f 2289 2883 2290
f 2650 2884 2649
f 1570 1571 1930
f 1931 1930 1571
f 2290 2883 2291
f 2651 2884 2650
f 1571 1572 1931
f 1932 1931 1572
f 2291 2883 2292
f 2652 2884 2651
f 1572 1573 1932
f 1933 1932 1573
f 2292 2883 2293
f 2653 2884 2652
f 1573 1574 1933
f 1934 1933 1574
f 2293 2883 2294
f 2654 2884 2653
f 1574 1575 1934
f 1935 1934 1575
f 2294 2883 2295
f 2655 2884 2654
f 1575 1576 1935
f 1936 1935 1576
f 2295 2883 2296
f 2656 2884 2655
f 1576 1577 1936
f 1937 1936 1577
f 2296 2883 2297
f 2657 2884 2656
f 1577 1578 1937
f 1938 1937 1578
f 2297 2883 2298
f 2658 2884 2657
f 1578 1579 1938
f 1939 1938 1579
f 2298 2883 2299
f 2659 2884 2658
f 1579 1580 1939
f 1940 1939 1580
f 2299 2883 2300
f 2660 2884 2659
f 1580 1581 1940
f 1941 1940 1581
f 2300 2883 2301
f 2661 2884 2660
f 1581 1582 1941
f 1942 1941 1582
f 2301 2883 2302
f 2662 2884 2661
f 1582 1583 1942
f 1943 1942 1583
f 2302 2883 2303
f 2663 2884 2662
f 1583 1584 1943
f 1944 1943 1584
f 2303 2883 2304
f 2664 2884 2663
f 1584 1585 1944
f 1945 1944 1585
f 2304 2883 2305
f 2665 2884 2664
f 1585 1586 1945
f 1946 1945 1586
f 2305 2883 2306
f 2666 2884 2665
f 1586 1587 1946
f 1947 1946 1587
f 2306 2883 2307
f 2667 2884 2666
f 1587 1588 1947
f 1948 1947 1588
f 2307 2883 2308
f 2668 2884 2667
f 1588 1589 1948
f 1949 1948 1589
f 2308 2883 2309
f 2669 2884 2668
f 1589 1590 1949
f 1950 1949 1590
f 2309 2883 2310
f 2670 2884 2669
f 1590 1591 1950
f 1951 1950 1591
f 2310 2883 2311
f 2671 2884 2670
f 1591 1592 1951
f 1952 1951 1592
f 2311 2883 2312
f 2672 2884 2671
f 1592 1593 1952
f 1953 1952 1593
f 2312 2883 2313
f 2673 2884 2672
f 1593 1594 1953
f 1954 1953 1594
f 2313 2883 2314
f 2674 2884 2673
f 1594 1595 1954
f 1955 1954 1595
f 2314 2883 2315
f 2675 2884 2674
f 1595 1596 1955
f 1956 1955 1596
f 2315 2883 2316
f 2676 2884 2675
f 1596 1597 1956
f 1957 1956 1597
f 2316 2883 2317
f 2677 2884 2676
f 1597 1598 1957
f 1958 1957 1598
f 2317 2883 2318
f 2678 2884 2677
f 1598 1599 1958
f 1959 1958 1599
f 2318 2883 2319
f 2679 2884 2678
f 1599 1600 1959
f 1960 1959 1600
f 2319 2883 2320
f 2680 2884 2679
f 1600 1601 1960
f 1961 1960 1601
f 2320 2883 2321
f 2681 2884 2680
f 1601 1602 1961
f 1962 1961 1602
f 2321 2883 2322
f 2682 2884 2681
f 1602 1603 1962
f 1963 1962 1603
f 2322 2883 2323
f 2683 2884 2682
f 1603 1604 1963
f 1964 1963 1604
f 2323 2883 2324
f 2684 2884 2683
f 1604 1605 1964
f 1965 1964 1605
f 2324 2883 2325
f 2685 2884 2684
f 1605 1606 1965
f 1966 1965 1606
f 2325 2883 2326
f 2686 2884 2685
f 1606 1607 1966
f 1967 1966 1607
f 2326 2883 2327
f 2687 2884 2686
f 1607 1608 1967
f 1968 1967 1608
f 2327 2883 2328
f 2688 2884 2687
f 1608 1609 1968
f 1969 1968 1609
f 2328 2883 2329
f 2689 2884 2688
f 1609 1610 1969
f 1970 1969 1610
f 2329 2883 2330
f 2690 2884 2689
f 1610 1611 1970
f 1971 1970 1611
f 2330 2883 2331
f 2691 2884 2690
f 1611 1612 1971
f 1972 1971 1612
f 2331 2883 2332
f 2692 2884 2691
f 1612 1613 1972
f 1973 1972 1613
f 2332 2883 2333
f 2693 2884 2692
f 1613 1614 1973
f 1974 1973 1614
f 2333 2883 2334
f 2694 2884 2693
f 1614 1615 1974
f 1975 1974 1615
f 2334 2883 2335
f 2695 2884 2694
f 1615 1616 1975
f 1976 1975 1616
f 2335 2883 2336
f 2696 2884 2695
f 1616 1617 1976
f 1977 1976 1617
f 2336 2883 2337
f 2697 2884 2696
f 1617 1618 1977
f 1978 1977 1618
f 2337 2883 2338
f 2698 2884 2697
f 1618 1619 1978
f 1979 1978 1619
f 2338 2883 2339
f 2699 2884 2698
f 1619 1620 1979
f 1980 1979 1620
f 2339 2883 2340
f 2700 2884 2699
f 1620 1621 1980
f 1981 1980 1621
f 2340 2883 2341
f 2701 2884 2700
f 1621 1622 1981
f 1982 1981 1622
f 2341 2883 2342
f 2702 2884 2701
f 1622 1623 1982
f 1983 1982 1623
f 2342 2883 2343
f 2703 2884 2702
f 1623 1624 1983
f 1984 1983 1624
f 2343 2883 2344
f 2704 2884 2703
f 1624 1625 1984
f 1985 1984 1625
f 2344 2883 2345
f 2705 2884 2704
f 1625 1626 1985
f 1986 1985 1626
f 2345 2883 2346
f 2706 2884 2705
f 1626 1627 1986
f 1987 1986 1627
f 2346 2883 2347
f 2707 2884 2706
f 1627 1628 1987
f 1988 1987 1628
f 2347 2883 2348
f 2708 2884 2707
f 1628 1629 1988
f 1989 1988 1629
f 2348 2883 2349
f 2709 2884 2708
f 1629 1630 1989
f 1990 1989 1630
f 2349 2883 2350
f 2710 2884 2709
f 1630 1631 1990
f 1991 1990 1631
f 2350 2883 2351
f 2711 2884 2710
f 1631 1632 1991
f 1992 1991 1632
f 2351 2883 2352
f 2712 2884 2711
f 1632 1633 1992
f 1993 1992 1633
f 2352 2883 2353
f 2713 2884 2712
f 1633 1634 1993
f 1994 1993 1634
f 2353 2883 2354
f 2714 2884 2713
f 1634 1635 1994
f 1995 1994 1635
f 2354 2883 2355
f 2715 2884 2714
f 1635 1636 1995
f 1996 1995 1636
f 2355 2883 2356
f 2716 2884 2715
f 1636 1637 1996
f 1997 1996 1637
f 2356 2883 2357
f 2717 2884 2716
f 1637 1638 1997
f 1998 1997 1638
f 2357 2883 2358
f 2718 2884 2717
f 1638 1639 1998
f 1999 1998 1639
f 2358 2883 2359
f 2719 2884 2718
f 1639 1640 1999
f 2000 1999 1640
f 2359 2883 2360
f 2720 2884 2719
f 1640 1641 2000
f 2001 2000 1641
f 2360 2883 2361
f 2721 2884 2720
f 1641 1642 2001
f 2002 2001 1642
f 2361 2883 2362
f 2722 2884 2721
f 1642 1643 2002
f 2003 2002 1643
f 2362 2883 2363
f 2723 2884 2722
f 1643 1644 2003
f 2004 2003 1644
f 2363 2883 2364
f 2724 2884 2723
f 1644 1645 2004
f 2005 2004 1645
f 2364 2883 2365
f 2725 2884 2724
f 1645 1646 2005
f 2006 2005 1646
f 2365 2883 2366
f 2726 2884 2725
f 1646 1647 2006
f 2007 2006 1647
f 2366 2883 2367
f 2727 2884 2726
f 1647 1648 2007
f 2008 2007 1648
f 2367 2883 2368
f 2728 2884 2727
f 1648 1649 2008
f 2009 2008 1649
f 2368 2883 2369
f 2729 2884 2728
f 1649 1650 2009
f 2010 2009 1650
f 2369 2883 2370
f 2730 2884 2729
f 1650 1651 2010
f 2011 2010 1651
f 2370 2883 2371
f 2731 2884 2730
f 1651 1652 2011
f 2012 2011 1652
f 2371 2883 2372
f 2732 2884 2731
f 1652 1653 2012
f 2013 2012 1653
f 2372 2883 2373
f 2733 2884 2732
f 1653 1654 2013
f 2014 2013 1654
f 2373 2883 2374
f 2734 2884 2733
f 1654 1655 2014
f 2015 2014 1655
f 2374 2883 2375
f 2735 2884 2734
f 1655 1656 2015
f 2016 2015 1656
f 2375 2883 2376
f 2736 2884 2735
f 1656 1657 2016
f 2017 2016 1657
f 2376 2883 2377
f 2737 2884 2736
f 1657 1658 2017
f 2018 2017 1658
f 2377 2883 2378
f 2738 2884 2737
f 1658 1659 2018
f 2019 2018 1659
f 2378 2883 2379
f 2739 2884 2738
f 1659 1660 2019
f 2020 2019 1660
f 2379 2883 2380
f 2740 2884 2739
f 1660 1661 2020
f 2021 2020 1661
f 2380 2883 2381
f 2741 2884 2740
f 1661 1662 2021
f 2022 2021 1662
f 2381 2883 2382
f 2742 2884 2741
f 1662 1663 2022
f 2023 2022 1663
f 2382 2883 2383
f 2743 2884 2742
f 1663 1664 2023
f 2024 2023 1664
f 2383 2883 2384
f 2744 2884 2743
f 1664 1665 2024
f 2025 2024 1665
f 2384 2883 2385
f 2745 2884 2744
f 1665 1666 2025
f 2026 2025 1666
f 2385 2883 2386
f 2746 2884 2745
f 1666 1667 2026
f 2027 2026 1667
f 2386 2883 2387
f 2747 2884 2746
f 1667 1668 2027
f 2028 2027 1668
f 2387 2883 2388
f 2748 2884 2747
f 1668 1669 2028
f 2029 2028 1669
f 2388 2883 2389
f 2749 2884 2748
f 1669 1670 2029
f 2030 2029 1670
f 2389 2883 2390
f 2750 2884 2749
f 1670 1671 2030
f 2031 2030 1671
f 2390 2883 2391
f 2751 2884 2750
f 1671 1672 2031
f 2032 2031 1672
f 2391 2883 2392
f 2752 2884 2751
f 1672 1673 2032
f 2033 2032 1673
f 2392 2883 2393
f 2753 2884 2752
f 1673 1674 2033
f 2034 2033 1674
f 2393 2883 2394
f 2754 2884 2753
f 1674 1675 2034
f 2035 2034 1675
f 2394 2883 2395
f 2755 2884 2754
f 1675 1676 2035
f 2036 2035 1676
f 2395 2883 2396
f 2756 2884 2755
f 1676 1677 2036
f 2037 2036 1677
f 2396 2883 2397
f 2757 2884 2756
f 1677 1678 2037
f 2038 2037 1678
f 2397 2883 2398
f 2758 2884 2757
f 1678 1679 2038
f 2039 2038 1679
f 2398 2883 2399
f 2759 2884 2758
f 1679 1680 2039
f 2040 2039 1680
f 2399 2883 2400
f 2760 2884 2759
f 1680 1681 2040
f 2041 2040 1681
f 2400 2883 2401
f 2761 2884 2760
f 1681 1682 2041
f 2042 2041 1682
f 2401 2883 2402
f 2762 2884 2761
f 1682 1683 2042
f 2043 2042 1683
f 2402 2883 2403
f 2763 2884 2762
f 1683 1684 2043
f 2044 2043 1684
f 2403 2883 2404
f 2764 2884 2763
f 1684 1685 2044
f 2045 2044 1685
f 2404 2883 2405
f 2765 2884 2764
f 1685 1686 2045
f 2046 2045 1686
f 2405 2883 2406
f 2766 2884 2765
f 1686 1687 2046
f 2047 2046 1687
f 2406 2883 2407
f 2767 2884 2766
f 1687 1688 2047
f 2048 2047 1688
f 2407 2883 2408
f 2768 2884 2767
f 1688 1689 2048
f 2049 2048 1689
f 2408 2883 2409
f 2769 2884 2768
f 1689 1690 2049
f 2050 2049 1690
f 2409 2883 2410
f 2770 2884 2769
f 1690 1691 2050
f 2051 2050 1691
f 2410 2883 2411
f 2771 2884 2770
f 1691 1692 2051
f 2052 2051 1692
f 2411 2883 2412
f 2772 2884 2771
f 1692 1693 2052
f 2053 2052 1693
f 2412 2883 2413
f 2773 2884 2772
f 1693 1694 2053
f 2054 2053 1694
f 2413 2883 2414
f 2774 2884 2773
f 1694 1695 2054
f 2055 2054 1695
f 2414 2883 2415
f 2775 2884 2774
f 1695 1696 2055
f 2056 2055 1696
f 2415 2883 2416
f 2776 2884 2775
f 1696 1697 2056
f 2057 2056 1697
f 2416 2883 2417
f 2777 2884 2776
f 1697 1698 2057
f 2058 2057 1698
f 2417 2883 2418
f 2778 2884 2777
f 1698 1699 2058
f 2059 2058 1699
f 2418 2883 2419
f 2779 2884 2778
f 1699 1700 2059
f 2060 2059 1700
f 2419 2883 2420
f 2780 2884 2779
f 1700 1701 2060
f 2061 2060 1701
f 2420 2883 2421
f 2781 2884 2780
f 1701 1702 2061
f 2062 2061 1702
f 2421 2883 2422
f 2782 2884 2781
f 1702 1703 2062
f 2063 2062 1703
f 2422 2883 2423
f 2783 2884 2782
f 1703 1704 2063
f 2064 2063 1704
f 2423 2883 2424
f 2784 2884 2783
f 1704 1705 2064
f 2065 2064 1705
f 2424 2883 2425
f 2785 2884 2784
f 1705 1706 2065
f 2066 2065 1706
f 2425 2883 2426
f 2786 2884 2785
f 1706 1707 2066
f 2067 2066 1707
f 2426 2883 2427
f 2787 2884 2786
f 1707 1708 2067
f 2068 2067 1708
f 2427 2883 2428
f 2788 2884 2787
f 1708 1709 2068
f 2069 2068 1709
f 2428 2883 2429
f 2789 2884 2788
f 1709 1710 2069
f 2070 2069 1710
f 2429 2883 2430
f 2790 2884 2789
f 1710 1711 2070
f 2071 2070 1711
f 2430 2883 2431
f 2791 2884 2790
f 1711 1712 2071
f 2072 2071 1712
f 2431 2883 2432
f 2792 2884 2791
f 1712 1713 2072
f 2073 2072 1713
f 2432 2883 2433
f 2793 2884 2792
f 1713 1714 2073
f 2074 2073 1714
f 2433 2883 2434
f 2794 2884 2793
f 1714 1715 2074
f 2075 2074 1715
f 2434 2883 2435
f 2795 2884 2794
f 1715 1716 2075
f 2076 2075 1716
f 2435 2883 2436
f 2796 2884 2795
f 1716 1717 2076
f 2077 2076 1717
f 2436 2883 2437
f 2797 2884 2796
f 1717 1718 2077
f 2078 2077 1718
f 2437 2883 2438
f 2798 2884 2797
f 1718 1719 2078
f 2079 2078 1719
f 2438 2883 2439
f 2799 2884 2798
f 1719 1720 2079
f 2080 2079 1720
f 2439 2883 2440
f 2800 2884 2799
f 1720 1721 2080
f 2081 2080 1721
f 2440 2883 2441
f 2801 2884 2800
f 1721 1722 2081
f 2082 2081 1722
f 2441 2883 2442
f 2802 2884 2801
f 1722 1723 2082
f 2083 2082 1723
f 2442 2883 2443
f 2803 2884 2802
f 1723 1724 2083
f 2084 2083 1724
f 2443 2883 2444
f 2804 2884 2803
f 1724 1725 2084
f 2085 2084 1725
f 2444 2883 2445
f 2805 2884 2804
f 1725 1726 2085
f 2086 2085 1726
f 2445 2883 2446
f 2806 2884 2805
f 1726 1727 2086
f 2087 2086 1727
f 2446 2883 2447
f 2807 2884 2806
f 1727 1728 2087
f 2088 2087 1728
f 2447 2883 2448
f 2808 2884 2807
f 1728 1729 2088
f 2089 2088 1729
f 2448 2883 2449
f 2809 2884 2808
f 1729 1730 2089
f 2090 2089 1730
f 2449 2883 2450
f 2810 2884 2809
f 1730 1731 2090
f 2091 2090 1731
f 2450 2883 2451
f 2811 2884 2810
f 1731 1732 2091
f 2092 2091 1732
f 2451 2883 2452
f 2812 2884 2811
f 1732 1733 2092
f 2093 2092 1733
f 2452 2883 2453
f 2813 2884 2812
f 1733 1734 2093
f 2094 2093 1734
f 2453 2883 2454
f 2814 2884 2813
f 1734 1735 2094
f 2095 2094 1735
f 2454 2883 2455
f 2815 2884 2814
f 1735 1736 2095
f 2096 2095 1736
f 2455 2883 2456
f 2816 2884 2815
f 1736 1737 2096
f 2097 2096 1737
f 2456 2883 2457
f 2817 2884 2816
f 1737 1738 2097
f 2098 2097 1738
f 2457 2883 2458
f 2818 2884 2817
f 1738 1739 2098
f 2099 2098 1739
f 2458 2883 2459
f 2819 2884 2818
f 1739 1740 2099
f 2100 2099 1740
f 2459 2883 2460
f 2820 2884 2819
f 1740 1741 2100
f 2101 2100 1741
f 2460 2883 2461
f 2821 2884 2820
f 1741 1742 2101
f 2102 2101 1742
f 2461 2883 2462
f 2822 2884 2821
f 1742 1743 2102
f 2103 2102 1743
f 2462 2883 2463
f 2823 2884 2822
f 1743 1744 2103
f 2104 2103 1744
f 2463 2883 2464
f 2824 2884 2823
f 1744 1745 2104
f 2105 2104 1745
f 2464 2883 2465
f 2825 2884 2824
f 1745 1746 2105
f 2106 2105 1746
f 2465 2883 2466
f 2826 2884 2825
f 1746 1747 2106
f 2107 2106 1747
f 2466 2883 2467
f 2827 2884 2826
f 1747 1748 2107
f 2108 2107 1748
f 2467 2883 2468
f 2828 2884 2827
f 1748 1749 2108
f 2109 2108 1749
f 2468 2883 2469
f 2829 2884 2828
f 1749 1750 2109
f 2110 2109 1750
f 2469 2883 2470
f 2830 2884 2829
f 1750 1751 2110
f 2111 2110 1751
f 2470 2883 2471
f 2831 2884 2830
f 1751 1752 2111
f 2112 2111 1752
f 2471 2883 2472
f 2832 2884 2831
f 1752 1753 2112
f 2113 2112 1753
f 2472 2883 2473
f 2833 2884 2832
f 1753 1754 2113
f 2114 2113 1754
f 2473 2883 2474
f 2834 2884 2833
f 1754 1755 2114
f 2115 2114 1755
f 2474 2883 2475
f 2835 2884 2834
f 1755 1756 2115
f 2116 2115 1756
f 2475 2883 2476
f 2836 2884 2835
f 1756 1757 2116
f 2117 2116 1757
f 2476 2883 2477
f 2837 2884 2836
f 1757 1758 2117
f 2118 2117 1758
f 2477 2883 2478
f 2838 2884 2837
f 1758 1759 2118
f 2119 2118 1759
f 2478 2883 2479
f 2839 2884 2838
f 1759 1760 2119
f 2120 2119 1760
f 2479 2883 2480
f 2840 2884 2839
f 1760 1761 2120
f 2121 2120 1761
f 2480 2883 2481
f 2841 2884 2840
f 1761 1762 2121
f 2122 2121 1762
f 2481 2883 2482
f 2842 2884 2841
f 1762 1763 2122
f 2123 2122 1763
f 2482 2883 2483
f 2843 2884 2842
f 1763 1764 2123
f 2124 2123 1764
f 2483 2883 2484
f 2844 2884 2843
f 1764 1765 2124
f 2125 2124 1765
f 2484 2883 2485
f 2845 2884 2844
f 1765 1766 2125
f 2126 2125 1766
f 2485 2883 2486
f 2846 2884 2845
f 1766 1767 2126
f 2127 2126 1767
f 2486 2883 2487
f 2847 2884 2846
f 1767 1768 2127
f 2128 2127 1768
f 2487 2883 2488
f 2848 2884 2847
f 1768 1769 2128
f 2129 2128 1769
f 2488 2883 2489
f 2849 2884 2848
f 1769 1770 2129
f 2130 2129 1770
f 2489 2883 2490
f 2850 2884 2849
f 1770 1771 2130
f 2131 2130 1771
f 2490 2883 2491
f 2851 2884 2850
f 1771 1772 2131
f 2132 2131 1772
f 2491 2883 2492
f 2852 2884 2851
f 1772 1773 2132
f 2133 2132 1773
f 2492 2883 2493
f 2853 2884 2852
f 1773 1774 2133
f 2134 2133 1774
f 2493 2883 2494
f 2854 2884 2853
f 1774 1775 2134
f 2135 2134 1775
f 2494 2883 2495
f 2855 2884 2854
f 1775 1776 2135
f 2136 2135 1776
f 2495 2883 2496
f 2856 2884 2855
f 1776 1777 2136
f 2137 2136 1777
f 2496 2883 2497
f 2857 2884 2856
f 1777 1778 2137
f 2138 2137 1778
f 2497 2883 2498
f 2858 2884 2857
f 1778 1779 2138
f 2139 2138 1779
f 2498 2883 2499
f 2859 2884 2858
f 1779 1780 2139
f 2140 2139 1780
f 2499 2883 2500
f 2860 2884 2859
f 1780 1781 2140
f 2141 2140 1781
f 2500 2883 2501
f 2861 2884 2860
f 1781 1782 2141
f 2142 2141 1782
f 2501 2883 2502
f 2862 2884 2861
f 1782 1783 2142
f 2143 2142 1783
f 2502 2883 2503
f 2863 2884 2862
f 1783 1784 2143
f 2144 2143 1784
f 2503 2883 2504
f 2864 2884 2863
f 1784 1785 2144
f 2145 2144 1785
f 2504 2883 2505
f 2865 2884 2864
f 1785 1786 2145
f 2146 2145 1786
f 2505 2883 2506
f 2866 2884 2865
f 1786 1787 2146
f 2147 2146 1787
f 2506 2883 2507
f 2867 2884 2866
f 1787 1788 2147
f 2148 2147 1788
f 2507 2883 2508
f 2868 2884 2867
f 1788 1789 2148
f 2149 2148 1789
f 2508 2883 2509
f 2869 2884 2868
f 1789 1790 2149
f 2150 2149 1790
f 2509 2883 2510
f 2870 2884 2869
f 1790 1791 2150
f 2151 2150 1791
f 2510 2883 2511
f 2871 2884 2870
f 1791 1792 2151
f 2152 2151 1792
f 2511 2883 2512
f 2872 2884 2871
f 1792 1793 2152
f 2153 2152 1793
f 2512 2883 2513
f 2873 2884 2872
f 1793 1794 2153
f 2154 2153 1794
f 2513 2883 2514
f 2874 2884 2873
f 1794 1795 2154
f 2155 2154 1795
f 2514 2883 2515
f 2875 2884 2874
f 1795 1796 2155
f 2156 2155 1796
f 2515 2883 2516
f 2876 2884 2875
f 1796 1797 2156
f 2157 2156 1797
f 2516 2883 2517
f 2877 2884 2876
f 1797 1798 2157
f 2158 2157 1798
f 2517 2883 2518
f 2878 2884 2877
f 1798 1799 2158
f 2159 2158 1799
f 2518 2883 2519
f 2879 2884 2878
f 1799 1800 2159
f 2160 2159 1800
f 2519 2883 2520
f 2880 2884 2879
f 1800 1801 2160
f 2161 2160 1801
f 2520 2883 2521
f 2881 2884 2880
f 1801 1802 2161
f 2162 2161 1802
f 2521 2883 2522
f 2882 2884 2881
f 1802 1443 2162
f 1803 2162 1443
f 2522 2883 2163
f 2523 2884 2882
f 2885 2886 3245
f 3246 3245 2886
f 3605 4325 3606
f 3966 4326 3965
f 2886 2887 3246
f 3247 3246 2887
f 3606 4325 3607
f 3967 4326 3966
f 2887 2888 3247
f 3248 3247 2888
f 3607 4325 3608
f 3968 4326 3967
f 2888 2889 3248
f 3249 3248 2889
f 3608 4325 3609
f 3969 4326 3968
f 2889 2890 3249
f 3250 3249 2890
f 3609 4325 3610
f 3970 4326 3969
f 2890 2891 3250
f 3251 3250 2891
f 3610 4325 3611
f 3971 4326 3970
f 2891 2892 3251
f 3252 3251 2892
f 3611 4325 3612
f 3972 4326 3971
f 2892 2893 3252
f 3253 3252 2893
f 3612 4325 3613
f 3973 4326 3972
f 2893 2894 3253
f 3254 3253 2894
f 3613 4325 3614
f 3974 4326 3973
f 2894 2895 3254
f 3255 3254 2895
f 3614 4325 3615
f 3975 4326 3974
f 2895 2896 3255
f 3256 3255 2896
f 3615 4325 3616
f 3976 4326 3975
f 2896 2897 3256
f 3257 3256 2897
f 3616 4325 3617
f 3977 4326 3976
f 2897 2898 3257
f 3258 3257 2898
f 3617 4325 3618
f 3978 4326 3977
f 2898 2899 3258
f 3259 3258 2899
f 3618 4325 3619
f 3979 4326 3978
f 2899 2900 3259
f 3260 3259 2900
f 3619 4325 3620
f 3980 4326 3979
f 2900 2901 3260
f 3261 3260 2901
f 3620 4325 3621
f 3981 4326 3980
f 2901 2902 3261
f 3262 3261 2902
f 3621 4325 3622
f 3982 4326 3981
f 2902 2903 3262
f 3263 3262 2903
f 3622 4325 3623
f 3983 4326 3982
f 2903 2904 3263
f 3264 3263 2904
f 3623 4325 3624
f 3984 4326 3983
f 2904 2905 3264
f 3265 3264 2905
f 3624 4325 3625
f 3985 4326 3984
f 2905 2906 3265
f 3266 3265 2906
f 3625 4325 3626
f 3986 4326 3985
f 2906 2907 3266
f 3267 3266 2907
f 3626 4325 3627
f 3987 4326 3986
f 2907 2908 3267
f 3268 3267 2908
f 3627 4325 3628
f 3988 4326 3987
f 2908 2909 3268
f 3269 3268 2909
f 3628 4325 3629
f 3989 4326 3988
f 2909 2910 3269
f 3270 3269 2910
f 3629 4325 3630
f 3990 4326 3989
f 2910 2911 3270
f 3271 3270 2911
f 3630 4325 3631
f 3991 4326 3990
f 2911 2912 3271
f 3272 3271 2912
f 3631 4325 3632
f 3992 4326 3991
f 2912 2913 3272
f 3273 3272 2913
f 3632 4325 3633
f 3993 4326 3992
f 2913 2914 3273
f 3274 3273 2914
f 3633 4325 3634
f 3994 4326 3993
f 2914 2915 3274
f 3275 3274 2915
f 3634 4325 3635
f 3995 4326 3994
f 2915 2916 3275
f 3276 3275 2916
f 3635 4325 3636
f 3996 4326 3995
f 2916 2917 3276
f 3277 3276 2917
f 3636 4325 3637
f 3997 4326 3996
f 2917 2918 3277
f 3278 3277 2918
f 3637 4325 3638
f 3998 4326 3997
f 2918 2919 3278
f 3279 3278 2919
f 3638 4325 3639
f 3999 4326 3998
f 2919 2920 3279
f 3280 3279 2920
f 3639 4325 3640
f 4000 4326 3999
f 2920 2921 3280
f 3281 3280 2921
f 3640 4325 3641
f 4001 4326 4000
f 2921 2922 3281
f 3282 3281 2922
f 3641 4325 3642
f 4002 4326 4001
f 2922 2923 3282
f 3283 3282 2923
f 3642 4325 3643
f 4003 4326 4002
f 2923 2924 3283
f 3284 3283 2924
f 3643 4325 3644
f 4004 4326 4003
f 2924 2925 3284
f 3285 3284 2925
f 3644 4325 3645
f 4005 4326 4004
f 2925 2926 3285
f 3286 3285 2926
f 3645 4325 3646
f 4006 4326 4005
f 2926 2927 3286
f 3287 3286 2927
f 3646 4325 3647
f 4007 4326 4006
f 2927 2928 3287
f 3288 3287 2928
f 3647 4325 3648
f 4008 4326 4007
f 2928 2929 3288
f 3289 3288 2929
f 3648 4325 3649
f 4009 4326 4008
f 2929 2930 3289
f 3290 3289 2930
f 3649 4325 3650
f 4010 4326 4009
f 2930 2931 3290
f 3291 3290 2931
f 3650 4325 3651
f 4011 4326 4010
f 2931 2932 3291
f 3292 3291 2932
f 3651 4325 3652
f 4012 4326 4011
f 2932 2933 3292
f 3293 3292 2933
f 3652 4325 3653
f 4013 4326 4012
f 2933 2934 3293
f 3294 3293 2934
f 3653 4325 3654
f 4014 4326 4013
f 2934 2935 3294
f 3295 3294 2935
f 3654 4325 3655
f 4015 4326 4014
f 2935 2936 3295
f 3296 3295 2936
f 3655 4325 3656
f 4016 4326 4015
f 2936 2937 3296
f 3297 3296 2937
f 3656 4325 3657
f 4017 4326 4016
f 2937 2938 3297
f 3298 3297 2938
f 3657 4325 3658
f 4018 4326 4017
f 2938 2939 3298
f 3299 3298 2939
f 3658 4325 3659
f 4019 4326 4018
f 2939 2940 3299
f 3300 3299 2940
f 3659 4325 3660
f 4020 4326 4019
f 2940 2941 3300
f 3301 3300 2941
f 3660 4325 3661
f 4021 4326 4020
f 2941 2942 3301
f 3302 3301 2942
f 3661 4325 3662
f 4022 4326 4021
f 2942 2943 3302
f 3303 3302 2943
f 3662 4325 3663
f 4023 4326 4022
f 2943 2944 3303
f 3304 3303 2944
f 3663 4325 3664
f 4024 4326 4023
f 2944 2945 3304
f 3305 3304 2945
f 3664 4325 3665
f 4025 4326 4024
f 2945 2946 3305
f 3306 3305 2946
f 3665 4325 3666
f 4026 4326 4025
f 2946 2947 3306
f 3307 3306 2947
f 3666 4325 3667
f 4027 4326 4026
f 2947 2948 3307
f 3308 3307 2948
f 3667 4325 3668
f 4028 4326 4027
f 2948 2949 3308
f 3309 3308 2949
f 3668 4325 3669
f 4029 4326 4028
f 2949 2950 3309
f 3310 3309 2950
f 3669 4325 3670
f 4030 4326 4029
f 2950 2951 3310
f 3311 3310 2951
f 3670 4325 3671
f 4031 4326 4030
f 2951 2952 3311
f 3312 3311 2952
f 3671 4325 3672
f 4032 4326 4031
f 2952 2953 3312
f 3313 3312 2953
f 3672 4325 3673
f 4033 4326 4032
f 2953 2954 3313
f 3314 3313 2954
f 3673 4325 3674
f 4034 4326 4033
f 2954 2955 3314
f 3315 3314 2955
f 3674 4325 3675
f 4035 4326 4034
f 2955 2956 3315
f 3316 3315 2956
f 3675 4325 3676
f 4036 4326 4035
f 2956 2957 3316
f 3317 3316 2957
f 3676 4325 3677
f 4037 4326 4036
f 2957 2958 3317
f 3318 3317 2958
f 3677 4325 3678
f 4038 4326 4037
f 2958 2959 3318
f 3319 3318 2959
f 3678 4325 3679
f 4039 4326 4038
f 2959 2960 3319
f 3320 3319 2960
f 3679 4325 3680
f 4040 4326 4039
f 2960 2961 3320
f 3321 3320 2961
f 3680 4325 3681
f 4041 4326 4040
f 2961 2962 3321
f 3322 3321 2962
f 3681 4325 3682
f 4042 4326 4041
f 2962 2963 3322
f 3323 3322 2963
f 3682 4325 3683
f 4043 4326 4042
f 2963 2964 3323
f 3324 3323 2964
f 3683 4325 3684
f 4044 4326 4043
f 2964 2965 3324
f 3325 3324 2965
f 3684 4325 3685
f 4045 4326 4044
f 2965 2966 3325
f 3326 3325 2966
f 3685 4325 3686
f 4046 4326 4045
f 2966 2967 3326
f 3327 3326 2967
f 3686 4325 3687
f 4047 4326 4046
f 2967 2968 3327
f 3328 3327 2968
f 3687 4325 3688
f 4048 4326 4047
f 2968 2969 3328
f 3329 3328 2969
f 3688 4325 3689
f 4049 4326 4048
f 2969 2970 3329
f 3330 3329 2970
f 3689 4325 3690
f 4050 4326 4049
f 2970 2971 3330
f 3331 3330 2971
f 3690 4325 3691
f 4051 4326 4050
f 2971 2972 3331
f 3332 3331 2972
f 3691 4325 3692
f 4052 4326 4051
f 2972 2973 3332
f 3333 3332 2973
f 3692 4325 3693
f 4053 4326 4052
f 2973 2974 3333
f 3334 3333 2974
f 3693 4325 3694
f 4054 4326 4053
f 2974 2975 3334
f 3335 3334 2975
f 3694 4325 3695
f 4055 4326 4054
f 2975 2976 3335
f 3336 3335 2976
f 3695 4325 3696
f 4056 4326 4055
f 2976 2977 3336
f 3337 3336 2977
f 3696 4325 3697
f 4057 4326 4056
f 2977 2978 3337
f 3338 3337 2978
f 3697 4325 3698
f 4058 4326 4057
f 2978 2979 3338
f 3339 3338 2979
f 3698 4325 3699
f 4059 4326 4058
f 2979 2980 3339
f 3340 3339 2980
f 3699 4325 3700
f 4060 4326 4059
f 2980 2981 3340
f 3341 3340 2981
f 3700 4325 3701
f 4061 4326 4060
f 2981 2982 3341
f 3342 3341 2982
f 3701 4325 3702
f 4062 4326 4061
f 2982 2983 3342
f 3343 3342 2983
f 3702 4325 3703
f 4063 4326 4062
f 2983 2984 3343
f 3344 3343 2984
f 3703 4325 3704
f 4064 4326 4063
f 2984 2985 3344
f 3345 3344 2985
f 3704 4325 3705
f 4065 4326 4064
f 2985 2986 3345
f 3346 3345 2986
f 3705 4325 3706
f 4066 4326 4065
f 2986 2987 3346
f 3347 3346 2987
f 3706 4325 3707
f 4067 4326 4066
f 2987 2988 3347
f 3348 3347 2988
f 3707 4325 3708
f 4068 4326 4067
f 2988 2989 3348
f 3349 3348 2989
f 3708 4325 3709
f 4069 4326 4068
f 2989 2990 3349
f 3350 3349 2990
f 3709 4325 3710
f 4070 4326 4069
f 2990 2991 3350
f 3351 3350 2991
f 3710 4325 3711
f 4071 4326 4070
f 2991 2992 3351
f 3352 3351 2992
f 3711 4325 3712
f 4072 4326 4071
f 2992 2993 3352
f 3353 3352 2993
f 3712 4325 3713
f 4073 4326 4072
f 2993 2994 3353
f 3354 3353 2994
f 3713 4325 3714
f 4074 4326 4073
f 2994 2995 3354
f 3355 3354 2995
f 3714 4325 3715
f 4075 4326 4074
f 2995 2996 3355
f 3356 3355 2996
f 3715 4325 3716
f 4076 4326 4075
f 2996 2997 3356
f 3357 3356 2997
f 3716 4325 3717
f 4077 4326 4076
f 2997 2998 3357
f 3358 3357 2998
f 3717 4325 3718
f 4078 4326 4077
f 2998 2999 3358
f 3359 3358 2999
f 3718 4325 3719
f 4079 4326 4078
f 2999 3000 3359
f 3360 3359 3000
f 3719 4325 3720
f 4080 4326 4079
f 3000 3001 3360
f 3361 3360 3001
f 3720 4325 3721
f 4081 4326 4080
f 3001 3002 3361
f 3362 3361 3002
f 3721 4325 3722
f 4082 4326 4081
f 3002 3003 3362
f 3363 3362 3003
f 3722 4325 3723
f 4083 4326 4082
f 3003 3004 3363
f 3364 3363 3004
f 3723 4325 3724
f 4084 4326 4083
f 3004 3005 3364
f 3365 3364 3005
f 3724 4325 3725
f 4085 4326 4084
f 3005 3006 3365
f 3366 3365 3006
f 3725 4325 3726
f 4086 4326 4085
f 3006 3007 3366
f 3367 3366 3007
f 3726 4325 3727
f 4087 4326 4086
f 3007 3008 3367
f 3368 3367 3008
f 3727 4325 3728
f 4088 4326 4087
f 3008 3009 3368
f 3369 3368 3009
f 3728 4325 3729
f 4089 4326 4088
f 3009 3010 3369
f 3370 3369 3010
f 3729 4325 3730
f 4090 4326 4089
f 3010 3011 3370
f 3371 3370 3011
f 3730 4325 3731
f 4091 4326 4090
f 3011 3012 3371
f 3372 3371 3012
f 3731 4325 3732
f 4092 4326 4091
f 3012 3013 3372
f 3373 3372 3013
f 3732 4325 3733
f 4093 4326 4092
f 3013 3014 3373
f 3374 3373 3014
f 3733 4325 3734
f 4094 4326 4093
f 3014 3015 3374
f 3375 3374 3015
f 3734 4325 3735
f 4095 4326 4094
f 3015 3016 3375
f 3376 3375 3016
f 3735 4325 3736
f 4096 4326 4095
f 3016 3017 3376
f 3377 3376 3017
f 3736 4325 3737
f 4097 4326 4096
f 3017 3018 3377
f 3378 3377 3018
f 3737 4325 3738
f 4098 4326 4097
f 3018 3019 3378
f 3379 3378 3019
f 3738 4325 3739
f 4099 4326 4098
f 3019 3020 3379
f 3380 3379 3020
f 3739 4325 3740
f 4100 4326 4099
f 3020 3021 3380
f 3381 3380 3021
f 3740 4325 3741
f 4101 4326 4100
f 3021 3022 3381
f 3382 3381 3022
f 3741 4325 3742
f 4102 4326 4101
f 3022 3023 3382
f 3383 3382 3023
f 3742 4325 3743
f 4103 4326 4102
f 3023 3024 3383
f 3384 3383 3024
f 3743 4325 3744
f 4104 4326 4103
f 3024 3025 3384
f 3385 3384 3025
f 3744 4325 3745
f 4105 4326 4104
f 3025 3026 3385
f 3386 3385 3026
f 3745 4325 3746
f 4106 4326 4105
f 3026 3027 3386
f 3387 3386 3027
f 3746 4325 3747
f 4107 4326 4106
f 3027 3028 3387
f 3388 3387 3028
f 3747 4325 3748
f 4108 4326 4107
f 3028 3029 3388
f 3389 3388 3029
f 3748 4325 3749
f 4109 4326 4108
f 3029 3030 3389
f 3390 3389 3030
f 3749 4325 3750
f 4110 4326 4109
f 3030 3031 3390
f 3391 3390 3031
f 3750 4325 3751
f 4111 4326 4110
f 3031 3032 3391
f 3392 3391 3032
f 3751 4325 3752
f 4112 4326 4111
f 3032 3033 3392
f 3393 3392 3033
f 3752 4325 3753
f 4113 4326 4112
f 3033 3034 3393
f 3394 3393 3034
f 3753 4325 3754
f 4114 4326 4113
f 3034 3035 3394
f 3395 3394 3035
f 3754 4325 3755
f 4115 4326 4114
f 3035 3036 3395
f 3396 3395 3036
f 3755 4325 3756
f 4116 4326 4115
f 3036 3037 3396
f 3397 3396 3037
f 3756 4325 3757
f 4117 4326 4116
f 3037 3038 3397
f 3398 3397 3038
f 3757 4325 3758
f 4118 4326 4117
f 3038 3039 3398
f 3399 3398 3039
f 3758 4325 3759
f 4119 4326 4118
f 3039 3040 3399
f 3400 3399 3040
f 3759 4325 3760
f 4120 4326 4119
f 3040 3041 3400
f 3401 3400 3041
f 3760 4325 3761
f 4121 4326 4120
f 3041 3042 3401
f 3402 3401 3042
f 3761 4325 3762
f 4122 4326 4121
f 3042 3043 3402
f 3403 3402 3043
f 3762 4325 3763
f 4123 4326 4122
f 3043 3044 3403
f 3404 3403 3044
f 3763 4325 3764
f 4124 4326 4123
f 3044 3045 3404
f 3405 3404 3045
f 3764 4325 3765
f 4125 4326 4124
f 3045 3046 3405
f 3406 3405 3046
f 3765 4325 3766
f 4126 4326 4125
f 3046 3047 3406
f 3407 3406 3047
f 3766 4325 3767
f 4127 4326 4126
f 3047 3048 3407
f 3408 3407 3048
f 3767 4325 3768
f 4128 4326 4127
f 3048 3049 3408
f 3409 3408 3049
f 3768 4325 3769
f 4129 4326 4128
f 3049 3050 3409
f 3410 3409 3050
f 3769 4325 3770
f 4130 4326 4129
f 3050 3051 3410
f 3411 3410 3051
f 3770 4325 3771
f 4131 4326 4130
f 3051 3052 3411
f 3412 3411 3052
f 3771 4325 3772
f 4132 4326 4131
f 3052 3053 3412
f 3413 3412 3053
f 3772 4325 3773
f 4133 4326 4132
f 3053 3054 3413
f 3414 3413 3054
f 3773 4325 3774
f 4134 4326 4133
f 3054 3055 3414
f 3415 3414 3055
f 3774 4325 3775
f 4135 4326 4134
f 3055 3056 3415
f 3416 3415 3056
f 3775 4325 3776
f 4136 4326 4135
f 3056 3057 3416
f 3417 3416 3057
f 3776 4325 3777
f 4137 4326 4136
f 3057 3058 3417
f 3418 3417 3058
f 3777 4325 3778
f 4138 4326 4137
f 3058 3059 3418
f 3419 3418 3059
f 3778 4325 3779
f 4139 4326 4138
f 3059 3060 3419
f 3420 3419 3060
f 3779 4325 3780
f 4140 4326 4139
f 3060 3061 3420
f 3421 3420 3061
f 3780 4325 3781
f 4141 4326 4140
f 3061 3062 3421
f 3422 3421 3062
f 3781 4325 3782
f 4142 4326 4141
f 3062 3063 3422
f 3423 3422 3063
f 3782 4325 3783
f 4143 4326 4142
f 3063 3064 3423
f 3424 3423 3064
f 3783 4325 3784
f 4144 4326 4143
f 3064 3065 3424
f 3425 3424 3065
f 3784 4325 3785
f 4145 4326 4144
f 3065 3066 3425
f 3426 3425 3066
f 3785 4325 3786
f 4146 4326 4145
f 3066 3067 3426
f 3427 3426 3067
f 3786 4325 3787
f 4147 4326 4146
f 3067 3068 3427
f 3428 3427 3068
f 3787 4325 3788
f 4148 4326 4147
f 3068 3069 3428
f 3429 3428 3069
f 3788 4325 3789
f 4149 4326 4148
f 3069 3070 3429
f 3430 3429 3070
f 3789 4325 3790
f 4150 4326 4149
f 3070 3071 3430
f 3431 3430 3071
f 3790 4325 3791
f 4151 4326 4150
f 3071 3072 3431
f 3432 3431 3072
f 3791 4325 3792
f 4152 4326 4151
f 3072 3073 3432
f 3433 3432 3073
f 3792 4325 3793
f 4153 4326 4152
f 3073 3074 3433
f 3434 3433 3074
f 3793 4325 3794
f 4154 4326 4153
f 3074 3075 3434
f 3435 3434 3075
f 3794 4325 3795
f 4155 4326 4154
f 3075 3076 3435
f 3436 3435 3076
f 3795 4325 3796
f 4156 4326 4155
f 3076 3077 3436
f 3437 3436 3077
f 3796 4325 3797
f 4157 4326 4156
f 3077 3078 3437
f 3438 3437 3078
f 3797 4325 3798
f 4158 4326 4157
f 3078 3079 3438
f 3439 3438 3079
f 3798 4325 3799
f 4159 4326 4158
f 3079 3080 3439
f 3440 3439 3080
f 3799 4325 3800
f 4160 4326 4159
f 3080 3081 3440
f 3441 3440 3081
f 3800 4325 3801
f 4161 4326 4160
f 3081 3082 3441
f 3442 3441 3082
f 3801 4325 3802
f 4162 4326 4161
f 3082 3083 3442
f 3443 3442 3083
f 3802 4325 3803
f 4163 4326 4162
f 3083 3084 3443
f 3444 3443 3084
f 3803 4325 3804
f 4164 4326 4163
f 3084 3085 3444
f 3445 3444 3085
f 3804 4325 3805
f 4165 4326 4164
f 3085 3086 3445
f 3446 3445 3086
f 3805 4325 3806
f 4166 4326 4165
f 3086 3087 3446
f 3447 3446 3087
f 3806 4325 3807
f 4167 4326 4166
f 3087 3088 3447
f 3448 3447 3088
f 3807 4325 3808
f 4168 4326 4167
f 3088 3089 3448
f 3449 3448 3089
f 3808 4325 3809
f 4169 4326 4168
f 3089 3090 3449
f 3450 3449 3090
f 3809 4325 3810
f 4170 4326 4169
f 3090 3091 3450
f 3451 3450 3091
f 3810 4325 3811
f 4171 4326 4170
f 3091 3092 3451
f 3452 3451 3092
f 3811 4325 3812
f 4172 4326 4171
f 3092 3093 3452
f 3453 3452 3093
f 3812 4325 3813
f 4173 4326 4172
f 3093 3094 3453
f 3454 3453 3094
f 3813 4325 3814
f 4174 4326 4173
f 3094 3095 3454
f 3455 3454 3095
f 3814 4325 3815
f 4175 4326 4174
f 3095 3096 3455
f 3456 3455 3096
f 3815 4325 3816
f 4176 4326 4175
f 3096 3097 3456
f 3457 3456 3097
f 3816 4325 3817
f 4177 4326 4176
f 3097 3098 3457
f 3458 3457 3098
f 3817 4325 3818
f 4178 4326 4177
f 3098 3099 3458
f 3459 3458 3099
f 3818 4325 3819
f 4179 4326 4178
f 3099 3100 3459
f 3460 3459 3100
f 3819 4325 3820
f 4180 4326 4179
f 3100 3101 3460
f 3461 3460 3101
f 3820 4325 3821
f 4181 4326 4180
f 3101 3102 3461
f 3462 3461 3102
f 3821 4325 3822
f 4182 4326 4181
f 3102 3103 3462
f 3463 3462 3103
f 3822 4325 3823
f 4183 4326 4182
f 3103 3104 3463
f 3464 3463 3104
f 3823 4325 3824
f 4184 4326 4183
f 3104 3105 3464
f 3465 3464 3105
f 3824 4325 3825
f 4185 4326 4184
f 3105 3106 3465
f 3466 3465 3106
f 3825 4325 3826
f 4186 4326 4185
f 3106 3107 3466
f 3467 3466 3107
f 3826 4325 3827
f 4187 4326 4186
f 3107 3108 3467
f 3468 3467 3108
f 3827 4325 3828
f 4188 4326 4187
f 3108 3109 3468
f 3469 3468 3109
f 3828 4325 3829
f 4189 4326 4188
f 3109 3110 3469
f 3470 3469 3110
f 3829 4325 3830
f 4190 4326 4189
f 3110 3111 3470
f 3471 3470 3111
f 3830 4325 3831
f 4191 4326 4190
f 3111 3112 3471
f 3472 3471 3112
f 3831 4325 3832
f 4192 4326 4191
f 3112 3113 3472
f 3473 3472 3113
f 3832 4325 3833
f 4193 4326 4192
f 3113 3114 3473
f 3474 3473 3114
f 3833 4325 3834
f 4194 4326 4193
f 3114 3115 3474
f 3475 3474 3115
f 3834 4325 3835
f 4195 4326 4194
f 3115 3116 3475
f 3476 3475 3116
f 3835 4325 3836
f 4196 4326 4195
f 3116 3117 3476
f 3477 3476 3117
f 3836 4325 3837
f 4197 4326 4196
f 3117 3118 3477
f 3478 3477 3118
f 3837 4325 3838
f 4198 4326 4197
f 3118 3119 3478
f 3479 3478 3119
f 3838 4325 3839
f 4199 4326 4198
f 3119 3120 3479
f 3480 3479 3120
f 3839 4325 3840
f 4200 4326 4199
f 3120 3121 3480
f 3481 3480 3121
f 3840 4325 3841
f 4201 4326 4200
f 3121 3122 3481
f 3482 3481 3122
f 3841 4325 3842
f 4202 4326 4201
f 3122 3123 3482
f 3483 3482 3123
f 3842 4325 3843
f 4203 4326 4202
f 3123 3124 3483
f 3484 3483 3124
f 3843 4325 3844
f 4204 4326 4203
f 3124 3125 3484
f 3485 3484 3125
f 3844 4325 3845
f 4205 4326 4204
f 3125 3126 3485
f 3486 3485 3126
f 3845 4325 3846
f 4206 4326 4205
f 3126 3127 3486
f 3487 3486 3127
f 3846 4325 3847
f 4207 4326 4206
f 3127 3128 3487
f 3488 3487 3128
f 3847 4325 3848
f 4208 4326 4207
f 3128 3129 3488
f 3489 3488 3129
f 3848 4325 3849
f 4209 4326 4208
f 3129 3130 3489
f 3490 3489 3130
f 3849 4325 3850
f 4210 4326 4209
f 3130 3131 3490
f 3491 3490 3131
f 3850 4325 3851
f 4211 4326 4210
f 3131 3132 3491
f 3492 3491 3132
f 3851 4325 3852
f 4212 4326 4211
f 3132 3133 3492
f 3493 3492 3133
f 3852 4325 3853
f 4213 4326 4212
f 3133 3134 3493
f 3494 3493 3134
f 3853 4325 3854
f 4214 4326 4213
f 3134 3135 3494
f 3495 3494 3135
f 3854 4325 3855
f 4215 4326 4214
f 3135 3136 3495
f 3496 3495 3136
f 3855 4325 3856
f 4216 4326 4215
f 3136 3137 3496
f 3497 3496 3137
f 3856 4325 3857
f 4217 4326 4216
f 3137 3138 3497
f 3498 3497 3138
f 3857 4325 3858
f 4218 4326 4217
f 3138 3139 3498
f 3499 3498 3139
f 3858 4325 3859
f 4219 4326 4218
f 3139 3140 3499
f 3500 3499 3140
f 3859 4325 3860
f 4220 4326 4219
f 3140 3141 3500
f 3501 3500 3141
f 3860 4325 3861
f 4221 4326 4220
f 3141 3142 3501
f 3502 3501 3142
f 3861 4325 3862
f 4222 4326 4221
f 3142 3143 3502
f 3503 3502 3143
f 3862 4325 3863
f 4223 4326 4222
f 3143 3144 3503
f 3504 3503 3144
f 3863 4325 3864
f 4224 4326 4223
f 3144 3145 3504
f 3505 3504 3145
f 3864 4325 3865
f 4225 4326 4224
f 3145 3146 3505
f 3506 3505 3146
f 3865 4325 3866
f 4226 4326 4225
f 3146 3147 3506
f 3507 3506 3147
f 3866 4325 3867
f 4227 4326 4226
f 3147 3148 3507
f 3508 3507 3148
f 3867 4325 3868
f 4228 4326 4227
f 3148 3149 3508
f 3509 3508 3149
f 3868 4325 3869
f 4229 4326 4228
f 3149 3150 3509
f 3510 3509 3150
f 3869 4325 3870
f 4230 4326 4229
f 3150 3151 3510
f 3511 3510 3151
f 3870 4325 3871
f 4231 4326 4230
f 3151 3152 3511
f 3512 3511 3152
f 3871 4325 3872
f 4232 4326 4231
f 3152 3153 3512
f 3513 3512 3153
f 3872 4325 3873
f 4233 4326 4232
f 3153 3154 3513
f 3514 3513 3154
f 3873 4325 3874
f 4234 4326 4233
f 3154 3155 3514
f 3515 3514 3155
f 3874 4325 3875
f 4235 4326 4234
f 3155 3156 3515
f 3516 3515 3156
f 3875 4325 3876
f 4236 4326 4235
f 3156 3157 3516
f 3517 3516 3157
f 3876 4325 3877
f 4237 4326 4236
f 3157 3158 3517
f 3518 3517 3158
f 3877 4325 3878
f 4238 4326 4237
f 3158 3159 3518
f 3519 3518 3159
f 3878 4325 3879
f 4239 4326 4238
f 3159 3160 3519
f 3520 3519 3160
f 3879 4325 3880
f 4240 4326 4239
f 3160 3161 3520
f 3521 3520 3161
f 3880 4325 3881
f 4241 4326 4240
f 3161 3162 3521
f 3522 3521 3162
f 3881 4325 3882
f 4242 4326 4241
f 3162 3163 3522
f 3523 3522 3163
f 3882 4325 3883
f 4243 4326 4242
f 3163 3164 3523
f 3524 3523 3164
f 3883 4325 3884
f 4244 4326 4243
f 3164 3165 3524
f 3525 3524 3165
f 3884 4325 3885
f 4245 4326 4244
f 3165 3166 3525
f 3526 3525 3166
f 3885 4325 3886
f 4246 4326 4245
f 3166 3167 3526
f 3527 3526 3167
f 3886 4325 3887
f 4247 4326 4246
f 3167 3168 3527
f 3528 3527 3168
f 3887 4325 3888
f 4248 4326 4247
f 3168 3169 3528
f 3529 3528 3169
f 3888 4325 3889
f 4249 4326 4248
f 3169 3170 3529
f 3530 3529 3170
f 3889 4325 3890
f 4250 4326 4249
f 3170 3171 3530
f 3531 3530 3171
f 3890 4325 3891
f 4251 4326 4250
f 3171 3172 3531
f 3532 3531 3172
f 3891 4325 3892
f 4252 4326 4251
f 3172 3173 3532
f 3533 3532 3173
f 3892 4325 3893
f 4253 4326 4252
f 3173 3174 3533
f 3534 3533 3174
f 3893 4325 3894
f 4254 4326 4253
f 3174 3175 3534
f 3535 3534 3175
f 3894 4325 3895
f 4255 4326 4254
f 3175 3176 3535
f 3536 3535 3176
f 3895 4325 3896
f 4256 4326 4255
f 3176 3177 3536
f 3537 3536 3177
f 3896 4325 3897
f 4257 4326 4256
f 3177 3178 3537
f 3538 3537 3178
f 3897 4325 3898
f 4258 4326 4257
f 3178 3179 3538
f 3539 3538 3179
f 3898 4325 3899
f 4259 4326 4258
f 3179 3180 3539
f 3540 3539 3180
f 3899 4325 3900
f 4260 4326 4259
f 3180 3181 3540
f 3541 3540 3181
f 3900 4325 3901
f 4261 4326 4260
f 3181 3182 3541
f 3542 3541 3182
f 3901 4325 3902
f 4262 4326 4261
f 3182 3183 3542
f 3543 3542 3183
f 3902 4325 3903
f 4263 4326 4262
f 3183 3184 3543
f 3544 3543 3184
f 3903 4325 3904
f 4264 4326 4263
f 3184 3185 3544
f 3545 3544 3185
f 3904 4325 3905
f 4265 4326 4264
f 3185 3186 3545
f 3546 3545 3186
f 3905 4325 3906
f 4266 4326 4265
f 3186 3187 3546
f 3547 3546 3187
f 3906 4325 3907
f 4267 4326 4266
f 3187 3188 3547
f 3548 3547 3188
f 3907 4325 3908
f 4268 4326 4267
f 3188 3189 3548
f 3549 3548 3189
f 3908 4325 3909
f 4269 4326 4268
f 3189 3190 3549
f 3550 3549 3190
f 3909 4325 3910
f 4270 4326 4269
f 3190 3191 3550
f 3551 3550 3191
f 3910 4325 3911
f 4271 4326 4270
f 3191 3192 3551
f 3552 3551 3192
f 3911 4325 3912
f 4272 4326 4271
f 3192 3193 3552
f 3553 3552 3193
f 3912 4325 3913
f 4273 4326 4272
f 3193 3194 3553
f 3554 3553 3194
f 3913 4325 3914
f 4274 4326 4273
f 3194 3195 3554
f 3555 3554 3195
f 3914 4325 3915
f 4275 4326 4274
f 3195 3196 3555
f 3556 3555 3196
f 3915 4325 3916
f 4276 4326 4275
f 3196 3197 3556
f 3557 3556 3197
f 3916 4325 3917
f 4277 4326 4276
f 3197 3198 3557
f 3558 3557 3198
f 3917 4325 3918
f 4278 4326 4277
f 3198 3199 3558
f 3559 3558 3199
f 3918 4325 3919
f 4279 4326 4278
f 3199 3200 3559
f 3560 3559 3200
f 3919 4325 3920
f 4280 4326 4279
f 3200 3201 3560
f 3561 3560 3201
f 3920 4325 3921
f 4281 4326 4280
f 3201 3202 3561
f 3562 3561 3202
f 3921 4325 3922
f 4282 4326 4281
f 3202 3203 3562
f 3563 3562 3203
f 3922 4325 3923
f 4283 4326 4282
f 3203 3204 3563
f 3564 3563 3204
f 3923 4325 3924
f 4284 4326 4283
f 3204 3205 3564
f 3565 3564 3205
f 3924 4325 3925
f 4285 4326 4284
f 3205 3206 3565
f 3566 3565 3206
f 3925 4325 3926
f 4286 4326 4285
f 3206 3207 3566
f 3567 3566 3207
f 3926 4325 3927
f 4287 4326 4286
f 3207 3208 3567
f 3568 3567 3208
f 3927 4325 3928
f 4288 4326 4287
f 3208 3209 3568
f 3569 3568 3209
f 3928 4325 3929
f 4289 4326 4288
f 3209 3210 3569
f 3570 3569 3210
f 3929 4325 3930
f 4290 4326 4289
f 3210 3211 3570
f 3571 3570 3211
f 3930 4325 3931
f 4291 4326 4290
f 3211 3212 3571
f 3572 3571 3212
f 3931 4325 3932
f 4292 4326 4291
f 3212 3213 3572
f 3573 3572 3213
f 3932 4325 3933
f 4293 4326 4292
f 3213 3214 3573
f 3574 3573 3214
f 3933 4325 3934
f 4294 4326 4293
f 3214 3215 3574
f 3575 3574 3215
f 3934 4325 3935
f 4295 4326 4294
f 3215 3216 3575
f 3576 3575 3216
f 3935 4325 3936
f 4296 4326 4295
f 3216 3217 3576
f 3577 3576 3217
f 3936 4325 3937
f 4297 4326 4296
f 3217 3218 3577
f 3578 3577 3218
f 3937 4325 3938
f 4298 4326 4297
f 3218 3219 3578
f 3579 3578 3219
f 3938 4325 3939
f 4299 4326 4298
f 3219 3220 3579
f 3580 3579 3220
f 3939 4325 3940
f 4300 4326 4299
f 3220 3221 3580
f 3581 3580 3221
f 3940 4325 3941
f 4301 4326 4300
f 3221 3222 3581
f 3582 3581 3222
f 3941 4325 3942
f 4302 4326 4301
f 3222 3223 3582
f 3583 3582 3223
f 3942 4325 3943
f 4303 4326 4302
f 3223 3224 3583
f 3584 3583 3224
f 3943 4325 3944
f 4304 4326 4303
f 3224 3225 3584
f 3585 3584 3225
f 3944 4325 3945
f 4305 4326 4304
f 3225 3226 3585
f 3586 3585 3226
f 3945 4325 3946
f 4306 4326 4305
f 3226 3227 3586
f 3587 3586 3227
f 3946 4325 3947
f 4307 4326 4306
f 3227 3228 3587
f 3588 3587 3228
f 3947 4325 3948
f 4308 4326 4307
f 3228 3229 3588
f 3589 3588 3229
f 3948 4325 3949
f 4309 4326 4308
f 3229 3230 3589
f 3590 3589 3230
f 3949 4325 3950
f 4310 4326 4309
f 3230 3231 3590
f 3591 3590 3231
f 3950 4325 3951
f 4311 4326 4310
f 3231 3232 3591
f 3592 3591 3232
f 3951 4325 3952
f 4312 4326 4311
f 3232 3233 3592
f 3593 3592 3233
f 3952 4325 3953
f 4313 4326 4312
f 3233 3234 3593
f 3594 3593 3234
f 3953 4325 3954
f 4314 4326 4313
f 3234 3235 3594
f 3595 3594 3235
f 3954 4325 3955
f 4315 4326 4314
f 3235 3236 3595
f 3596 3595 3236
f 3955 4325 3956
f 4316 4326 4315
f 3236 3237 3596
f 3597 3596 3237
f 3956 4325 3957
f 4317 4326 4316
f 3237 3238 3597
f 3598 3597 3238
f 3957 4325 3958
f 4318 4326 4317
f 3238 3239 3598
f 3599 3598 3239
f 3958 4325 3959
f 4319 4326 4318
f 3239 3240 3599
f 3600 3599 3240
f 3959 4325 3960
f 4320 4326 4319
f 3240 3241 3600
f 3601 3600 3241
f 3960 4325 3961
f 4321 4326 4320
f 3241 3242 3601
f 3602 3601 3242
f 3961 4325 3962
f 4322 4326 4321
f 3242 3243 3602
f 3603 3602 3243
f 3962 4325 3963
f 4323 4326 4322
f 3243 3244 3603
f 3604 3603 3244
f 3963 4325 3964
f 4324 4326 4323
f 3244 2885 3604
f 3245 3604 2885
f 3964 4325 3605
f 3965 4326 4324
f 4327 4328 4687
f 4688 4687 4328
f 5047 5767 5048
f 5408 5768 5407
f 4328 4329 4688
f 4689 4688 4329
f 5048 5767 5049
f 5409 5768 5408
f 4329 4330 4689
f 4690 4689 4330
f 5049 5767 5050
f 5410 5768 5409
f 4330 4331 4690
f 4691 4690 4331
f 5050 5767 5051
f 5411 5768 5410
f 4331 4332 4691
f 4692 4691 4332
f 5051 5767 5052
f 5412 5768 5411
f 4332 4333 4692
f 4693 4692 4333
f 5052 5767 5053
f 5413 5768 5412
f 4333 4334 4693
f 4694 4693 4334
f 5053 5767 5054
f 5414 5768 5413
f 4334 4335 4694
f 4695 4694 4335
f 5054 5767 5055
f 5415 5768 5414
f 4335 4336 4695
f 4696 4695 4336
f 5055 5767 5056
f 5416 5768 5415
f 4336 4337 4696
f 4697 4696 4337
f 5056 5767 5057
f 5417 5768 5416
f 4337 4338 4697
f 4698 4697 4338
f 5057 5767 5058
f 5418 5768 5417
f 4338 4339 4698
f 4699 4698 4339
f 5058 5767 5059
f 5419 5768 5418
f 4339 4340 4699
f 4700 4699 4340
f 5059 5767 5060
f 5420 5768 5419
f 4340 4341 4700
f 4701 4700 4341
f 5060 5767 5061
f 5421 5768 5420
f 4341 4342 4701
f 4702 4701 4342
f 5061 5767 5062
f 5422 5768 5421
f 4342 4343 4702
f 4703 4702 4343
f 5062 5767 5063
f 5423 5768 5422
f 4343 4344 4703
f 4704 4703 4344
f 5063 5767 5064
f 5424 5768 5423
f 4344 4345 4704
f 4705 4704 4345
f 5064 5767 5065
f 5425 5768 5424
f 4345 4346 4705
f 4706 4705 4346
f 5065 5767 5066
f 5426 5768 5425
f 4346 4347 4706
f 4707 4706 4347
f 5066 5767 5067
f 5427 5768 5426
f 4347 4348 4707
f 4708 4707 4348
f 5067 5767 5068
f 5428 5768 5427
f 4348 4349 4708
f 4709 4708 4349
f 5068 5767 5069
f 5429 5768 5428
f 4349 4350 4709
f 4710 4709 4350
f 5069 5767 5070
f 5430 5768 5429
f 4350 4351 4710
f 4711 4710 4351
f 5070 5767 5071
f 5431 5768 5430
f 4351 4352 4711
f 4712 4711 4352
f 5071 5767 5072
f 5432 5768 5431
f 4352 4353 4712
f 4713 4712 4353
f 5072 5767 5073
f 5433 5768 5432
f 4353 4354 4713
f 4714 4713 4354
f 5073 5767 5074
f 5434 5768 5433
f 4354 4355 4714
f 4715 4714 4355
f 5074 5767 5075
f 5435 5768 5434
f 4355 4356 4715
f 4716 4715 4356
f 5075 5767 5076
f 5436 5768 5435
f 4356 4357 4716
f 4717 4716 4357
f 5076 5767 5077
f 5437 5768 5436
f 4357 4358 4717
f 4718 4717 4358
f 5077 5767 5078
f 5438 5768 5437
f 4358 4359 4718
f 4719 4718 4359
f 5078 5767 5079
f 5439 5768 5438
f 4359 4360 4719
f 4720 4719 4360
f 5079 5767 5080
f 5440 5768 5439
f 4360 4361 4720
f 4721 4720 4361
f 5080 5767 5081
f 5441 5768 5440
f 4361 4362 4721
f 4722 4721 4362
f 5081 5767 5082
f 5442 5768 5441
f 4362 4363 4722
f 4723 4722 4363
f 5082 5767 5083
f 5443 5768 5442
f 4363 4364 4723
f 4724 4723 4364
f 5083 5767 5084
f 5444 5768 5443
f 4364 4365 4724
f 4725 4724 4365
f 5084 5767 5085
f 5445 5768 5444
f 4365 4366 4725
f 4726 4725 4366
f 5085 5767 5086
f 5446 5768 5445
f 4366 4367 4726
f 4727 4726 4367
f 5086 5767 5087
f 5447 5768 5446
f 4367 4368 4727
f 4728 4727 4368
f 5087 5767 5088
f 5448 5768 5447
f 4368 4369 4728
f 4729 4728 4369
f 5088 5767 5089
f 5449 5768 5448
f 4369 4370 4729
f 4730 4729 4370
f 5089 5767 5090
f 5450 5768 5449
f 4370 4371 4730
f 4731 4730 4371
f 5090 5767 5091
f 5451 5768 5450
f 4371 4372 4731
f 4732 4731 4372
f 5091 5767 5092
f 5452 5768 5451
f 4372 4373 4732
f 4733 4732 4373
f 5092 5767 5093
f 5453 5768 5452
f 4373 4374 4733
f 4734 4733 4374
f 5093 5767 5094
f 5454 5768 5453
f 4374 4375 4734
f 4735 4734 4375
f 5094 5767 5095
f 5455 5768 5454
f 4375 4376 4735
f 4736 4735 4376
f 5095 5767 5096
f 5456 5768 5455
f 4376 4377 4736
f 4737 4736 4377
f 5096 5767 5097
f 5457 5768 5456
f 4377 4378 4737
f 4738 4737 4378
f 5097 5767 5098
f 5458 5768 5457
f 4378 4379 4738
f 4739 4738 4379
f 5098 5767 5099
f 5459 5768 5458
f 4379 4380 4739
f 4740 4739 4380
f 5099 5767 5100
f 5460 5768 5459
f 4380 4381 4740
f 4741 4740 4381
f 5100 5767 5101
f 5461 5768 5460
f 4381 4382 4741
f 4742 4741 4382
f 5101 5767 5102
f 5462 5768 5461
f 4382 4383 4742
f 4743 4742 4383
f 5102 5767 5103
f 5463 5768 5462
f 4383 4384 4743
f 4744 4743 4384
f 5103 5767 5104
f 5464 5768 5463
f 4384 4385 4744
f 4745 4744 4385
f 5104 5767 5105
f 5465 5768 5464
f 4385 4386 4745
f 4746 4745 4386
f 5105 5767 5106
f 5466 5768 5465
f 4386 4387 4746
f 4747 4746 4387
f 5106 5767 5107
f 5467 5768 5466
f 4387 4388 4747
f 4748 4747 4388
f 5107 5767 5108
f 5468 5768 5467
f 4388 4389 4748
f 4749 4748 4389
f 5108 5767 5109
f 5469 5768 5468
f 4389 4390 4749
f 4750 4749 4390
f 5109 5767 5110
f 5470 5768 5469
f 4390 4391 4750
f 4751 4750 4391
f 5110 5767 5111
f 5471 5768 5470
f 4391 4392 4751
f 4752 4751 4392
f 5111 5767 5112
f 5472 5768 5471
f 4392 4393 4752
f 4753 4752 4393
f 5112 5767 5113
f 5473 5768 5472
f 4393 4394 4753
f 4754 4753 4394
f 5113 5767 5114
f 5474 5768 5473
f 4394 4395 4754
f 4755 4754 4395
f 5114 5767 5115
f 5475 5768 5474
f 4395 4396 4755
f 4756 4755 4396
f 5115 5767 5116
f 5476 5768 5475
f 4396 4397 4756
f 4757 4756 4397
f 5116 5767 5117
f 5477 5768 5476
f 4397 4398 4757
f 4758 4757 4398
f 5117 5767 5118
f 5478 5768 5477
f 4398 4399 4758
f 4759 4758 4399
f 5118 5767 5119
f 5479 5768 5478
f 4399 4400 4759
f 4760 4759 4400
f 5119 5767 5120
f 5480 5768 5479
f 4400 4401 4760
f 4761 4760 4401
f 5120 5767 5121
f 5481 5768 5480
f 4401 4402 4761
f 4762 4761 4402
f 5121 5767 5122
f 5482 5768 5481
f 4402 4403 4762
f 4763 4762 4403
f 5122 5767 5123
f 5483 5768 5482
f 4403 4404 4763
f 4764 4763 4404
f 5123 5767 5124
f 5484 5768 5483
f 4404 4405 4764
f 4765 4764 4405
f 5124 5767 5125
f 5485 5768 5484
f 4405 4406 4765
f 4766 4765 4406
f 5125 5767 5126
f 5486 5768 5485
f 4406 4407 4766
f 4767 4766 4407
f 5126 5767 5127
f 5487 5768 5486
f 4407 4408 4767
f 4768 4767 4408
f 5127 5767 5128
f 5488 5768 5487
f 4408 4409 4768
f 4769 4768 4409
f 5128 5767 5129
f 5489 5768 5488
f 4409 4410 4769
f 4770 4769 4410
f 5129 5767 5130
f 5490 5768 5489
f 4410 4411 4770
f 4771 4770 4411
f 5130 5767 5131
f 5491 5768 5490
f 4411 4412 4771
f 4772 4771 4412
f 5131 5767 5132
f 5492 5768 5491
f 4412 4413 4772
f 4773 4772 4413
f 5132 5767 5133
f 5493 5768 5492
f 4413 4414 4773
f 4774 4773 4414
f 5133 5767 5134
f 5494 5768 5493
f 4414 4415 4774
f 4775 4774 4415
f 5134 5767 5135
f 5495 5768 5494
f 4415 4416 4775
f 4776 4775 4416
f 5135 5767 5136
f 5496 5768 5495
f 4416 4417 4776
f 4777 4776 4417
f 5136 5767 5137
f 5497 5768 5496
f 4417 4418 4777
f 4778 4777 4418
f 5137 5767 5138
f 5498 5768 5497
f 4418 4419 4778
f 4779 4778 4419
f 5138 5767 5139
f 5499 5768 5498
f 4419 4420 4779
f 4780 4779 4420
f 5139 5767 5140
f 5500 5768 5499
f 4420 4421 4780
f 4781 4780 4421
f 5140 5767 5141
f 5501 5768 5500
f 4421 4422 4781
f 4782 4781 4422
f 5141 5767 5142
f 5502 5768 5501
f 4422 4423 4782
f 4783 4782 4423
f 5142 5767 5143
f 5503 5768 5502
f 4423 4424 4783
f 4784 4783 4424
f 5143 5767 5144
f 5504 5768 5503
f 4424 4425 4784
f 4785 4784 4425
f 5144 5767 5145
f 5505 5768 5504
f 4425 4426 4785
f 4786 4785 4426
f 5145 5767 5146
f 5506 5768 5505
f 4426 4427 4786
f 4787 4786 4427
f 5146 5767 5147
f 5507 5768 5506
f 4427 4428 4787
f 4788 4787 4428
f 5147 5767 5148
f 5508 5768 5507
f 4428 4429 4788
f 4789 4788 4429
f 5148 5767 5149
f 5509 5768 5508
f 4429 4430 4789
f 4790 4789 4430
f 5149 5767 5150
f 5510 5768 5509
f 4430 4431 4790
f 4791 4790 4431
f 5150 5767 5151
f 5511 5768 5510
f 4431 4432 4791
f 4792 4791 4432
f 5151 5767 5152
f 5512 5768 5511
f 4432 4433 4792
f 4793 4792 4433
f 5152 5767 5153
f 5513 5768 5512
f 4433 4434 4793
f 4794 4793 4434
f 5153 5767 5154
f 5514 5768 5513
f 4434 4435 4794
f 4795 4794 4435
f 5154 5767 5155
f 5515 5768 5514
f 4435 4436 4795
f 4796 4795 4436
f 5155 5767 5156
f 5516 5768 5515
f 4436 4437 4796
f 4797 4796 4437
f 5156 5767 5157
f 5517 5768 5516
f 4437 4438 4797
f 4798 4797 4438
f 5157 5767 5158
f 5518 5768 5517
f 4438 4439 4798
f 4799 4798 4439
f 5158 5767 5159
f 5519 5768 5518
f 4439 4440 4799
f 4800 4799 4440
f 5159 5767 5160
f 5520 5768 5519
f 4440 4441 4800
f 4801 4800 4441
f 5160 5767 5161
f 5521 5768 5520
f 4441 4442 4801
f 4802 4801 4442
f 5161 5767 5162
f 5522 5768 5521
f 4442 4443 4802
f 4803 4802 4443
f 5162 5767 5163
f 5523 5768 5522
f 4443 4444 4803
f 4804 4803 4444
f 5163 5767 5164
f 5524 5768 5523
f 4444 4445 4804
f 4805 4804 4445
f 5164 5767 5165
f 5525 5768 5524
f 4445 4446 4805
f 4806 4805 4446
f 5165 5767 5166
f 5526 5768 5525
f 4446 4447 4806
f 4807 4806 4447
f 5166 5767 5167
f 5527 5768 5526
f 4447 4448 4807
f 4808 4807 4448
f 5167 5767 5168
f 5528 5768 5527
f 4448 4449 4808
f 4809 4808 4449
f 5168 5767 5169
f 5529 5768 5528
f 4449 4450 4809
f 4810 4809 4450
f 5169 5767 5170
f 5530 5768 5529
f 4450 4451 4810
f 4811 4810 4451
f 5170 5767 5171
f 5531 5768 5530
f 4451 4452 4811
f 4812 4811 4452
f 5171 5767 5172
f 5532 5768 5531
f 4452 4453 4812
f 4813 4812 4453
f 5172 5767 5173
f 5533 5768 5532
f 4453 4454 4813
f 4814 4813 4454
f 5173 5767 5174
f 5534 5768 5533
f 4454 4455 4814
f 4815 4814 4455
f 5174 5767 5175
f 5535 5768 5534
f 4455 4456 4815
f 4816 4815 4456
f 5175 5767 5176
f 5536 5768 5535
f 4456 4457 4816
f 4817 4816 4457
f 5176 5767 5177
f 5537 5768 5536
f 4457 4458 4817
f 4818 4817 4458
f 5177 5767 5178
f 5538 5768 5537
f 4458 4459 4818
f 4819 4818 4459
f 5178 5767 5179
f 5539 5768 5538
f 4459 4460 4819
f 4820 4819 4460
f 5179 5767 5180
f 5540 5768 5539
f 4460 4461 4820
f 4821 4820 4461
f 5180 5767 5181
f 5541 5768 5540
f 4461 4462 4821
f 4822 4821 4462
f 5181 5767 5182
f 5542 5768 5541
f 4462 4463 4822
f 4823 4822 4463
f 5182 5767 5183
f 5543 5768 5542
f 4463 4464 4823
f 4824 4823 4464
f 5183 5767 5184
f 5544 5768 5543
f 4464 4465 4824
f 4825 4824 4465
f 5184 5767 5185
f 5545 5768 5544
f 4465 4466 4825
f 4826 4825 4466
f 5185 5767 5186
f 5546 5768 5545
f 4466 4467 4826
f 4827 4826 4467
f 5186 5767 5187
f 5547 5768 5546
f 4467 4468 4827
f 4828 4827 4468
f 5187 5767 5188
f 5548 5768 5547
f 4468 4469 4828
f 4829 4828 4469
f 5188 5767 5189
f 5549 5768 5548
f 4469 4470 4829
f 4830 4829 4470
f 5189 5767 5190
f 5550 5768 5549
f 4470 4471 4830
f 4831 4830 4471
f 5190 5767 5191
f 5551 5768 5550
f 4471 4472 4831
f 4832 4831 4472
f 5191 5767 5192
f 5552 5768 5551
f 4472 4473 4832
f 4833 4832 4473
f 5192 5767 5193
f 5553 5768 5552
f 4473 4474 4833
f 4834 4833 4474
f 5193 5767 5194
f 5554 5768 5553
f 4474 4475 4834
f 4835 4834 4475
f 5194 5767 5195
f 5555 5768 5554
f 4475 4476 4835
f 4836 4835 4476
f 5195 5767 5196
f 5556 5768 5555
f 4476 4477 4836
f 4837 4836 4477
f 5196 5767 5197
f 5557 5768 5556
f 4477 4478 4837
f 4838 4837 4478
f 5197 5767 5198
f 5558 5768 5557
f 4478 4479 4838
f 4839 4838 4479
f 5198 5767 5199
f 5559 5768 5558
f 4479 4480 4839
f 4840 4839 4480
f 5199 5767 5200
f 5560 5768 5559
f 4480 4481 4840
f 4841 4840 4481
f 5200 5767 5201
f 5561 5768 5560
f 4481 4482 4841
f 4842 4841 4482
f 5201 5767 5202
f 5562 5768 5561
f 4482 4483 4842
f 4843 4842 4483
f 5202 5767 5203
f 5563 5768 5562
f 4483 4484 4843
f 4844 4843 4484
f 5203 5767 5204
f 5564 5768 5563
f 4484 4485 4844
f 4845 4844 4485
f 5204 5767 5205
f 5565 5768 5564
f 4485 4486 4845
f 4846 4845 4486
f 5205 5767 5206
f 5566 5768 5565
f 4486 4487 4846
f 4847 4846 4487
f 5206 5767 5207
f 5567 5768 5566
f 4487 4488 4847
f 4848 4847 4488
f 5207 5767 5208
f 5568 5768 5567
f 4488 4489 4848
f 4849 4848 4489
f 5208 5767 5209
f 5569 5768 5568
f 4489 4490 4849
f 4850 4849 4490
f 5209 5767 5210
f 5570 5768 5569
f 4490 4491 4850
f 4851 4850 4491
f 5210 5767 5211
f 5571 5768 5570
f 4491 4492 4851
f 4852 4851 4492
f 5211 5767 5212
f 5572 5768 5571
f 4492 4493 4852
f 4853 4852 4493
f 5212 5767 5213
f 5573 5768 5572
f 4493 4494 4853
f 4854 4853 4494
f 5213 5767 5214
f 5574 5768 5573
f 4494 4495 4854
f 4855 4854 4495
f 5214 5767 5215
f 5575 5768 5574
f 4495 4496 4855
f 4856 4855 4496
f 5215 5767 5216
f 5576 5768 5575
f 4496 4497 4856
f 4857 4856 4497
f 5216 5767 5217
f 5577 5768 5576
f 4497 4498 4857
f 4858 4857 4498
f 5217 5767 5218
f 5578 5768 5577
f 4498 4499 4858
f 4859 4858 4499
f 5218 5767 5219
f 5579 5768 5578
f 4499 4500 4859
f 4860 4859 4500
f 5219 5767 5220
f 5580 5768 5579
f 4500 4501 4860
f 4861 4860 4501
f 5220 5767 5221
f 5581 5768 5580
f 4501 4502 4861
f 4862 4861 4502
f 5221 5767 5222
f 5582 5768 5581
f 4502 4503 4862
f 4863 4862 4503
f 5222 5767 5223
f 5583 5768 5582
f 4503 4504 4863
f 4864 4863 4504
f 5223 5767 5224
f 5584 5768 5583
f 4504 4505 4864
f 4865 4864 4505
f 5224 5767 5225
f 5585 5768 5584
f 4505 4506 4865
f 4866 4865 4506
f 5225 5767 5226
f 5586 5768 5585
f 4506 4507 4866
f 4867 4866 4507
f 5226 5767 5227
f 5587 5768 5586
f 4507 4508 4867
f 4868 4867 4508
f 5227 5767 5228
f 5588 5768 5587
f 4508 4509 4868
f 4869 4868 4509
f 5228 5767 5229
f 5589 5768 5588
f 4509 4510 4869
f 4870 4869 4510
f 5229 5767 5230
f 5590 5768 5589
f 4510 4511 4870
f 4871 4870 4511
f 5230 5767 5231
f 5591 5768 5590
f 4511 4512 4871
f 4872 4871 4512
f 5231 5767 5232
f 5592 5768 5591
f 4512 4513 4872
f 4873 4872 4513
f 5232 5767 5233
f 5593 5768 5592
f 4513 4514 4873
f 4874 4873 4514
f 5233 5767 5234
f 5594 5768 5593
f 4514 4515 4874
f 4875 4874 4515
f 5234 5767 5235
f 5595 5768 5594
f 4515 4516 4875
f 4876 4875 4516
f 5235 5767 5236
f 5596 5768 5595
f 4516 4517 4876
f 4877 4876 4517
f 5236 5767 5237
f 5597 5768 5596
f 4517 4518 4877
f 4878 4877 4518
f 5237 5767 5238
f 5598 5768 5597
f 4518 4519 4878
f 4879 4878 4519
f 5238 5767 5239
f 5599 5768 5598
f 4519 4520 4879
f 4880 4879 4520
f 5239 5767 5240
f 5600 5768 5599
f 4520 4521 4880
f 4881 4880 4521
f 5240 5767 5241
f 5601 5768 5600
f 4521 4522 4881
f 4882 4881 4522
f 5241 5767 5242
f 5602 5768 5601
f 4522 4523 4882
f 4883 4882 4523
f 5242 5767 5243
f 5603 5768 5602
f 4523 4524 4883
f 4884 4883 4524
f 5243 5767 5244
f 5604 5768 5603
f 4524 4525 4884
f 4885 4884 4525
f 5244 5767 5245
f 5605 5768 5604
f 4525 4526 4885
f 4886 4885 4526
f 5245 5767 5246
f 5606 5768 5605
f 4526 4527 4886
f 4887 4886 4527
f 5246 5767 5247
f 5607 5768 5606
f 4527 4528 4887
f 4888 4887 4528
f 5247 5767 5248
f 5608 5768 5607
f 4528 4529 4888
f 4889 4888 4529
f 5248 5767 5249
f 5609 5768 5608
f 4529 4530 4889
f 4890 4889 4530
f 5249 5767 5250
f 5610 5768 5609
f 4530 4531 4890
f 4891 4890 4531
f 5250 5767 5251
f 5611 5768 5610
f 4531 4532 4891
f 4892 4891 4532
f 5251 5767 5252
f 5612 5768 5611
f 4532 4533 4892
f 4893 4892 4533
f 5252 5767 5253
f 5613 5768 5612
f 4533 4534 4893
f 4894 4893 4534
f 5253 5767 5254
f 5614 5768 5613
f 4534 4535 4894
f 4895 4894 4535
f 5254 5767 5255
f 5615 5768 5614
f 4535 4536 4895
f 4896 4895 4536
f 5255 5767 5256
f 5616 5768 5615
f 4536 4537 4896
f 4897 4896 4537
f 5256 5767 5257
f 5617 5768 5616
f 4537 4538 4897
f 4898 4897 4538
f 5257 5767 5258
f 5618 5768 5617
f 4538 4539 4898
f 4899 4898 4539
f 5258 5767 5259
f 5619 5768 5618
f 4539 4540 4899
f 4900 4899 4540
f 5259 5767 5260
f 5620 5768 5619
f 4540 4541 4900
f 4901 4900 4541
f 5260 5767 5261
f 5621 5768 5620
f 4541 4542 4901
f 4902 4901 4542
f 5261 5767 5262
f 5622 5768 5621
f 4542 4543 4902
f 4903 4902 4543
f 5262 5767 5263
f 5623 5768 5622
f 4543 4544 4903
f 4904 4903 4544
f 5263 5767 5264
f 5624 5768 5623
f 4544 4545 4904
f 4905 4904 4545
f 5264 5767 5265
f 5625 5768 5624
f 4545 4546 4905
f 4906 4905 4546
f 5265 5767 5266
f 5626 5768 5625
f 4546 4547 4906
f 4907 4906 4547
f 5266 5767 5267
f 5627 5768 5626
f 4547 4548 4907
f 4908 4907 4548
f 5267 5767 5268
f 5628 5768 5627
f 4548 4549 4908
f 4909 4908 4549
f 5268 5767 5269
f 5629 5768 5628
f 4549 4550 4909
f 4910 4909 4550
f 5269 5767 5270
f 5630 5768 5629
f 4550 4551 4910
f 4911 4910 4551
f 5270 5767 5271
f 5631 5768 5630
f 4551 4552 4911
f 4912 4911 4552
f 5271 5767 5272
f 5632 5768 5631
f 4552 4553 4912
f 4913 4912 4553
f 5272 5767 5273
f 5633 5768 5632
f 4553 4554 4913
f 4914 4913 4554
f 5273 5767 5274
f 5634 5768 5633
f 4554 4555 4914
f 4915 4914 4555
f 5274 5767 5275
f 5635 5768 5634
f 4555 4556 4915
f 4916 4915 4556
f 5275 5767 5276
f 5636 5768 5635
f 4556 4557 4916
f 4917 4916 4557
f 5276 5767 5277
f 5637 5768 5636
f 4557 4558 4917
f 4918 4917 4558
f 5277 5767 5278
f 5638 5768 5637
f 4558 4559 4918
f 4919 4918 4559
f 5278 5767 5279
f 5639 5768 5638
f 4559 4560 4919
f 4920 4919 4560
f 5279 5767 5280
f 5640 5768 5639
f 4560 4561 4920
f 4921 4920 4561
f 5280 5767 5281
f 5641 5768 5640
f 4561 4562 4921
f 4922 4921 4562
f 5281 5767 5282
f 5642 5768 5641
f 4562 4563 4922
f 4923 4922 4563
f 5282 5767 5283
f 5643 5768 5642
f 4563 4564 4923
f 4924 4923 4564
f 5283 5767 5284
f 5644 5768 5643
f 4564 4565 4924
f 4925 4924 4565
f 5284 5767 5285
f 5645 5768 5644
f 4565 4566 4925
f 4926 4925 4566
f 5285 5767 5286
f 5646 5768 5645
f 4566 4567 4926
f 4927 4926 4567
f 5286 5767 5287
f 5647 5768 5646
f 4567 4568 4927
f 4928 4927 4568
f 5287 5767 5288
f 5648 5768 5647
f 4568 4569 4928
f 4929 4928 4569
f 5288 5767 5289
f 5649 5768 5648
f 4569 4570 4929
f 4930 4929 4570
f 5289 5767 5290
f 5650 5768 5649
f 4570 4571 4930
f 4931 4930 4571
f 5290 5767 5291
f 5651 5768 5650
f 4571 4572 4931
f 4932 4931 4572
f 5291 5767 5292
f 5652 5768 5651
f 4572 4573 4932
f 4933 4932 4573
f 5292 5767 5293
f 5653 5768 5652
f 4573 4574 4933
f 4934 4933 4574
f 5293 5767 5294
f 5654 5768 5653
f 4574 4575 4934
f 4935 4934 4575
f 5294 5767 5295
f 5655 5768 5654
f 4575 4576 4935
f 4936 4935 4576
f 5295 5767 5296
f 5656 5768 5655
f 4576 4577 4936
f 4937 4936 4577
f 5296 5767 5297
f 5657 5768 5656
f 4577 4578 4937
f 4938 4937 4578
f 5297 5767 5298
f 5658 5768 5657
f 4578 4579 4938
f 4939 4938 4579
f 5298 5767 5299
f 5659 5768 5658
f 4579 4580 4939
f 4940 4939 4580
f 5299 5767 5300
f 5660 5768 5659
f 4580 4581 4940
f 4941 4940 4581
f 5300 5767 5301
f 5661 5768 5660
f 4581 4582 4941
f 4942 4941 4582
f 5301 5767 5302
f 5662 5768 5661
f 4582 4583 4942
f 4943 4942 4583
f 5302 5767 5303
f 5663 5768 5662
f 4583 4584 4943
f 4944 4943 4584
f 5303 5767 5304
f 5664 5768 5663
f 4584 4585 4944
f 4945 4944 4585
f 5304 5767 5305
f 5665 5768 5664
f 4585 4586 4945
f 4946 4945 4586
f 5305 5767 5306
f 5666 5768 5665
f 4586 4587 4946
f 4947 4946 4587
f 5306 5767 5307
f 5667 5768 5666
f 4587 4588 4947
f 4948 4947 4588
f 5307 5767 5308
f 5668 5768 5667
f 4588 4589 4948
f 4949 4948 4589
f 5308 5767 5309
f 5669 5768 5668
f 4589 4590 4949
f 4950 4949 4590
f 5309 5767 5310
f 5670 5768 5669
f 4590 4591 4950
f 4951 4950 4591
f 5310 5767 5311
f 5671 5768 5670
f 4591 4592 4951
f 4952 4951 4592
f 5311 5767 5312
f 5672 5768 5671
f 4592 4593 4952
f 4953 4952 4593
f 5312 5767 5313
f 5673 5768 5672
f 4593 4594 4953
f 4954 4953 4594
f 5313 5767 5314
f 5674 5768 5673
f 4594 4595 4954
f 4955 4954 4595
f 5314 5767 5315
f 5675 5768 5674
f 4595 4596 4955
f 4956 4955 4596
f 5315 5767 5316
f 5676 5768 5675
f 4596 4597 4956
f 4957 4956 4597
f 5316 5767 5317
f 5677 5768 5676
f 4597 4598 4957
f 4958 4957 4598
f 5317 5767 5318
f 5678 5768 5677
f 4598 4599 4958
f 4959 4958 4599
f 5318 5767 5319
f 5679 5768 5678
f 4599 4600 4959
f 4960 4959 4600
f 5319 5767 5320
f 5680 5768 5679
f 4600 4601 4960
f 4961 4960 4601
f 5320 5767 5321
f 5681 5768 5680
f 4601 4602 4961
f 4962 4961 4602
f 5321 5767 5322
f 5682 5768 5681
f 4602 4603 4962
f 4963 4962 4603
f 5322 5767 5323
f 5683 5768 5682
f 4603 4604 4963
f 4964 4963 4604
f 5323 5767 5324
f 5684 5768 5683
f 4604 4605 4964
f 4965 4964 4605
f 5324 5767 5325
f 5685 5768 5684
f 4605 4606 4965
f 4966 4965 4606
f 5325 5767 5326
f 5686 5768 5685
f 4606 4607 4966
f 4967 4966 4607
f 5326 5767 5327
f 5687 5768 5686
f 4607 4608 4967
f 4968 4967 4608
f 5327 5767 5328
f 5688 5768 5687
f 4608 4609 4968
f 4969 4968 4609
f 5328 5767 5329
f 5689 5768 5688
f 4609 4610 4969
f 4970 4969 4610
f 5329 5767 5330
f 5690 5768 5689
f 4610 4611 4970
f 4971 4970 4611
f 5330 5767 5331
f 5691 5768 5690
f 4611 4612 4971
f 4972 4971 4612
f 5331 5767 5332
f 5692 5768 5691
f 4612 4613 4972
f 4973 4972 4613
f 5332 5767 5333
f 5693 5768 5692
f 4613 4614 4973
f 4974 4973 4614
f 5333 5767 5334
f 5694 5768 5693
f 4614 4615 4974
f 4975 4974 4615
f 5334 5767 5335
f 5695 5768 5694
f 4615 4616 4975
f 4976 4975 4616
f 5335 5767 5336
f 5696 5768 5695
f 4616 4617 4976
f 4977 4976 4617
f 5336 5767 5337
f 5697 5768 5696
f 4617 4618 4977
f 4978 4977 4618
f 5337 5767 5338
f 5698 5768 5697
f 4618 4619 4978
f 4979 4978 4619
f 5338 5767 5339
f 5699 5768 5698
f 4619 4620 4979
f 4980 4979 4620
f 5339 5767 5340
f 5700 5768 5699
f 4620 4621 4980
f 4981 4980 4621
f 5340 5767 5341
f 5701 5768 5700
f 4621 4622 4981
f 4982 4981 4622
f 5341 5767 5342
f 5702 5768 5701
f 4622 4623 4982
f 4983 4982 4623
f 5342 5767 5343
f 5703 5768 5702
f 4623 4624 4983
f 4984 4983 4624
f 5343 5767 5344
f 5704 5768 5703
f 4624 4625 4984
f 4985 4984 4625
f 5344 5767 5345
f 5705 5768 5704
f 4625 4626 4985
f 4986 4985 4626
f 5345 5767 5346
f 5706 5768 5705
f 4626 4627 4986
f 4987 4986 4627
f 5346 5767 5347
f 5707 5768 5706
f 4627 4628 4987
f 4988 4987 4628
f 5347 5767 5348
f 5708 5768 5707
f 4628 4629 4988
f 4989 4988 4629
f 5348 5767 5349
f 5709 5768 5708
f 4629 4630 4989
f 4990 4989 4630
f 5349 5767 5350
f 5710 5768 5709
f 4630 4631 4990
f 4991 4990 4631
f 5350 5767 5351
f 5711 5768 5710
f 4631 4632 4991
f 4992 4991 4632
f 5351 5767 5352
f 5712 5768 5711
f 4632 4633 4992
f 4993 4992 4633
f 5352 5767 5353
f 5713 5768 5712
f 4633 4634 4993
f 4994 4993 4634
f 5353 5767 5354
f 5714 5768 5713
f 4634 4635 4994
f 4995 4994 4635
f 5354 5767 5355
f 5715 5768 5714
f 4635 4636 4995
f 4996 4995 4636
f 5355 5767 5356
f 5716 5768 5715
f 4636 4637 4996
f 4997 4996 4637
f 5356 5767 5357
f 5717 5768 5716
f 4637 4638 4997
f 4998 4997 4638
f 5357 5767 5358
f 5718 5768 5717
f 4638 4639 4998
f 4999 4998 4639
f 5358 5767 5359
f 5719 5768 5718
f 4639 4640 4999
f 5000 4999 4640
f 5359 5767 5360
f 5720 5768 5719
f 4640 4641 5000
f 5001 5000 4641
f 5360 5767 5361
f 5721 5768 5720
f 4641 4642 5001
f 5002 5001 4642
f 5361 5767 5362
f 5722 5768 5721
f 4642 4643 5002
f 5003 5002 4643
f 5362 5767 5363
f 5723 5768 5722
f 4643 4644 5003
f 5004 5003 4644
f 5363 5767 5364
f 5724 5768 5723
f 4644 4645 5004
f 5005 5004 4645
f 5364 5767 5365
f 5725 5768 5724
f 4645 4646 5005
f 5006 5005 4646
f 5365 5767 5366
f 5726 5768 5725
f 4646 4647 5006
f 5007 5006 4647
f 5366 5767 5367
f 5727 5768 5726
f 4647 4648 5007
f 5008 5007 4648
f 5367 5767 5368
f 5728 5768 5727
f 4648 4649 5008
f 5009 5008 4649
f 5368 5767 5369
f 5729 5768 5728
f 4649 4650 5009
f 5010 5009 4650
f 5369 5767 5370
f 5730 5768 5729
f 4650 4651 5010
f 5011 5010 4651
f 5370 5767 5371
f 5731 5768 5730
f 4651 4652 5011
f 5012 5011 4652
f 5371 5767 5372
f 5732 5768 5731
f 4652 4653 5012
f 5013 5012 4653
f 5372 5767 5373
f 5733 5768 5732
f 4653 4654 5013
f 5014 5013 4654
f 5373 5767 5374
f 5734 5768 5733
f 4654 4655 5014
f 5015 5014 4655
f 5374 5767 5375
f 5735 5768 5734
f 4655 4656 5015
f 5016 5015 4656
f 5375 5767 5376
f 5736 5768 5735
f 4656 4657 5016
f 5017 5016 4657
f 5376 5767 5377
f 5737 5768 5736
f 4657 4658 5017
f 5018 5017 4658
f 5377 5767 5378
f 5738 5768 5737
f 4658 4659 5018
f 5019 5018 4659
f 5378 5767 5379
f 5739 5768 5738
f 4659 4660 5019
f 5020 5019 4660
f 5379 5767 5380
f 5740 5768 5739
f 4660 4661 5020
f 5021 5020 4661
f 5380 5767 5381
f 5741 5768 5740
f 4661 4662 5021
f 5022 5021 4662
f 5381 5767 5382
f 5742 5768 5741
f 4662 4663 5022
f 5023 5022 4663
f 5382 5767 5383
f 5743 5768 5742
f 4663 4664 5023
f 5024 5023 4664
f 5383 5767 5384
f 5744 5768 5743
f 4664 4665 5024
f 5025 5024 4665
f 5384 5767 5385
f 5745 5768 5744
f 4665 4666 5025
f 5026 5025 4666
f 5385 5767 5386
f 5746 5768 5745
f 4666 4667 5026
f 5027 5026 4667
f 5386 5767 5387
f 5747 5768 5746
f 4667 4668 5027
f 5028 5027 4668
f 5387 5767 5388
f 5748 5768 5747
f 4668 4669 5028
f 5029 5028 4669
f 5388 5767 5389
f 5749 5768 5748
f 4669 4670 5029
f 5030 5029 4670
f 5389 5767 5390
f 5750 5768 5749
f 4670 4671 5030
f 5031 5030 4671
f 5390 5767 5391
f 5751 5768 5750
f 4671 4672 5031
f 5032 5031 4672
f 5391 5767 5392
f 5752 5768 5751
f 4672 4673 5032
f 5033 5032 4673
f 5392 5767 5393
f 5753 5768 5752
f 4673 4674 5033
f 5034 5033 4674
f 5393 5767 5394
f 5754 5768 5753
f 4674 4675 5034
f 5035 5034 4675
f 5394 5767 5395
f 5755 5768 5754
f 4675 4676 5035
f 5036 5035 4676
f 5395 5767 5396
f 5756 5768 5755
f 4676 4677 5036
f 5037 5036 4677
f 5396 5767 5397
f 5757 5768 5756
f 4677 4678 5037
f 5038 5037 4678
f 5397 5767 5398
f 5758 5768 5757
f 4678 4679 5038
f 5039 5038 4679
f 5398 5767 5399
f 5759 5768 5758
f 4679 4680 5039
f 5040 5039 4680
f 5399 5767 5400
f 5760 5768 5759
f 4680 4681 5040
f 5041 5040 4681
f 5400 5767 5401
f 5761 5768 5760
f 4681 4682 5041
f 5042 5041 4682
f 5401 5767 5402
f 5762 5768 5761
f 4682 4683 5042
f 5043 5042 4683
f 5402 5767 5403
f 5763 5768 5762
f 4683 4684 5043
f 5044 5043 4684
f 5403 5767 5404
f 5764 5768 5763
f 4684 4685 5044
f 5045 5044 4685
f 5404 5767 5405
f 5765 5768 5764
f 4685 4686 5045
f 5046 5045 4686
f 5405 5767 5406
f 5766 5768 5765
f 4686 4327 5046
f 4687 5046 4327
f 5406 5767 5047
f 5407 5768 5766
f 5769 5770 6129
f 6130 6129 5770
f 6489 7209 6490
f 6850 7210 6849
f 5770 5771 6130
f 6131 6130 5771
f 6490 7209 6491
f 6851 7210 6850
f 5771 5772 6131
f 6132 6131 5772
f 6491 7209 6492
f 6852 7210 6851
f 5772 5773 6132
f 6133 6132 5773
f 6492 7209 6493
f 6853 7210 6852
f 5773 5774 6133
f 6134 6133 5774
f 6493 7209 6494
f 6854 7210 6853
f 5774 5775 6134
f 6135 6134 5775
f 6494 7209 6495
f 6855 7210 6854
f 5775 5776 6135
f 6136 6135 5776
f 6495 7209 6496
f 6856 7210 6855
f 5776 5777 6136
f 6137 6136 5777
f 6496 7209 6497
f 6857 7210 6856
f 5777 5778 6137
f 6138 6137 5778
f 6497 7209 6498
f 6858 7210 6857
f 5778 5779 6138
f 6139 6138 5779
f 6498 7209 6499
f 6859 7210 6858
f 5779 5780 6139
f 6140 6139 5780
f 6499 7209 6500
f 6860 7210 6859
f 5780 5781 6140
f 6141 6140 5781
f 6500 7209 6501
f 6861 7210 6860
f 5781 5782 6141
f 6142 6141 5782
f 6501 7209 6502
f 6862 7210 6861
f 5782 5783 6142
f 6143 6142 5783
f 6502 7209 6503
f 6863 7210 6862
f 5783 5784 6143
f 6144 6143 5784
f 6503 7209 6504
f 6864 7210 6863
f 5784 5785 6144
f 6145 6144 5785
f 6504 7209 6505
f 6865 7210 6864
f 5785 5786 6145
f 6146 6145 5786
f 6505 7209 6506
f 6866 7210 6865
f 5786 5787 6146
f 6147 6146 5787
f 6506 7209 6507
f 6867 7210 6866
f 5787 5788 6147
f 6148 6147 5788
f 6507 7209 6508
f 6868 7210 6867
f 5788 5789 6148
f 6149 6148 5789
f 6508 7209 6509
f 6869 7210 6868
f 5789 5790 6149
f 6150 6149 5790
f 6509 7209 6510
f 6870 7210 6869
f 5790 5791 6150
f 6151 6150 5791
f 6510 7209 6511
f 6871 7210 6870
f 5791 5792 6151
f 6152 6151 5792
f 6511 7209 6512
f 6872 7210 6871
f 5792 5793 6152
f 6153 6152 5793
f 6512 7209 6513
f 6873 7210 6872
f 5793 5794 6153
f 6154 6153 5794
f 6513 7209 6514
f 6874 7210 6873
f 5794 5795 6154
f 6155 6154 5795
f 6514 7209 6515
f 6875 7210 6874
f 5795 5796 6155
f 6156 6155 5796
f 6515 7209 6516
f 6876 7210 6875
f 5796 5797 6156
f 6157 6156 5797
f 6516 7209 6517
f 6877 7210 6876
f 5797 5798 6157
f 6158 6157 5798
f 6517 7209 6518
f 6878 7210 6877
f 5798 5799 6158
f 6159 6158 5799
f 6518 7209 6519
f 6879 7210 6878
f 5799 5800 6159
f 6160 6159 5800
f 6519 7209 6520
f 6880 7210 6879
f 5800 5801 6160
f 6161 6160 5801
f 6520 7209 6521
f 6881 7210 6880
f 5801 5802 6161
f 6162 6161 5802
f 6521 7209 6522
f 6882 7210 6881
f 5802 5803 6162
f 6163 6162 5803
f 6522 7209 6523
f 6883 7210 6882
f 5803 5804 6163
f 6164 6163 5804
f 6523 7209 6524
f 6884 7210 6883
f 5804 5805 6164
f 6165 6164 5805
f 6524 7209 6525
f 6885 7210 6884
f 5805 5806 6165
f 6166 6165 5806
f 6525 7209 6526
f 6886 7210 6885
f 5806 5807 6166
f 6167 6166 5807
f 6526 7209 6527
f 6887 7210 6886
f 5807 5808 6167
f 6168 6167 5808
f 6527 7209 6528
f 6888 7210 6887
f 5808 5809 6168
f 6169 6168 5809
f 6528 7209 6529
f 6889 7210 6888
f 5809 5810 6169
f 6170 6169 5810
f 6529 7209 6530
f 6890 7210 6889
f 5810 5811 6170
f 6171 6170 5811
f 6530 7209 6531
f 6891 7210 6890
f 5811 5812 6171
f 6172 6171 5812
f 6531 7209 6532
f 6892 7210 6891
f 5812 5813 6172
f 6173 6172 5813
f 6532 7209 6533
f 6893 7210 6892
f 5813 5814 6173
f 6174 6173 5814
f 6533 7209 6534
f 6894 7210 6893
f 5814 5815 6174
f 6175 6174 5815
f 6534 7209 6535
f 6895 7210 6894
f 5815 5816 6175
f 6176 6175 5816
f 6535 7209 6536
f 6896 7210 6895
f 5816 5817 6176
f 6177 6176 5817
f 6536 7209 6537
f 6897 7210 6896
f 5817 5818 6177
f 6178 6177 5818
f 6537 7209 6538
f 6898 7210 6897
f 5818 5819 6178
f 6179 6178 5819
f 6538 7209 6539
f 6899 7210 6898
f 5819 5820 6179
f 6180 6179 5820
f 6539 7209 6540
f 6900 7210 6899
f 5820 5821 6180
f 6181 6180 5821
f 6540 7209 6541
f 6901 7210 6900
f 5821 5822 6181
f 6182 6181 5822
f 6541 7209 6542
f 6902 7210 6901
f 5822 5823 6182
f 6183 6182 5823
f 6542 7209 6543
f 6903 7210 6902
f 5823 5824 6183
f 6184 6183 5824
f 6543 7209 6544
f 6904 7210 6903
f 5824 5825 6184
f 6185 6184 5825
f 6544 7209 6545
f 6905 7210 6904
f 5825 5826 6185
f 6186 6185 5826
f 6545 7209 6546
f 6906 7210 6905
f 5826 5827 6186
f 6187 6186 5827
f 6546 7209 6547
f 6907 7210 6906
f 5827 5828 6187
f 6188 6187 5828
f 6547 7209 6548
f 6908 7210 6907
f 5828 5829 6188
f 6189 6188 5829
f 6548 7209 6549
f 6909 7210 6908
f 5829 5830 6189
f 6190 6189 5830
f 6549 7209 6550
f 6910 7210 6909
f 5830 5831 6190
f 6191 6190 5831
f 6550 7209 6551
f 6911 7210 6910
f 5831 5832 6191
f 6192 6191 5832
f 6551 7209 6552
f 6912 7210 6911
f 5832 5833 6192
f 6193 6192 5833
f 6552 7209 6553
f 6913 7210 6912
f 5833 5834 6193
f 6194 6193 5834
f 6553 7209 6554
f 6914 7210 6913
f 5834 5835 6194
f 6195 6194 5835
f 6554 7209 6555
f 6915 7210 6914
f 5835 5836 6195
f 6196 6195 5836
f 6555 7209 6556
f 6916 7210 6915
f 5836 5837 6196
f 6197 6196 5837
f 6556 7209 6557
f 6917 7210 6916
f 5837 5838 6197
f 6198 6197 5838
f 6557 7209 6558
f 6918 7210 6917
f 5838 5839 6198
f 6199 6198 5839
f 6558 7209 6559
f 6919 7210 6918
f 5839 5840 6199
f 6200 6199 5840
f 6559 7209 6560
f 6920 7210 6919
f 5840 5841 6200
f 6201 6200 5841
f 6560 7209 6561
f 6921 7210 6920
f 5841 5842 6201
f 6202 6201 5842
f 6561 7209 6562
f 6922 7210 6921
f 5842 5843 6202
f 6203 6202 5843
f 6562 7209 6563
f 6923 7210 6922
f 5843 5844 6203
f 6204 6203 5844
f 6563 7209 6564
f 6924 7210 6923
f 5844 5845 6204
f 6205 6204 5845
f 6564 7209 6565
f 6925 7210 6924
f 5845 5846 6205
f 6206 6205 5846
f 6565 7209 6566
f 6926 7210 6925
f 5846 5847 6206
f 6207 6206 5847
f 6566 7209 6567
f 6927 7210 6926
f 5847 5848 6207
f 6208 6207 5848
f 6567 7209 6568
f 6928 7210 6927
f 5848 5849 6208
f 6209 6208 5849
f 6568 7209 6569
f 6929 7210 6928
f 5849 5850 6209
f 6210 6209 5850
f 6569 7209 6570
f 6930 7210 6929
f 5850 5851 6210
f 6211 6210 5851
f 6570 7209 6571
f 6931 7210 6930
f 5851 5852 6211
f 6212 6211 5852
f 6571 7209 6572
f 6932 7210 6931
f 5852 5853 6212
f 6213 6212 5853
f 6572 7209 6573
f 6933 7210 6932
f 5853 5854 6213
f 6214 6213 5854
f 6573 7209 6574
f 6934 7210 6933
f 5854 5855 6214
f 6215 6214 5855
f 6574 7209 6575
f 6935 7210 6934
f 5855 5856 6215
f 6216 6215 5856
f 6575 7209 6576
f 6936 7210 6935
f 5856 5857 6216
f 6217 6216 5857
f 6576 7209 6577
f 6937 7210 6936
f 5857 5858 6217
f 6218 6217 5858
f 6577 7209 6578
f 6938 7210 6937
f 5858 5859 6218
f 6219 6218 5859
f 6578 7209 6579
f 6939 7210 6938
f 5859 5860 6219
f 6220 6219 5860
f 6579 7209 6580
f 6940 7210 6939
f 5860 5861 6220
f 6221 6220 5861
f 6580 7209 6581
f 6941 7210 6940
f 5861 5862 6221
f 6222 6221 5862
f 6581 7209 6582
f 6942 7210 6941
f 5862 5863 6222
f 6223 6222 5863
f 6582 7209 6583
f 6943 7210 6942
f 5863 5864 6223
f 6224 6223 5864
f 6583 7209 6584
f 6944 7210 6943
f 5864 5865 6224
f 6225 6224 5865
f 6584 7209 6585
f 6945 7210 6944
f 5865 5866 6225
f 6226 6225 5866
f 6585 7209 6586
f 6946 7210 6945
f 5866 5867 6226
f 6227 6226 5867
f 6586 7209 6587
f 6947 7210 6946
f 5867 5868 6227
f 6228 6227 5868
f 6587 7209 6588
f 6948 7210 6947
f 5868 5869 6228
f 6229 6228 5869
f 6588 7209 6589
f 6949 7210 6948
f 5869 5870 6229
f 6230 6229 5870
f 6589 7209 6590
f 6950 7210 6949
f 5870 5871 6230
f 6231 6230 5871
f 6590 7209 6591
f 6951 7210 6950
f 5871 5872 6231
f 6232 6231 5872
f 6591 7209 6592
f 6952 7210 6951
f 5872 5873 6232
f 6233 6232 5873
f 6592 7209 6593
f 6953 7210 6952
f 5873 5874 6233
f 6234 6233 5874
f 6593 7209 6594
f 6954 7210 6953
f 5874 5875 6234
f 6235 6234 5875
f 6594 7209 6595
f 6955 7210 6954
f 5875 5876 6235
f 6236 6235 5876
f 6595 7209 6596
f 6956 7210 6955
f 5876 5877 6236
f 6237 6236 5877
f 6596 7209 6597
f 6957 7210 6956
f 5877 5878 6237
f 6238 6237 5878
f 6597 7209 6598
f 6958 7210 6957
f 5878 5879 6238
f 6239 6238 5879
f 6598 7209 6599
f 6959 7210 6958
f 5879 5880 6239
f 6240 6239 5880
f 6599 7209 6600
f 6960 7210 6959
f 5880 5881 6240
f 6241 6240 5881
f 6600 7209 6601
f 6961 7210 6960
f 5881 5882 6241
f 6242 6241 5882
f 6601 7209 6602
f 6962 7210 6961
f 5882 5883 6242
f 6243 6242 5883
f 6602 7209 6603
f 6963 7210 6962
f 5883 5884 6243
f 6244 6243 5884
f 6603 7209 6604
f 6964 7210 6963
f 5884 5885 6244
f 6245 6244 5885
f 6604 7209 6605
f 6965 7210 6964
f 5885 5886 6245
f 6246 6245 5886
f 6605 7209 6606
f 6966 7210 6965
f 5886 5887 6246
f 6247 6246 5887
f 6606 7209 6607
f 6967 7210 6966
f 5887 5888 6247
f 6248 6247 5888
f 6607 7209 6608
f 6968 7210 6967
f 5888 5889 6248
f 6249 6248 5889
f 6608 7209 6609
f 6969 7210 6968
f 5889 5890 6249
f 6250 6249 5890
f 6609 7209 6610
f 6970 7210 6969
f 5890 5891 6250
f 6251 6250 5891
f 6610 7209 6611
f 6971 7210 6970
f 5891 5892 6251
f 6252 6251 5892
f 6611 7209 6612
f 6972 7210 6971
f 5892 5893 6252
f 6253 6252 5893
f 6612 7209 6613
f 6973 7210 6972
f 5893 5894 6253
f 6254 6253 5894
f 6613 7209 6614
f 6974 7210 6973
f 5894 5895 6254
f 6255 6254 5895
f 6614 7209 6615
f 6975 7210 6974
f 5895 5896 6255
f 6256 6255 5896
f 6615 7209 6616
f 6976 7210 6975
f 5896 5897 6256
f 6257 6256 5897
f 6616 7209 6617
f 6977 7210 6976
f 5897 5898 6257
f 6258 6257 5898
f 6617 7209 6618
f 6978 7210 6977
f 5898 5899 6258
f 6259 6258 5899
f 6618 7209 6619
f 6979 7210 6978
f 5899 5900 6259
f 6260 6259 5900
f 6619 7209 6620
f 6980 7210 6979
f 5900 5901 6260
f 6261 6260 5901
f 6620 7209 6621
f 6981 7210 6980
f 5901 5902 6261
f 6262 6261 5902
f 6621 7209 6622
f 6982 7210 6981
f 5902 5903 6262
f 6263 6262 5903
f 6622 7209 6623
f 6983 7210 6982
f 5903 5904 6263
f 6264 6263 5904
f 6623 7209 6624
f 6984 7210 6983
f 5904 5905 6264
f 6265 6264 5905
f 6624 7209 6625
f 6985 7210 6984
f 5905 5906 6265
f 6266 6265 5906
f 6625 7209 6626
f 6986 7210 6985
f 5906 5907 6266
f 6267 6266 5907
f 6626 7209 6627
f 6987 7210 6986
f 5907 5908 6267
f 6268 6267 5908
f 6627 7209 6628
f 6988 7210 6987
f 5908 5909 6268
f 6269 6268 5909
f 6628 7209 6629
f 6989 7210 6988
f 5909 5910 6269
f 6270 6269 5910
f 6629 7209 6630
f 6990 7210 6989
f 5910 5911 6270
f 6271 6270 5911
f 6630 7209 6631
f 6991 7210 6990
f 5911 5912 6271
f 6272 6271 5912
f 6631 7209 6632
f 6992 7210 6991
f 5912 5913 6272
f 6273 6272 5913
f 6632 7209 6633
f 6993 7210 6992
f 5913 5914 6273
f 6274 6273 5914
f 6633 7209 6634
f 6994 7210 6993
f 5914 5915 6274
f 6275 6274 5915
f 6634 7209 6635
f 6995 7210 6994
f 5915 5916 6275
f 6276 6275 5916
f 6635 7209 6636
f 6996 7210 6995
f 5916 5917 6276
f 6277 6276 5917
f 6636 7209 6637
f 6997 7210 6996
f 5917 5918 6277
f 6278 6277 5918
f 6637 7209 6638
f 6998 7210 6997
f 5918 5919 6278
f 6279 6278 5919
f 6638 7209 6639
f 6999 7210 6998
f 5919 5920 6279
f 6280 6279 5920
f 6639 7209 6640
f 7000 7210 6999
f 5920 5921 6280
f 6281 6280 5921
f 6640 7209 6641
f 7001 7210 7000
f 5921 5922 6281
f 6282 6281 5922
f 6641 7209 6642
f 7002 7210 7001
f 5922 5923 6282
f 6283 6282 5923
f 6642 7209 6643
f 7003 7210 7002
f 5923 5924 6283
f 6284 6283 5924
f 6643 7209 6644
f 7004 7210 7003
f 5924 5925 6284
f 6285 6284 5925
f 6644 7209 6645
f 7005 7210 7004
f 5925 5926 6285
f 6286 6285 5926
f 6645 7209 6646
f 7006 7210 7005
f 5926 5927 6286
f 6287 6286 5927
f 6646 7209 6647
f 7007 7210 7006
f 5927 5928 6287
f 6288 6287 5928
f 6647 7209 6648
f 7008 7210 7007
f 5928 5929 6288
f 6289 6288 5929
f 6648 7209 6649
f 7009 7210 7008
f 5929 5930 6289
f 6290 6289 5930
f 6649 7209 6650
f 7010 7210 7009
f 5930 5931 6290
f 6291 6290 5931
f 6650 7209 6651
f 7011 7210 7010
f 5931 5932 6291
f 6292 6291 5932
f 6651 7209 6652
f 7012 7210 7011
f 5932 5933 6292
f 6293 6292 5933
f 6652 7209 6653
f 7013 7210 7012
f 5933 5934 6293
f 6294 6293 5934
f 6653 7209 6654
f 7014 7210 7013
f 5934 5935 6294
f 6295 6294 5935
f 6654 7209 6655
f 7015 7210 7014
f 5935 5936 6295
f 6296 6295 5936
f 6655 7209 6656
f 7016 7210 7015
f 5936 5937 6296
f 6297 6296 5937
f 6656 7209 6657
f 7017 7210 7016
f 5937 5938 6297
f 6298 6297 5938
f 6657 7209 6658
f 7018 7210 7017
f 5938 5939 6298
f 6299 6298 5939
f 6658 7209 6659
f 7019 7210 7018
f 5939 5940 6299
f 6300 6299 5940
f 6659 7209 6660
f 7020 7210 7019
f 5940 5941 6300
f 6301 6300 5941
f 6660 7209 6661
f 7021 7210 7020
f 5941 5942 6301
f 6302 6301 5942
f 6661 7209 6662
f 7022 7210 7021
f 5942 5943 6302
f 6303 6302 5943
f 6662 7209 6663
f 7023 7210 7022
f 5943 5944 6303
f 6304 6303 5944
f 6663 7209 6664
f 7024 7210 7023
f 5944 5945 6304
f 6305 6304 5945
f 6664 7209 6665
f 7025 7210 7024
f 5945 5946 6305
f 6306 6305 5946
f 6665 7209 6666
f 7026 7210 7025
f 5946 5947 6306
f 6307 6306 5947
f 6666 7209 6667
f 7027 7210 7026
f 5947 5948 6307
f 6308 6307 5948
f 6667 7209 6668
f 7028 7210 7027
f 5948 5949 6308
f 6309 6308 5949
f 6668 7209 6669
f 7029 7210 7028
f 5949 5950 6309
f 6310 6309 5950
f 6669 7209 6670
f 7030 7210 7029
f 5950 5951 6310
f 6311 6310 5951
f 6670 7209 6671
f 7031 7210 7030
f 5951 5952 6311
f 6312 6311 5952
f 6671 7209 6672
f 7032 7210 7031
f 5952 5953 6312
f 6313 6312 5953
f 6672 7209 6673
f 7033 7210 7032
f 5953 5954 6313
f 6314 6313 5954
f 6673 7209 6674
f 7034 7210 7033
f 5954 5955 6314
f 6315 6314 5955
f 6674 7209 6675
f 7035 7210 7034
f 5955 5956 6315
f 6316 6315 5956
f 6675 7209 6676
f 7036 7210 7035
f 5956 5957 6316
f 6317 6316 5957
f 6676 7209 6677
f 7037 7210 7036
f 5957 5958 6317
f 6318 6317 5958
f 6677 7209 6678
f 7038 7210 7037
f 5958 5959 6318
f 6319 6318 5959
f 6678 7209 6679
f 7039 7210 7038
f 5959 5960 6319
f 6320 6319 5960
f 6679 7209 6680
f 7040 7210 7039
f 5960 5961 6320
f 6321 6320 5961
f 6680 7209 6681
f 7041 7210 7040
f 5961 5962 6321
f 6322 6321 5962
f 6681 7209 6682
f 7042 7210 7041
f 5962 5963 6322
f 6323 6322 5963
f 6682 7209 6683
f 7043 7210 7042
f 5963 5964 6323
f 6324 6323 5964
f 6683 7209 6684
f 7044 7210 7043
f 5964 5965 6324
f 6325 6324 5965
f 6684 7209 6685
f 7045 7210 7044
f 5965 5966 6325
f 6326 6325 5966
f 6685 7209 6686
f 7046 7210 7045
f 5966 5967 6326
f 6327 6326 5967
f 6686 7209 6687
f 7047 7210 7046
f 5967 5968 6327
f 6328 6327 5968
f 6687 7209 6688
f 7048 7210 7047
f 5968 5969 6328
f 6329 6328 5969
f 6688 7209 6689
f 7049 7210 7048
f 5969 5970 6329
f 6330 6329 5970
f 6689 7209 6690
f 7050 7210 7049
f 5970 5971 6330
f 6331 6330 5971
f 6690 7209 6691
f 7051 7210 7050
f 5971 5972 6331
f 6332 6331 5972
f 6691 7209 6692
f 7052 7210 7051
f 5972 5973 6332
f 6333 6332 5973
f 6692 7209 6693
f 7053 7210 7052
f 5973 5974 6333
f 6334 6333 5974
f 6693 7209 6694
f 7054 7210 7053
f 5974 5975 6334
f 6335 6334 5975
f 6694 7209 6695
f 7055 7210 7054
f 5975 5976 6335
f 6336 6335 5976
f 6695 7209 6696
f 7056 7210 7055
f 5976 5977 6336
f 6337 6336 5977
f 6696 7209 6697
f 7057 7210 7056
f 5977 5978 6337
f 6338 6337 5978
f 6697 7209 6698
f 7058 7210 7057
f 5978 5979 6338
f 6339 6338 5979
f 6698 7209 6699
f 7059 7210 7058
f 5979 5980 6339
f 6340 6339 5980
f 6699 7209 6700
f 7060 7210 7059
f 5980 5981 6340
f 6341 6340 5981
f 6700 7209 6701
f 7061 7210 7060
f 5981 5982 6341
f 6342 6341 5982
f 6701 7209 6702
f 7062 7210 7061
f 5982 5983 6342
f 6343 6342 5983
f 6702 7209 6703
f 7063 7210 7062
f 5983 5984 6343
f 6344 6343 5984
f 6703 7209 6704
f 7064 7210 7063
f 5984 5985 6344
f 6345 6344 5985
f 6704 7209 6705
f 7065 7210 7064
f 5985 5986 6345
f 6346 6345 5986
f 6705 7209 6706
f 7066 7210 7065
f 5986 5987 6346
f 6347 6346 5987
f 6706 7209 6707
f 7067 7210 7066
f 5987 5988 6347
f 6348 6347 5988
f 6707 7209 6708
f 7068 7210 7067
f 5988 5989 6348
f 6349 6348 5989
f 6708 7209 6709
f 7069 7210 7068
f 5989 5990 6349
f 6350 6349 5990
f 6709 7209 6710
f 7070 7210 7069
f 5990 5991 6350
f 6351 6350 5991
f 6710 7209 6711
f 7071 7210 7070
f 5991 5992 6351
f 6352 6351 5992
f 6711 7209 6712
f 7072 7210 7071
f 5992 5993 6352
f 6353 6352 5993
f 6712 7209 6713
f 7073 7210 7072
f 5993 5994 6353
f 6354 6353 5994
f 6713 7209 6714
f 7074 7210 7073
f 5994 5995 6354
f 6355 6354 5995
f 6714 7209 6715
f 7075 7210 7074
f 5995 5996 6355
f 6356 6355 5996
f 6715 7209 6716
f 7076 7210 7075
f 5996 5997 6356
f 6357 6356 5997
f 6716 7209 6717
f 7077 7210 7076
f 5997 5998 6357
f 6358 6357 5998
f 6717 7209 6718
f 7078 7210 7077
f 5998 5999 6358
f 6359 6358 5999
f 6718 7209 6719
f 7079 7210 7078
f 5999 6000 6359
f 6360 6359 6000
f 6719 7209 6720
f 7080 7210 7079
f 6000 6001 6360
f 6361 6360 6001
f 6720 7209 6721
f 7081 7210 7080
f 6001 6002 6361
f 6362 6361 6002
f 6721 7209 6722
f 7082 7210 7081
f 6002 6003 6362
f 6363 6362 6003
f 6722 7209 6723
f 7083 7210 7082
f 6003 6004 6363
f 6364 6363 6004
f 6723 7209 6724
f 7084 7210 7083
f 6004 6005 6364
f 6365 6364 6005
f 6724 7209 6725
f 7085 7210 7084
f 6005 6006 6365
f 6366 6365 6006
f 6725 7209 6726
f 7086 7210 7085
f 6006 6007 6366
f 6367 6366 6007
f 6726 7209 6727
f 7087 7210 7086
f 6007 6008 6367
f 6368 6367 6008
f 6727 7209 6728
f 7088 7210 7087
f 6008 6009 6368
f 6369 6368 6009
f 6728 7209 6729
f 7089 7210 7088
f 6009 6010 6369
f 6370 6369 6010
f 6729 7209 6730
f 7090 7210 7089
f 6010 6011 6370
f 6371 6370 6011
f 6730 7209 6731
f 7091 7210 7090
f 6011 6012 6371
f 6372 6371 6012
f 6731 7209 6732
f 7092 7210 7091
f 6012 6013 6372
f 6373 6372 6013
f 6732 7209 6733
f 7093 7210 7092
f 6013 6014 6373
f 6374 6373 6014
f 6733 7209 6734
f 7094 7210 7093
f 6014 6015 6374
f 6375 6374 6015
f 6734 7209 6735
f 7095 7210 7094
f 6015 6016 6375
f 6376 6375 6016
f 6735 7209 6736
f 7096 7210 7095
f 6016 6017 6376
f 6377 6376 6017
f 6736 7209 6737
f 7097 7210 7096
f 6017 6018 6377
f 6378 6377 6018
f 6737 7209 6738
f 7098 7210 7097
f 6018 6019 6378
f 6379 6378 6019
f 6738 7209 6739
f 7099 7210 7098
f 6019 6020 6379
f 6380 6379 6020
f 6739 7209 6740
f 7100 7210 7099
f 6020 6021 6380
f 6381 6380 6021
f 6740 7209 6741
f 7101 7210 7100
f 6021 6022 6381
f 6382 6381 6022
f 6741 7209 6742
f 7102 7210 7101
f 6022 6023 6382
f 6383 6382 6023
f 6742 7209 6743
f 7103 7210 7102
f 6023 6024 6383
f 6384 6383 6024
f 6743 7209 6744
f 7104 7210 7103
f 6024 6025 6384
f 6385 6384 6025
f 6744 7209 6745
f 7105 7210 7104
f 6025 6026 6385
f 6386 6385 6026
f 6745 7209 6746
f 7106 7210 7105
f 6026 6027 6386
f 6387 6386 6027
f 6746 7209 6747
f 7107 7210 7106
f 6027 6028 6387
f 6388 6387 6028
f 6747 7209 6748
f 7108 7210 7107
f 6028 6029 6388
f 6389 6388 6029
f 6748 7209 6749
f 7109 7210 7108
f 6029 6030 6389
f 6390 6389 6030
f 6749 7209 6750
f 7110 7210 7109
f 6030 6031 6390
f 6391 6390 6031
f 6750 7209 6751
f 7111 7210 7110
f 6031 6032 6391
f 6392 6391 6032
f 6751 7209 6752
f 7112 7210 7111
f 6032 6033 6392
f 6393 6392 6033
f 6752 7209 6753
f 7113 7210 7112
f 6033 6034 6393
f 6394 6393 6034
f 6753 7209 6754
f 7114 7210 7113
f 6034 6035 6394
f 6395 6394 6035
f 6754 7209 6755
f 7115 7210 7114
f 6035 6036 6395
f 6396 6395 6036
f 6755 7209 6756
f 7116 7210 7115
f 6036 6037 6396
f 6397 6396 6037
f 6756 7209 6757
f 7117 7210 7116
f 6037 6038 6397
f 6398 6397 6038
f 6757 7209 6758
f 7118 7210 7117
f 6038 6039 6398
f 6399 6398 6039
f 6758 7209 6759
f 7119 7210 7118
f 6039 6040 6399
f 6400 6399 6040
f 6759 7209 6760
f 7120 7210 7119
f 6040 6041 6400
f 6401 6400 6041
f 6760 7209 6761
f 7121 7210 7120
f 6041 6042 6401
f 6402 6401 6042
f 6761 7209 6762
f 7122 7210 7121
f 6042 6043 6402
f 6403 6402 6043
f 6762 7209 6763
f 7123 7210 7122
f 6043 6044 6403
f 6404 6403 6044
f 6763 7209 6764
f 7124 7210 7123
f 6044 6045 6404
f 6405 6404 6045
f 6764 7209 6765
f 7125 7210 7124
f 6045 6046 6405
f 6406 6405 6046
f 6765 7209 6766
f 7126 7210 7125
f 6046 6047 6406
f 6407 6406 6047
f 6766 7209 6767
f 7127 7210 7126
f 6047 6048 6407
f 6408 6407 6048
f 6767 7209 6768
f 7128 7210 7127
f 6048 6049 6408
f 6409 6408 6049
f 6768 7209 6769
f 7129 7210 7128
f 6049 6050 6409
f 6410 6409 6050
f 6769 7209 6770
f 7130 7210 7129
f 6050 6051 6410
f 6411 6410 6051
f 6770 7209 6771
f 7131 7210 7130
f 6051 6052 6411
f 6412 6411 6052
f 6771 7209 6772
f 7132 7210 7131
f 6052 6053 6412
f 6413 6412 6053
f 6772 7209 6773
f 7133 7210 7132
f 6053 6054 6413
f 6414 6413 6054
f 6773 7209 6774
f 7134 7210 7133
f 6054 6055 6414
f 6415 6414 6055
f 6774 7209 6775
f 7135 7210 7134
f 6055 6056 6415
f 6416 6415 6056
f 6775 7209 6776
f 7136 7210 7135
f 6056 6057 6416
f 6417 6416 6057
f 6776 7209 6777
f 7137 7210 7136
f 6057 6058 6417
f 6418 6417 6058
f 6777 7209 6778
f 7138 7210 7137
f 6058 6059 6418
f 6419 6418 6059
f 6778 7209 6779
f 7139 7210 7138
f 6059 6060 6419
f 6420 6419 6060
f 6779 7209 6780
f 7140 7210 7139
f 6060 6061 6420
f 6421 6420 6061
f 6780 7209 6781
f 7141 7210 7140
f 6061 6062 6421
f 6422 6421 6062
f 6781 7209 6782
f 7142 7210 7141
f 6062 6063 6422
f 6423 6422 6063
f 6782 7209 6783
f 7143 7210 7142
f 6063 6064 6423
f 6424 6423 6064
f 6783 7209 6784
f 7144 7210 7143
f 6064 6065 6424
f 6425 6424 6065
f 6784 7209 6785
f 7145 7210 7144
f 6065 6066 6425
f 6426 6425 6066
f 6785 7209 6786
f 7146 7210 7145
f 6066 6067 6426
f 6427 6426 6067
f 6786 7209 6787
f 7147 7210 7146
f 6067 6068 6427
f 6428 6427 6068
f 6787 7209 6788
f 7148 7210 7147
f 6068 6069 6428
f 6429 6428 6069
f 6788 7209 6789
f 7149 7210 7148
f 6069 6070 6429
f 6430 6429 6070
f 6789 7209 6790
f 7150 7210 7149
f 6070 6071 6430
f 6431 6430 6071
f 6790 7209 6791
f 7151 7210 7150
f 6071 6072 6431
f 6432 6431 6072
f 6791 7209 6792
f 7152 7210 7151
f 6072 6073 6432
f 6433 6432 6073
f 6792 7209 6793
f 7153 7210 7152
f 6073 6074 6433
f 6434 6433 6074
f 6793 7209 6794
f 7154 7210 7153
f 6074 6075 6434
f 6435 6434 6075
f 6794 7209 6795
f 7155 7210 7154
f 6075 6076 6435
f 6436 6435 6076
f 6795 7209 6796
f 7156 7210 7155
f 6076 6077 6436
f 6437 6436 6077
f 6796 7209 6797
f 7157 7210 7156
f 6077 6078 6437
f 6438 6437 6078
f 6797 7209 6798
f 7158 7210 7157
f 6078 6079 6438
f 6439 6438 6079
f 6798 7209 6799
f 7159 7210 7158
f 6079 6080 6439
f 6440 6439 6080
f 6799 7209 6800
f 7160 7210 7159
f 6080 6081 6440
f 6441 6440 6081
f 6800 7209 6801
f 7161 7210 7160
f 6081 6082 6441
f 6442 6441 6082
f 6801 7209 6802
f 7162 7210 7161
f 6082 6083 6442
f 6443 6442 6083
f 6802 7209 6803
f 7163 7210 7162
f 6083 6084 6443
f 6444 6443 6084
f 6803 7209 6804
f 7164 7210 7163
f 6084 6085 6444
f 6445 6444 6085
f 6804 7209 6805
f 7165 7210 7164
f 6085 6086 6445
f 6446 6445 6086
f 6805 7209 6806
f 7166 7210 7165
f 6086 6087 6446
f 6447 6446 6087
f 6806 7209 6807
f 7167 7210 7166
f 6087 6088 6447
f 6448 6447 6088
f 6807 7209 6808
f 7168 7210 7167
f 6088 6089 6448
f 6449 6448 6089
f 6808 7209 6809
f 7169 7210 7168
f 6089 6090 6449
f 6450 6449 6090
f 6809 7209 6810
f 7170 7210 7169
f 6090 6091 6450
f 6451 6450 6091
f 6810 7209 6811
f 7171 7210 7170
f 6091 6092 6451
f 6452 6451 6092
f 6811 7209 6812
f 7172 7210 7171
f 6092 6093 6452
f 6453 6452 6093
f 6812 7209 6813
f 7173 7210 7172
f 6093 6094 6453
f 6454 6453 6094
f 6813 7209 6814
f 7174 7210 7173
f 6094 6095 6454
f 6455 6454 6095
f 6814 7209 6815
f 7175 7210 7174
f 6095 6096 6455
f 6456 6455 6096
f 6815 7209 6816
f 7176 7210 7175
f 6096 6097 6456
f 6457 6456 6097
f 6816 7209 6817
f 7177 7210 7176
f 6097 6098 6457
f 6458 6457 6098
f 6817 7209 6818
f 7178 7210 7177
f 6098 6099 6458
f 6459 6458 6099
f 6818 7209 6819
f 7179 7210 7178
f 6099 6100 6459
f 6460 6459 6100
f 6819 7209 6820
f 7180 7210 7179
f 6100 6101 6460
f 6461 6460 6101
f 6820 7209 6821
f 7181 7210 7180
f 6101 6102 6461
f 6462 6461 6102
f 6821 7209 6822
f 7182 7210 7181
f 6102 6103 6462
f 6463 6462 6103
f 6822 7209 6823
f 7183 7210 7182
f 6103 6104 6463
f 6464 6463 6104
f 6823 7209 6824
f 7184 7210 7183
f 6104 6105 6464
f 6465 6464 6105
f 6824 7209 6825
f 7185 7210 7184
f 6105 6106 6465
f 6466 6465 6106
f 6825 7209 6826
f 7186 7210 7185
f 6106 6107 6466
f 6467 6466 6107
f 6826 7209 6827
f 7187 7210 7186
f 6107 6108 6467
f 6468 6467 6108
f 6827 7209 6828
f 7188 7210 7187
f 6108 6109 6468
f 6469 6468 6109
f 6828 7209 6829
f 7189 7210 7188
f 6109 6110 6469
f 6470 6469 6110
f 6829 7209 6830
f 7190 7210 7189
f 6110 6111 6470
f 6471 6470 6111
f 6830 7209 6831
f 7191 7210 7190
f 6111 6112 6471
f 6472 6471 6112
f 6831 7209 6832
f 7192 7210 7191
f 6112 6113 6472
f 6473 6472 6113
f 6832 7209 6833
f 7193 7210 7192
f 6113 6114 6473
f 6474 6473 6114
f 6833 7209 6834
f 7194 7210 7193
f 6114 6115 6474
f 6475 6474 6115
f 6834 7209 6835
f 7195 7210 7194
f 6115 6116 6475
f 6476 6475 6116
f 6835 7209 6836
f 7196 7210 7195
f 6116 6117 6476
f 6477 6476 6117
f 6836 7209 6837
f 7197 7210 7196
f 6117 6118 6477
f 6478 6477 6118
f 6837 7209 6838
f 7198 7210 7197
f 6118 6119 6478
f 6479 6478 6119
f 6838 7209 6839
f 7199 7210 7198
f 6119 6120 6479
f 6480 6479 6120
f 6839 7209 6840
f 7200 7210 7199
f 6120 6121 6480
f 6481 6480 6121
f 6840 7209 6841
f 7201 7210 7200
f 6121 6122 6481
f 6482 6481 6122
f 6841 7209 6842
f 7202 7210 7201
f 6122 6123 6482
f 6483 6482 6123
f 6842 7209 6843
f 7203 7210 7202
f 6123 6124 6483
f 6484 6483 6124
f 6843 7209 6844
f 7204 7210 7203
f 6124 6125 6484
f 6485 6484 6125
f 6844 7209 6845
f 7205 7210 7204
f 6125 6126 6485
f 6486 6485 6126
f 6845 7209 6846
f 7206 7210 7205
f 6126 6127 6486
f 6487 6486 6127
f 6846 7209 6847
f 7207 7210 7206
f 6127 6128 6487
f 6488 6487 6128
f 6847 7209 6848
f 7208 7210 7207
f 6128 5769 6488
f 6129 6488 5769
f 6848 7209 6489
f 6849 7210 7208
f 7211 7212 7571
f 7572 7571 7212
f 7931 8651 7932
f 8292 8652 8291
f 7212 7213 7572
f 7573 7572 7213
f 7932 8651 7933
f 8293 8652 8292
f 7213 7214 7573
f 7574 7573 7214
f 7933 8651 7934
f 8294 8652 8293
f 7214 7215 7574
f 7575 7574 7215
f 7934 8651 7935
f 8295 8652 8294
f 7215 7216 7575
f 7576 7575 7216
f 7935 8651 7936
f 8296 8652 8295
f 7216 7217 7576
f 7577 7576 7217
f 7936 8651 7937
f 8297 8652 8296
f 7217 7218 7577
f 7578 7577 7218
f 7937 8651 7938
f 8298 8652 8297
f 7218 7219 7578
f 7579 7578 7219
f 7938 8651 7939
f 8299 8652 8298
f 7219 7220 7579
f 7580 7579 7220
f 7939 8651 7940
f 8300 8652 8299
f 7220 7221 7580
f 7581 7580 7221
f 7940 8651 7941
f 8301 8652 8300
f 7221 7222 7581
f 7582 7581 7222
f 7941 8651 7942
f 8302 8652 8301
f 7222 7223 7582
f 7583 7582 7223
f 7942 8651 7943
f 8303 8652 8302
f 7223 7224 7583
f 7584 7583 7224
f 7943 8651 7944
f 8304 8652 8303
f 7224 7225 7584
f 7585 7584 7225
f 7944 8651 7945
f 8305 8652 8304
f 7225 7226 7585
f 7586 7585 7226
f 7945 8651 7946
f 8306 8652 8305
f 7226 7227 7586
f 7587 7586 7227
f 7946 8651 7947
f 8307 8652 8306
f 7227 7228 7587
f 7588 7587 7228
f 7947 8651 7948
f 8308 8652 8307
f 7228 7229 7588
f 7589 7588 7229
f 7948 8651 7949
f 8309 8652 8308
f 7229 7230 7589
f 7590 7589 7230
f 7949 8651 7950
f 8310 8652 8309
f 7230 7231 7590
f 7591 7590 7231
f 7950 8651 7951
f 8311 8652 8310
f 7231 7232 7591
f 7592 7591 7232
f 7951 8651 7952
f 8312 8652 8311
f 7232 7233 7592
f 7593 7592 7233
f 7952 8651 7953
f 8313 8652 8312
f 7233 7234 7593
f 7594 7593 7234
f 7953 8651 7954
f 8314 8652 8313
f 7234 7235 7594
f 7595 7594 7235
f 7954 8651 7955
f 8315 8652 8314
f 7235 7236 7595
f 7596 7595 7236
f 7955 8651 7956
f 8316 8652 8315
f 7236 7237 7596
f 7597 7596 7237
f 7956 8651 7957
f 8317 8652 8316
f 7237 7238 7597
f 7598 7597 7238
f 7957 8651 7958
f 8318 8652 8317
f 7238 7239 7598
f 7599 7598 7239
f 7958 8651 7959
f 8319 8652 8318
f 7239 7240 7599
f 7600 7599 7240
f 7959 8651 7960
f 8320 8652 8319
f 7240 7241 7600
f 7601 7600 7241
f 7960 8651 7961
f 8321 8652 8320
f 7241 7242 7601
f 7602 7601 7242
f 7961 8651 7962
f 8322 8652 8321
f 7242 7243 7602
f 7603 7602 7243
f 7962 8651 7963
f 8323 8652 8322
f 7243 7244 7603
f 7604 7603 7244
f 7963 8651 7964
f 8324 8652 8323
f 7244 7245 7604
f 7605 7604 7245
f 7964 8651 7965
f 8325 8652 8324
f 7245 7246 7605
f 7606 7605 7246
f 7965 8651 7966
f 8326 8652 8325
f 7246 7247 7606
f 7607 7606 7247
f 7966 8651 7967
f 8327 8652 8326
f 7247 7248 7607
f 7608 7607 7248
f 7967 8651 7968
f 8328 8652 8327
f 7248 7249 7608
f 7609 7608 7249
f 7968 8651 7969
f 8329 8652 8328
f 7249 7250 7609
f 7610 7609 7250
f 7969 8651 7970
f 8330 8652 8329
f 7250 7251 7610
f 7611 7610 7251
f 7970 8651 7971
f 8331 8652 8330
f 7251 7252 7611
f 7612 7611 7252
f 7971 8651 7972
f 8332 8652 8331
f 7252 7253 7612
f 7613 7612 7253
f 7972 8651 7973
f 8333 8652 8332
f 7253 7254 7613
f 7614 7613 7254
f 7973 8651 7974
f 8334 8652 8333
f 7254 7255 7614
f 7615 7614 7255
f 7974 8651 7975
f 8335 8652 8334
f 7255 7256 7615
f 7616 7615 7256
f 7975 8651 7976
f 8336 8652 8335
f 7256 7257 7616
f 7617 7616 7257
f 7976 8651 7977
f 8337 8652 8336
f 7257 7258 7617
f 7618 7617 7258
f 7977 8651 7978
f 8338 8652 8337
f 7258 7259 7618
f 7619 7618 7259
f 7978 8651 7979
f 8339 8652 8338
f 7259 7260 7619
f 7620 7619 7260
f 7979 8651 7980
f 8340 8652 8339
f 7260 7261 7620
f 7621 7620 7261
f 7980 8651 7981
f 8341 8652 8340
f 7261 7262 7621
f 7622 7621 7262
f 7981 8651 7982
f 8342 8652 8341
f 7262 7263 7622
f 7623 7622 7263
f 7982 8651 7983
f 8343 8652 8342
f 7263 7264 7623
f 7624 7623 7264
f 7983 8651 7984
f 8344 8652 8343
f 7264 7265 7624
f 7625 7624 7265
f 7984 8651 7985
f 8345 8652 8344
f 7265 7266 7625
f 7626 7625 7266
f 7985 8651 7986
f 8346 8652 8345
f 7266 7267 7626
f 7627 7626 7267
f 7986 8651 7987
f 8347 8652 8346
f 7267 7268 7627
f 7628 7627 7268
f 7987 8651 7988
f 8348 8652 8347
f 7268 7269 7628
f 7629 7628 7269
f 7988 8651 7989
f 8349 8652 8348
f 7269 7270 7629
f 7630 7629 7270
f 7989 8651 7990
f 8350 8652 8349
f 7270 7271 7630
f 7631 7630 7271
f 7990 8651 7991
f 8351 8652 8350
f 7271 7272 7631
f 7632 7631 7272
f 7991 8651 7992
f 8352 8652 8351
f 7272 7273 7632
f 7633 7632 7273
f 7992 8651 7993
f 8353 8652 8352
f 7273 7274 7633
f 7634 7633 7274
f 7993 8651 7994
f 8354 8652 8353
f 7274 7275 7634
f 7635 7634 7275
f 7994 8651 7995
f 8355 8652 8354
f 7275 7276 7635
f 7636 7635 7276
f 7995 8651 7996
f 8356 8652 8355
f 7276 7277 7636
f 7637 7636 7277
f 7996 8651 7997
f 8357 8652 8356
f 7277 7278 7637
f 7638 7637 7278
f 7997 8651 7998
f 8358 8652 8357
f 7278 7279 7638
f 7639 7638 7279
f 7998 8651 7999
f 8359 8652 8358
f 7279 7280 7639
f 7640 7639 7280
f 7999 8651 8000
f 8360 8652 8359
f 7280 7281 7640
f 7641 7640 7281
f 8000 8651 8001
f 8361 8652 8360
f 7281 7282 7641
f 7642 7641 7282
f 8001 8651 8002
f 8362 8652 8361
f 7282 7283 7642
f 7643 7642 7283
f 8002 8651 8003
f 8363 8652 8362
f 7283 7284 7643
f 7644 7643 7284
f 8003 8651 8004
f 8364 8652 8363
f 7284 7285 7644
f 7645 7644 7285
f 8004 8651 8005
f 8365 8652 8364
f 7285 7286 7645
f 7646 7645 7286
f 8005 8651 8006
f 8366 8652 8365
f 7286 7287 7646
f 7647 7646 7287
f 8006 8651 8007
f 8367 8652 8366
f 7287 7288 7647
f 7648 7647 7288
f 8007 8651 8008
f 8368 8652 8367
f 7288 7289 7648
f 7649 7648 7289
f 8008 8651 8009
f 8369 8652 8368
f 7289 7290 7649
f 7650 7649 7290
f 8009 8651 8010
f 8370 8652 8369
f 7290 7291 7650
f 7651 7650 7291
f 8010 8651 8011
f 8371 8652 8370
f 7291 7292 7651
f 7652 7651 7292
f 8011 8651 8012
f 8372 8652 8371
f 7292 7293 7652
f 7653 7652 7293
f 8012 8651 8013
f 8373 8652 8372
f 7293 7294 7653
f 7654 7653 7294
f 8013 8651 8014
f 8374 8652 8373
f 7294 7295 7654
f 7655 7654 7295
f 8014 8651 8015
f 8375 8652 8374
f 7295 7296 7655
f 7656 7655 7296
f 8015 8651 8016
f 8376 8652 8375
f 7296 7297 7656
f 7657 7656 7297
f 8016 8651 8017
f 8377 8652 8376
f 7297 7298 7657
f 7658 7657 7298
f 8017 8651 8018
f 8378 8652 8377
f 7298 7299 7658
f 7659 7658 7299
f 8018 8651 8019
f 8379 8652 8378
f 7299 7300 7659
f 7660 7659 7300
f 8019 8651 8020
f 8380 8652 8379
f 7300 7301 7660
f 7661 7660 7301
f 8020 8651 8021
f 8381 8652 8380
f 7301 7302 7661
f 7662 7661 7302
f 8021 8651 8022
f 8382 8652 8381
f 7302 7303 7662
f 7663 7662 7303
f 8022 8651 8023
f 8383 8652 8382
f 7303 7304 7663
f 7664 7663 7304
f 8023 8651 8024
f 8384 8652 8383
f 7304 7305 7664
f 7665 7664 7305
f 8024 8651 8025
f 8385 8652 8384
f 7305 7306 7665
f 7666 7665 7306
f 8025 8651 8026
f 8386 8652 8385
f 7306 7307 7666
f 7667 7666 7307
f 8026 8651 8027
f 8387 8652 8386
f 7307 7308 7667
f 7668 7667 7308
f 8027 8651 8028
f 8388 8652 8387
f 7308 7309 7668
f 7669 7668 7309
f 8028 8651 8029
f 8389 8652 8388
f 7309 7310 7669
f 7670 7669 7310
f 8029 8651 8030
f 8390 8652 8389
f 7310 7311 7670
f 7671 7670 7311
f 8030 8651 8031
f 8391 8652 8390
f 7311 7312 7671
f 7672 7671 7312
f 8031 8651 8032
f 8392 8652 8391
f 7312 7313 7672
f 7673 7672 7313
f 8032 8651 8033
f 8393 8652 8392
f 7313 7314 7673
f 7674 7673 7314
f 8033 8651 8034
f 8394 8652 8393
f 7314 7315 7674
f 7675 7674 7315
f 8034 8651 8035
f 8395 8652 8394
f 7315 7316 7675
f 7676 7675 7316
f 8035 8651 8036
f 8396 8652 8395
f 7316 7317 7676
f 7677 7676 7317
f 8036 8651 8037
f 8397 8652 8396
f 7317 7318 7677
f 7678 7677 7318
f 8037 8651 8038
f 8398 8652 8397
f 7318 7319 7678
f 7679 7678 7319
f 8038 8651 8039
f 8399 8652 8398
f 7319 7320 7679
f 7680 7679 7320
f 8039 8651 8040
f 8400 8652 8399
f 7320 7321 7680
f 7681 7680 7321
f 8040 8651 8041
f 8401 8652 8400
f 7321 7322 7681
f 7682 7681 7322
f 8041 8651 8042
f 8402 8652 8401
f 7322 7323 7682
f 7683 7682 7323
f 8042 8651 8043
f 8403 8652 8402
f 7323 7324 7683
f 7684 7683 7324
f 8043 8651 8044
f 8404 8652 8403
f 7324 7325 7684
f 7685 7684 7325
f 8044 8651 8045
f 8405 8652 8404
f 7325 7326 7685
f 7686 7685 7326
f 8045 8651 8046
f 8406 8652 8405
f 7326 7327 7686
f 7687 7686 7327
f 8046 8651 8047
f 8407 8652 8406
f 7327 7328 7687
f 7688 7687 7328
f 8047 8651 8048
f 8408 8652 8407
f 7328 7329 7688
f 7689 7688 7329
f 8048 8651 8049
f 8409 8652 8408
f 7329 7330 7689
f 7690 7689 7330
f 8049 8651 8050
f 8410 8652 8409
f 7330 7331 7690
f 7691 7690 7331
f 8050 8651 8051
f 8411 8652 8410
f 7331 7332 7691
f 7692 7691 7332
f 8051 8651 8052
f 8412 8652 8411
f 7332 7333 7692
f 7693 7692 7333
f 8052 8651 8053
f 8413 8652 8412
f 7333 7334 7693
f 7694 7693 7334
f 8053 8651 8054
f 8414 8652 8413
f 7334 7335 7694
f 7695 7694 7335
f 8054 8651 8055
f 8415 8652 8414
f 7335 7336 7695
f 7696 7695 7336
f 8055 8651 8056
f 8416 8652 8415
f 7336 7337 7696
f 7697 7696 7337
f 8056 8651 8057
f 8417 8652 8416
f 7337 7338 7697
f 7698 7697 7338
f 8057 8651 8058
f 8418 8652 8417
f 7338 7339 7698
f 7699 7698 7339
f 8058 8651 8059
f 8419 8652 8418
f 7339 7340 7699
f 7700 7699 7340
f 8059 8651 8060
f 8420 8652 8419
f 7340 7341 7700
f 7701 7700 7341
f 8060 8651 8061
f 8421 8652 8420
f 7341 7342 7701
f 7702 7701 7342
f 8061 8651 8062
f 8422 8652 8421
f 7342 7343 7702
f 7703 7702 7343
f 8062 8651 8063
f 8423 8652 8422
f 7343 7344 7703
f 7704 7703 7344
f 8063 8651 8064
f 8424 8652 8423
f 7344 7345 7704
f 7705 7704 7345
f 8064 8651 8065
f 8425 8652 8424
f 7345 7346 7705
f 7706 7705 7346
f 8065 8651 8066
f 8426 8652 8425
f 7346 7347 7706
f 7707 7706 7347
f 8066 8651 8067
f 8427 8652 8426
f 7347 7348 7707
f 7708 7707 7348
f 8067 8651 8068
f 8428 8652 8427
f 7348 7349 7708
f 7709 7708 7349
f 8068 8651 8069
f 8429 8652 8428
f 7349 7350 7709
f 7710 7709 7350
f 8069 8651 8070
f 8430 8652 8429
f 7350 7351 7710
f 7711 7710 7351
f 8070 8651 8071
f 8431 8652 8430
f 7351 7352 7711
f 7712 7711 7352
f 8071 8651 8072
f 8432 8652 8431
f 7352 7353 7712
f 7713 7712 7353
f 8072 8651 8073
f 8433 8652 8432
f 7353 7354 7713
f 7714 7713 7354
f 8073 8651 8074
f 8434 8652 8433
f 7354 7355 7714
f 7715 7714 7355
f 8074 8651 8075
f 8435 8652 8434
f 7355 7356 7715
f 7716 7715 7356
f 8075 8651 8076
f 8436 8652 8435
f 7356 7357 7716
f 7717 7716 7357
f 8076 8651 8077
f 8437 8652 8436
f 7357 7358 7717
f 7718 7717 7358
f 8077 8651 8078
f 8438 8652 8437
f 7358 7359 7718
f 7719 7718 7359
f 8078 8651 8079
f 8439 8652 8438
f 7359 7360 7719
f 7720 7719 7360
f 8079 8651 8080
f 8440 8652 8439
f 7360 7361 7720
f 7721 7720 7361
f 8080 8651 8081
f 8441 8652 8440
f 7361 7362 7721
f 7722 7721 7362
f 8081 8651 8082
f 8442 8652 8441
f 7362 7363 7722
f 7723 7722 7363
f 8082 8651 8083
f 8443 8652 8442
f 7363 7364 7723
f 7724 7723 7364
f 8083 8651 8084
f 8444 8652 8443
f 7364 7365 7724
f 7725 7724 7365
f 8084 8651 8085
f 8445 8652 8444
f 7365 7366 7725
f 7726 7725 7366
f 8085 8651 8086
f 8446 8652 8445
f 7366 7367 7726
f 7727 7726 7367
f 8086 8651 8087
f 8447 8652 8446
f 7367 7368 7727
f 7728 7727 7368
f 8087 8651 8088
f 8448 8652 8447
f 7368 7369 7728
f 7729 7728 7369
f 8088 8651 8089
f 8449 8652 8448
f 7369 7370 7729
f 7730 7729 7370
f 8089 8651 8090
f 8450 8652 8449
f 7370 7371 7730
f 7731 7730 7371
f 8090 8651 8091
f 8451 8652 8450
f 7371 7372 7731
f 7732 7731 7372
f 8091 8651 8092
f 8452 8652 8451
f 7372 7373 7732
f 7733 7732 7373
f 8092 8651 8093
f 8453 8652 8452
f 7373 7374 7733
f 7734 7733 7374
f 8093 8651 8094
f 8454 8652 8453
f 7374 7375 7734
f 7735 7734 7375
f 8094 8651 8095
f 8455 8652 8454
f 7375 7376 7735
f 7736 7735 7376
f 8095 8651 8096
f 8456 8652 8455
f 7376 7377 7736
f 7737 7736 7377
f 8096 8651 8097
f 8457 8652 8456
f 7377 7378 7737
f 7738 7737 7378
f 8097 8651 8098
f 8458 8652 8457
f 7378 7379 7738
f 7739 7738 7379
f 8098 8651 8099
f 8459 8652 8458
f 7379 7380 7739
f 7740 7739 7380
f 8099 8651 8100
f 8460 8652 8459
f 7380 7381 7740
f 7741 7740 7381
f 8100 8651 8101
f 8461 8652 8460
f 7381 7382 7741
f 7742 7741 7382
f 8101 8651 8102
f 8462 8652 8461
f 7382 7383 7742
f 7743 7742 7383
f 8102 8651 8103
f 8463 8652 8462
f 7383 7384 7743
f 7744 7743 7384
f 8103 8651 8104
f 8464 8652 8463
f 7384 7385 7744
f 7745 7744 7385
f 8104 8651 8105
f 8465 8652 8464
f 7385 7386 7745
f 7746 7745 7386
f 8105 8651 8106
f 8466 8652 8465
f 7386 7387 7746
f 7747 7746 7387
f 8106 8651 8107
f 8467 8652 8466
f 7387 7388 7747
f 7748 7747 7388
f 8107 8651 8108
f 8468 8652 8467
f 7388 7389 7748
f 7749 7748 7389
f 8108 8651 8109
f 8469 8652 8468
f 7389 7390 7749
f 7750 7749 7390
f 8109 8651 8110
f 8470 8652 8469
f 7390 7391 7750
f 7751 7750 7391
f 8110 8651 8111
f 8471 8652 8470
f 7391 7392 7751
f 7752 7751 7392
f 8111 8651 8112
f 8472 8652 8471
f 7392 7393 7752
f 7753 7752 7393
f 8112 8651 8113
f 8473 8652 8472
f 7393 7394 7753
f 7754 7753 7394
f 8113 8651 8114
f 8474 8652 8473
f 7394 7395 7754
f 7755 7754 7395
f 8114 8651 8115
f 8475 8652 8474
f 7395 7396 7755
f 7756 7755 7396
f 8115 8651 8116
f 8476 8652 8475
f 7396 7397 7756
f 7757 7756 7397
f 8116 8651 8117
f 8477 8652 8476
f 7397 7398 7757
f 7758 7757 7398
f 8117 8651 8118
f 8478 8652 8477
f 7398 7399 7758
f 7759 7758 7399
f 8118 8651 8119
f 8479 8652 8478
f 7399 7400 7759
f 7760 7759 7400
f 8119 8651 8120
f 8480 8652 8479
f 7400 7401 7760
f 7761 7760 7401
f 8120 8651 8121
f 8481 8652 8480
f 7401 7402 7761
f 7762 7761 7402
f 8121 8651 8122
f 8482 8652 8481
f 7402 7403 7762
f 7763 7762 7403
f 8122 8651 8123
f 8483 8652 8482
f 7403 7404 7763
f 7764 7763 7404
f 8123 8651 8124
f 8484 8652 8483
f 7404 7405 7764
f 7765 7764 7405
f 8124 8651 8125
f 8485 8652 8484
f 7405 7406 7765
f 7766 7765 7406
f 8125 8651 8126
f 8486 8652 8485
f 7406 7407 7766
f 7767 7766 7407
f 8126 8651 8127
f 8487 8652 8486
f 7407 7408 7767
f 7768 7767 7408
f 8127 8651 8128
f 8488 8652 8487
f 7408 7409 7768
f 7769 7768 7409
f 8128 8651 8129
f 8489 8652 8488
f 7409 7410 7769
f 7770 7769 7410
f 8129 8651 8130
f 8490 8652 8489
f 7410 7411 7770
f 7771 7770 7411
f 8130 8651 8131
f 8491 8652 8490
f 7411 7412 7771
f 7772 7771 7412
f 8131 8651 8132
f 8492 8652 8491
f 7412 7413 7772
f 7773 7772 7413
f 8132 8651 8133
f 8493 8652 8492
f 7413 7414 7773
f 7774 7773 7414
f 8133 8651 8134
f 8494 8652 8493
f 7414 7415 7774
f 7775 7774 7415
f 8134 8651 8135
f 8495 8652 8494
f 7415 7416 7775
f 7776 7775 7416
f 8135 8651 8136
f 8496 8652 8495
f 7416 7417 7776
f 7777 7776 7417
f 8136 8651 8137
f 8497 8652 8496
f 7417 7418 7777
f 7778 7777 7418
f 8137 8651 8138
f 8498 8652 8497
f 7418 7419 7778
f 7779 7778 7419
f 8138 8651 8139
f 8499 8652 8498
f 7419 7420 7779
f 7780 7779 7420
f 8139 8651 8140
f 8500 8652 8499
f 7420 7421 7780
f 7781 7780 7421
f 8140 8651 8141
f 8501 8652 8500
f 7421 7422 7781
f 7782 7781 7422
f 8141 8651 8142
f 8502 8652 8501
f 7422 7423 7782
f 7783 7782 7423
f 8142 8651 8143
f 8503 8652 8502
f 7423 7424 7783
f 7784 7783 7424
f 8143 8651 8144
f 8504 8652 8503
f 7424 7425 7784
f 7785 7784 7425
f 8144 8651 8145
f 8505 8652 8504
f 7425 7426 7785
f 7786 7785 7426
f 8145 8651 8146
f 8506 8652 8505
f 7426 7427 7786
f 7787 7786 7427
f 8146 8651 8147
f 8507 8652 8506
f 7427 7428 7787
f 7788 7787 7428
f 8147 8651 8148
f 8508 8652 8507
f 7428 7429 7788
f 7789 7788 7429
f 8148 8651 8149
f 8509 8652 8508
f 7429 7430 7789
f 7790 7789 7430
f 8149 8651 8150
f 8510 8652 8509
f 7430 7431 7790
f 7791 7790 7431
f 8150 8651 8151
f 8511 8652 8510
f 7431 7432 7791
f 7792 7791 7432
f 8151 8651 8152
f 8512 8652 8511
f 7432 7433 7792
f 7793 7792 7433
f 8152 8651 8153
f 8513 8652 8512
f 7433 7434 7793
f 7794 7793 7434
f 8153 8651 8154
f 8514 8652 8513
f 7434 7435 7794
f 7795 7794 7435
f 8154 8651 8155
f 8515 8652 8514
f 7435 7436 7795
f 7796 7795 7436
f 8155 8651 8156
f 8516 8652 8515
f 7436 7437 7796
f 7797 7796 7437
f 8156 8651 8157
f 8517 8652 8516
f 7437 7438 7797
f 7798 7797 7438
f 8157 8651 8158
f 8518 8652 8517
f 7438 7439 7798
f 7799 7798 7439
f 8158 8651 8159
f 8519 8652 8518
f 7439 7440 7799
f 7800 7799 7440
f 8159 8651 8160
f 8520 8652 8519
f 7440 7441 7800
f 7801 7800 7441
f 8160 8651 8161
f 8521 8652 8520
f 7441 7442 7801
f 7802 7801 7442
f 8161 8651 8162
f 8522 8652 8521
f 7442 7443 7802
f 7803 7802 7443
f 8162 8651 8163
f 8523 8652 8522
f 7443 7444 7803
f 7804 7803 7444
f 8163 8651 8164
f 8524 8652 8523
f 7444 7445 7804
f 7805 7804 7445
f 8164 8651 8165
f 8525 8652 8524
f 7445 7446 7805
f 7806 7805 7446
f 8165 8651 8166
f 8526 8652 8525
f 7446 7447 7806
f 7807 7806 7447
f 8166 8651 8167
f 8527 8652 8526
f 7447 7448 7807
f 7808 7807 7448
f 8167 8651 8168
f 8528 8652 8527
f 7448 7449 7808
f 7809 7808 7449
f 8168 8651 8169
f 8529 8652 8528
f 7449 7450 7809
f 7810 7809 7450
f 8169 8651 8170
f 8530 8652 8529
f 7450 7451 7810
f 7811 7810 7451
f 8170 8651 8171
f 8531 8652 8530
f 7451 7452 7811
f 7812 7811 7452
f 8171 8651 8172
f 8532 8652 8531
f 7452 7453 7812
f 7813 7812 7453
f 8172 8651 8173
f 8533 8652 8532
f 7453 7454 7813
f 7814 7813 7454
f 8173 8651 8174
f 8534 8652 8533
f 7454 7455 7814
f 7815 7814 7455
f 8174 8651 8175
f 8535 8652 8534
f 7455 7456 7815
f 7816 7815 7456
f 8175 8651 8176
f 8536 8652 8535
f 7456 7457 7816
f 7817 7816 7457
f 8176 8651 8177
f 8537 8652 8536
f 7457 7458 7817
f 7818 7817 7458
f 8177 8651 8178
f 8538 8652 8537
f 7458 7459 7818
f 7819 7818 7459
f 8178 8651 8179
f 8539 8652 8538
f 7459 7460 7819
f 7820 7819 7460
f 8179 8651 8180
f 8540 8652 8539
f 7460 7461 7820
f 7821 7820 7461
f 8180 8651 8181
f 8541 8652 8540
f 7461 7462 7821
f 7822 7821 7462
f 8181 8651 8182
f 8542 8652 8541
f 7462 7463 7822
f 7823 7822 7463
f 8182 8651 8183
f 8543 8652 8542
f 7463 7464 7823
f 7824 7823 7464
f 8183 8651 8184
f 8544 8652 8543
f 7464 7465 7824
f 7825 7824 7465
f 8184 8651 8185
f 8545 8652 8544
f 7465 7466 7825
f 7826 7825 7466
f 8185 8651 8186
f 8546 8652 8545
f 7466 7467 7826
f 7827 7826 7467
f 8186 8651 8187
f 8547 8652 8546
f 7467 7468 7827
f 7828 7827 7468
f 8187 8651 8188
f 8548 8652 8547
f 7468 7469 7828
f 7829 7828 7469
f 8188 8651 8189
f 8549 8652 8548
f 7469 7470 7829
f 7830 7829 7470
f 8189 8651 8190
f 8550 8652 8549
f 7470 7471 7830
f 7831 7830 7471
f 8190 8651 8191
f 8551 8652 8550
f 7471 7472 7831
f 7832 7831 7472
f 8191 8651 8192
f 8552 8652 8551
f 7472 7473 7832
f 7833 7832 7473
f 8192 8651 8193
f 8553 8652 8552
f 7473 7474 7833
f 7834 7833 7474
f 8193 8651 8194
f 8554 8652 8553
f 7474 7475 7834
f 7835 7834 7475
f 8194 8651 8195
f 8555 8652 8554
f 7475 7476 7835
f 7836 7835 7476
f 8195 8651 8196
f 8556 8652 8555
f 7476 7477 7836
f 7837 7836 7477
f 8196 8651 8197
f 8557 8652 8556
f 7477 7478 7837
f 7838 7837 7478
f 8197 8651 8198
f 8558 8652 8557
f 7478 7479 7838
f 7839 7838 7479
f 8198 8651 8199
f 8559 8652 8558
f 7479 7480 7839
f 7840 7839 7480
f 8199 8651 8200
f 8560 8652 8559
f 7480 7481 7840
f 7841 7840 7481
f 8200 8651 8201
f 8561 8652 8560
f 7481 7482 7841
f 7842 7841 7482
f 8201 8651 8202
f 8562 8652 8561
f 7482 7483 7842
f 7843 7842 7483
f 8202 8651 8203
f 8563 8652 8562
f 7483 7484 7843
f 7844 7843 7484
f 8203 8651 8204
f 8564 8652 8563
f 7484 7485 7844
f 7845 7844 7485
f 8204 8651 8205
f 8565 8652 8564
f 7485 7486 7845
f 7846 7845 7486
f 8205 8651 8206
f 8566 8652 8565
f 7486 7487 7846
f 7847 7846 7487
f 8206 8651 8207
f 8567 8652 8566
f 7487 7488 7847
f 7848 7847 7488
f 8207 8651 8208
f 8568 8652 8567
f 7488 7489 7848
f 7849 7848 7489
f 8208 8651 8209
f 8569 8652 8568
f 7489 7490 7849
f 7850 7849 7490
f 8209 8651 8210
f 8570 8652 8569
f 7490 7491 7850
f 7851 7850 7491
f 8210 8651 8211
f 8571 8652 8570
f 7491 7492 7851
f 7852 7851 7492
f 8211 8651 8212
f 8572 8652 8571
f 7492 7493 7852
f 7853 7852 7493
f 8212 8651 8213
f 8573 8652 8572
f 7493 7494 7853
f 7854 7853 7494
f 8213 8651 8214
f 8574 8652 8573
f 7494 7495 7854
f 7855 7854 7495
f 8214 8651 8215
f 8575 8652 8574
f 7495 7496 7855
f 7856 7855 7496
f 8215 8651 8216
f 8576 8652 8575
f 7496 7497 7856
f 7857 7856 7497
f 8216 8651 8217
f 8577 8652 8576
f 7497 7498 7857
f 7858 7857 7498
f 8217 8651 8218
f 8578 8652 8577
f 7498 7499 7858
f 7859 7858 7499
f 8218 8651 8219
f 8579 8652 8578
f 7499 7500 7859
f 7860 7859 7500
f 8219 8651 8220
f 8580 8652 8579
f 7500 7501 7860
f 7861 7860 7501
f 8220 8651 8221
f 8581 8652 8580
f 7501 7502 7861
f 7862 7861 7502
f 8221 8651 8222
f 8582 8652 8581
f 7502 7503 7862
f 7863 7862 7503
f 8222 8651 8223
f 8583 8652 8582
f 7503 7504 7863
f 7864 7863 7504
f 8223 8651 8224
f 8584 8652 8583
f 7504 7505 7864
f 7865 7864 7505
f 8224 8651 8225
f 8585 8652 8584
f 7505 7506 7865
f 7866 7865 7506
f 8225 8651 8226
f 8586 8652 8585
f 7506 7507 7866
f 7867 7866 7507
f 8226 8651 8227
f 8587 8652 8586
f 7507 7508 7867
f 7868 7867 7508
f 8227 8651 8228
f 8588 8652 8587
f 7508 7509 7868
f 7869 7868 7509
f 8228 8651 8229
f 8589 8652 8588
f 7509 7510 7869
f 7870 7869 7510
f 8229 8651 8230
f 8590 8652 8589
f 7510 7511 7870
f 7871 7870 7511
f 8230 8651 8231
f 8591 8652 8590
f 7511 7512 7871
f 7872 7871 7512
f 8231 8651 8232
f 8592 8652 8591
f 7512 7513 7872
f 7873 7872 7513
f 8232 8651 8233
f 8593 8652 8592
f 7513 7514 7873
f 7874 7873 7514
f 8233 8651 8234
f 8594 8652 8593
f 7514 7515 7874
f 7875 7874 7515
f 8234 8651 8235
f 8595 8652 8594
f 7515 7516 7875
f 7876 7875 7516
f 8235 8651 8236
f 8596 8652 8595
f 7516 7517 7876
f 7877 7876 7517
f 8236 8651 8237
f 8597 8652 8596
f 7517 7518 7877
f 7878 7877 7518
f 8237 8651 8238
f 8598 8652 8597
f 7518 7519 7878
f 7879 7878 7519
f 8238 8651 8239
f 8599 8652 8598
f 7519 7520 7879
f 7880 7879 7520
f 8239 8651 8240
f 8600 8652 8599
f 7520 7521 7880
f 7881 7880 7521
f 8240 8651 8241
f 8601 8652 8600
f 7521 7522 7881
f 7882 7881 7522
f 8241 8651 8242
f 8602 8652 8601
f 7522 7523 7882
f 7883 7882 7523
f 8242 8651 8243
f 8603 8652 8602
f 7523 7524 7883
f 7884 7883 7524
f 8243 8651 8244
f 8604 8652 8603
f 7524 7525 7884
f 7885 7884 7525
f 8244 8651 8245
f 8605 8652 8604
f 7525 7526 7885
f 7886 7885 7526
f 8245 8651 8246
f 8606 8652 8605
f 7526 7527 7886
f 7887 7886 7527
f 8246 8651 8247
f 8607 8652 8606
f 7527 7528 7887
f 7888 7887 7528
f 8247 8651 8248
f 8608 8652 8607
f 7528 7529 7888
f 7889 7888 7529
f 8248 8651 8249
f 8609 8652 8608
f 7529 7530 7889
f 7890 7889 7530
f 8249 8651 8250
f 8610 8652 8609
f 7530 7531 7890
f 7891 7890 7531
f 8250 8651 8251
f 8611 8652 8610
f 7531 7532 7891
f 7892 7891 7532
f 8251 8651 8252
f 8612 8652 8611
f 7532 7533 7892
f 7893 7892 7533
f 8252 8651 8253
f 8613 8652 8612
f 7533 7534 7893
f 7894 7893 7534
f 8253 8651 8254
f 8614 8652 8613
f 7534 7535 7894
f 7895 7894 7535
f 8254 8651 8255
f 8615 8652 8614
f 7535 7536 7895
f 7896 7895 7536
f 8255 8651 8256
f 8616 8652 8615
f 7536 7537 7896
f 7897 7896 7537
f 8256 8651 8257
f 8617 8652 8616
f 7537 7538 7897
f 7898 7897 7538
f 8257 8651 8258
f 8618 8652 8617
f 7538 7539 7898
f 7899 7898 7539
f 8258 8651 8259
f 8619 8652 8618
f 7539 7540 7899
f 7900 7899 7540
f 8259 8651 8260
f 8620 8652 8619
f 7540 7541 7900
f 7901 7900 7541
f 8260 8651 8261
f 8621 8652 8620
f 7541 7542 7901
f 7902 7901 7542
f 8261 8651 8262
f 8622 8652 8621
f 7542 7543 7902
f 7903 7902 7543
f 8262 8651 8263
f 8623 8652 8622
f 7543 7544 7903
f 7904 7903 7544
f 8263 8651 8264
f 8624 8652 8623
f 7544 7545 7904
f 7905 7904 7545
f 8264 8651 8265
f 8625 8652 8624
f 7545 7546 7905
f 7906 7905 7546
f 8265 8651 8266
f 8626 8652 8625
f 7546 7547 7906
f 7907 7906 7547
f 8266 8651 8267
f 8627 8652 8626
f 7547 7548 7907
f 7908 7907 7548
f 8267 8651 8268
f 8628 8652 8627
f 7548 7549 7908
f 7909 7908 7549
f 8268 8651 8269
f 8629 8652 8628
f 7549 7550 7909
f 7910 7909 7550
f 8269 8651 8270
f 8630 8652 8629
f 7550 7551 7910
f 7911 7910 7551
f 8270 8651 8271
f 8631 8652 8630
f 7551 7552 7911
f 7912 7911 7552
f 8271 8651 8272
f 8632 8652 8631
f 7552 7553 7912
f 7913 7912 7553
f 8272 8651 8273
f 8633 8652 8632
f 7553 7554 7913
f 7914 7913 7554
f 8273 8651 8274
f 8634 8652 8633
f 7554 7555 7914
f 7915 7914 7555
f 8274 8651 8275
f 8635 8652 8634
f 7555 7556 7915
f 7916 7915 7556
f 8275 8651 8276
f 8636 8652 8635
f 7556 7557 7916
f 7917 7916 7557
f 8276 8651 8277
f 8637 8652 8636
f 7557 7558 7917
f 7918 7917 7558
f 8277 8651 8278
f 8638 8652 8637
f 7558 7559 7918
f 7919 7918 7559
f 8278 8651 8279
f 8639 8652 8638
f 7559 7560 7919
f 7920 7919 7560
f 8279 8651 8280
f 8640 8652 8639
f 7560 7561 7920
f 7921 7920 7561
f 8280 8651 8281
f 8641 8652 8640
f 7561 7562 7921
f 7922 7921 7562
f 8281 8651 8282
f 8642 8652 8641
f 7562 7563 7922
f 7923 7922 7563
f 8282 8651 8283
f 8643 8652 8642
f 7563 7564 7923
f 7924 7923 7564
f 8283 8651 8284
f 8644 8652 8643
f 7564 7565 7924
f 7925 7924 7565
f 8284 8651 8285
f 8645 8652 8644
f 7565 7566 7925
f 7926 7925 7566
f 8285 8651 8286
f 8646 8652 8645
f 7566 7567 7926
f 7927 7926 7567
f 8286 8651 8287
f 8647 8652 8646
f 7567 7568 7927
f 7928 7927 7568
f 8287 8651 8288
f 8648 8652 8647
f 7568 7569 7928
f 7929 7928 7569
f 8288 8651 8289
f 8649 8652 8648
f 7569 7570 7929
f 7930 7929 7570
f 8289 8651 8290
f 8650 8652 8649
f 7570 7211 7930
f 7571 7930 7211
f 8290 8651 7931
f 8291 8652 8650
f 8653 8654 9013
f 9014 9013 8654
f 9373 10093 9374
f 9734 10094 9733
f 8654 8655 9014
f 9015 9014 8655
f 9374 10093 9375
f 9735 10094 9734
f 8655 8656 9015
f 9016 9015 8656
f 9375 10093 9376
f 9736 10094 9735
f 8656 8657 9016
f 9017 9016 8657
f 9376 10093 9377
f 9737 10094 9736
f 8657 8658 9017
f 9018 9017 8658
f 9377 10093 9378
f 9738 10094 9737
f 8658 8659 9018
f 9019 9018 8659
f 9378 10093 9379
f 9739 10094 9738
f 8659 8660 9019
f 9020 9019 8660
f 9379 10093 9380
f 9740 10094 9739
f 8660 8661 9020
f 9021 9020 8661
f 9380 10093 9381
f 9741 10094 9740
f 8661 8662 9021
f 9022 9021 8662
f 9381 10093 9382
f 9742 10094 9741
f 8662 8663 9022
f 9023 9022 8663
f 9382 10093 9383
f 9743 10094 9742
f 8663 8664 9023
f 9024 9023 8664
f 9383 10093 9384
f 9744 10094 9743
f 8664 8665 9024
f 9025 9024 8665
f 9384 10093 9385
f 9745 10094 9744
f 8665 8666 9025
f 9026 9025 8666
f 9385 10093 9386
f 9746 10094 9745
f 8666 8667 9026
f 9027 9026 8667
f 9386 10093 9387
f 9747 10094 9746
f 8667 8668 9027
f 9028 9027 8668
f 9387 10093 9388
f 9748 10094 9747
f 8668 8669 9028
f 9029 9028 8669
f 9388 10093 9389
f 9749 10094 9748
f 8669 8670 9029
f 9030 9029 8670
f 9389 10093 9390
f 9750 10094 9749
f 8670 8671 9030
f 9031 9030 8671
f 9390 10093 9391
f 9751 10094 9750
f 8671 8672 9031
f 9032 9031 8672
f 9391 10093 9392
f 9752 10094 9751
f 8672 8673 9032
f 9033 9032 8673
f 9392 10093 9393
f 9753 10094 9752
f 8673 8674 9033
f 9034 9033 8674
f 9393 10093 9394
f 9754 10094 9753
f 8674 8675 9034
f 9035 9034 8675
f 9394 10093 9395
f 9755 10094 9754
f 8675 8676 9035
f 9036 9035 8676
f 9395 10093 9396
f 9756 10094 9755
f 8676 8677 9036
f 9037 9036 8677
f 9396 10093 9397
f 9757 10094 9756
f 8677 8678 9037
f 9038 9037 8678
f 9397 10093 9398
f 9758 10094 9757
f 8678 8679 9038
f 9039 9038 8679
f 9398 10093 9399
f 9759 10094 9758
f 8679 8680 9039
f 9040 9039 8680
f 9399 10093 9400
f 9760 10094 9759
f 8680 8681 9040
f 9041 9040 8681
f 9400 10093 9401
f 9761 10094 9760
f 8681 8682 9041
f 9042 9041 8682
f 9401 10093 9402
f 9762 10094 9761
f 8682 8683 9042
f 9043 9042 8683
f 9402 10093 9403
f 9763 10094 9762
f 8683 8684 9043
f 9044 9043 8684
f 9403 10093 9404
f 9764 10094 9763
f 8684 8685 9044
f 9045 9044 8685
f 9404 10093 9405
f 9765 10094 9764
f 8685 8686 9045
f 9046 9045 8686
f 9405 10093 9406
f 9766 10094 9765
f 8686 8687 9046
f 9047 9046 8687
f 9406 10093 9407
f 9767 10094 9766
f 8687 8688 9047
f 9048 9047 8688
f 9407 10093 9408
f 9768 10094 9767
f 8688 8689 9048
f 9049 9048 8689
f 9408 10093 9409
f 9769 10094 9768
f 8689 8690 9049
f 9050 9049 8690
f 9409 10093 9410
f 9770 10094 9769
f 8690 8691 9050
f 9051 9050 8691
f 9410 10093 9411
f 9771 10094 9770
f 8691 8692 9051
f 9052 9051 8692
f 9411 10093 9412
f 9772 10094 9771
f 8692 8693 9052
f 9053 9052 8693
f 9412 10093 9413
f 9773 10094 9772
f 8693 8694 9053
f 9054 9053 8694
f 9413 10093 9414
f 9774 10094 9773
f 8694 8695 9054
f 9055 9054 8695
f 9414 10093 9415
f 9775 10094 9774
f 8695 8696 9055
f 9056 9055 8696
f 9415 10093 9416
f 9776 10094 9775
f 8696 8697 9056
f 9057 9056 8697
f 9416 10093 9417
f 9777 10094 9776
f 8697 8698 9057
f 9058 9057 8698
f 9417 10093 9418
f 9778 10094 9777
f 8698 8699 9058
f 9059 9058 8699
f 9418 10093 9419
f 9779 10094 9778
f 8699 8700 9059
f 9060 9059 8700
f 9419 10093 9420
f 9780 10094 9779
f 8700 8701 9060
f 9061 9060 8701
f 9420 10093 9421
f 9781 10094 9780
f 8701 8702 9061
f 9062 9061 8702
f 9421 10093 9422
f 9782 10094 9781
f 8702 8703 9062
f 9063 9062 8703
f 9422 10093 9423
f 9783 10094 9782
f 8703 8704 9063
f 9064 9063 8704
f 9423 10093 9424
f 9784 10094 9783
f 8704 8705 9064
f 9065 9064 8705
f 9424 10093 9425
f 9785 10094 9784
f 8705 8706 9065
f 9066 9065 8706
f 9425 10093 9426
f 9786 10094 9785
f 8706 8707 9066
f 9067 9066 8707
f 9426 10093 9427
f 9787 10094 9786
f 8707 8708 9067
f 9068 9067 8708
f 9427 10093 9428
f 9788 10094 9787
f 8708 8709 9068
f 9069 9068 8709
f 9428 10093 9429
f 9789 10094 9788
f 8709 8710 9069
f 9070 9069 8710
f 9429 10093 9430
f 9790 10094 9789
f 8710 8711 9070
f 9071 9070 8711
f 9430 10093 9431
f 9791 10094 9790
f 8711 8712 9071
f 9072 9071 8712
f 9431 10093 9432
f 9792 10094 9791
f 8712 8713 9072
f 9073 9072 8713
f 9432 10093 9433
f 9793 10094 9792
f 8713 8714 9073
f 9074 9073 8714
f 9433 10093 9434
f 9794 10094 9793
f 8714 8715 9074
f 9075 9074 8715
f 9434 10093 9435
f 9795 10094 9794
f 8715 8716 9075
f 9076 9075 8716
f 9435 10093 9436
f 9796 10094 9795
f 8716 8717 9076
f 9077 9076 8717
f 9436 10093 9437
f 9797 10094 9796
f 8717 8718 9077
f 9078 9077 8718
f 9437 10093 9438
f 9798 10094 9797
f 8718 8719 9078
f 9079 9078 8719
f 9438 10093 9439
f 9799 10094 9798
f 8719 8720 9079
f 9080 9079 8720
f 9439 10093 9440
f 9800 10094 9799
f 8720 8721 9080
f 9081 9080 8721
f 9440 10093 9441
f 9801 10094 9800
f 8721 8722 9081
f 9082 9081 8722
f 9441 10093 9442
f 9802 10094 9801
f 8722 8723 9082
f 9083 9082 8723
f 9442 10093 9443
f 9803 10094 9802
f 8723 8724 9083
f 9084 9083 8724
f 9443 10093 9444
f 9804 10094 9803
f 8724 8725 9084
f 9085 9084 8725
f 9444 10093 9445
f 9805 10094 9804
f 8725 8726 9085
f 9086 9085 8726
f 9445 10093 9446
f 9806 10094 9805
f 8726 8727 9086
f 9087 9086 8727
f 9446 10093 9447
f 9807 10094 9806
f 8727 8728 9087
f 9088 9087 8728
f 9447 10093 9448
f 9808 10094 9807
f 8728 8729 9088
f 9089 9088 8729
f 9448 10093 9449
f 9809 10094 9808
f 8729 8730 9089
f 9090 9089 8730
f 9449 10093 9450
f 9810 10094 9809
f 8730 8731 9090
f 9091 9090 8731
f 9450 10093 9451
f 9811 10094 9810
f 8731 8732 9091
f 9092 9091 8732
f 9451 10093 9452
f 9812 10094 9811
f 8732 8733 9092
f 9093 9092 8733
f 9452 10093 9453
f 9813 10094 9812
f 8733 8734 9093
f 9094 9093 8734
f 9453 10093 9454
f 9814 10094 9813
f 8734 8735 9094
f 9095 9094 8735
f 9454 10093 9455
f 9815 10094 9814
f 8735 8736 9095
f 9096 9095 8736
f 9455 10093 9456
f 9816 10094 9815
f 8736 8737 9096
f 9097 9096 8737
f 9456 10093 9457
f 9817 10094 9816
f 8737 8738 9097
f 9098 9097 8738
f 9457 10093 9458
f 9818 10094 9817
f 8738 8739 9098
f 9099 9098 8739
f 9458 10093 9459
f 9819 10094 9818
f 8739 8740 9099
f 9100 9099 8740
f 9459 10093 9460
f 9820 10094 9819
f 8740 8741 9100
f 9101 9100 8741
f 9460 10093 9461
f 9821 10094 9820
f 8741 8742 9101
f 9102 9101 8742
f 9461 10093 9462
f 9822 10094 9821
f 8742 8743 9102
f 9103 9102 8743
f 9462 10093 9463
f 9823 10094 9822
f 8743 8744 9103
f 9104 9103 8744
f 9463 10093 9464
f 9824 10094 9823
f 8744 8745 9104
f 9105 9104 8745
f 9464 10093 9465
f 9825 10094 9824
f 8745 8746 9105
f 9106 9105 8746
f 9465 10093 9466
f 9826 10094 9825
f 8746 8747 9106
f 9107 9106 8747
f 9466 10093 9467
f 9827 10094 9826
f 8747 8748 9107
f 9108 9107 8748
f 9467 10093 9468
f 9828 10094 9827
f 8748 8749 9108
f 9109 9108 8749
f 9468 10093 9469
f 9829 10094 9828
f 8749 8750 9109
f 9110 9109 8750
f 9469 10093 9470
f 9830 10094 9829
f 8750 8751 9110
f 9111 9110 8751
f 9470 10093 9471
f 9831 10094 9830
f 8751 8752 9111
f 9112 9111 8752
f 9471 10093 9472
f 9832 10094 9831
f 8752 8753 9112
f 9113 9112 8753
f 9472 10093 9473
f 9833 10094 9832
f 8753 8754 9113
f 9114 9113 8754
f 9473 10093 9474
f 9834 10094 9833
f 8754 8755 9114
f 9115 9114 8755
f 9474 10093 9475
f 9835 10094 9834
f 8755 8756 9115
f 9116 9115 8756
f 9475 10093 9476
f 9836 10094 9835
f 8756 8757 9116
f 9117 9116 8757
f 9476 10093 9477
f 9837 10094 9836
f 8757 8758 9117
f 9118 9117 8758
f 9477 10093 9478
f 9838 10094 9837
f 8758 8759 9118
f 9119 9118 8759
f 9478 10093 9479
f 9839 10094 9838
f 8759 8760 9119
f 9120 9119 8760
f 9479 10093 9480
f 9840 10094 9839
f 8760 8761 9120
f 9121 9120 8761
f 9480 10093 9481
f 9841 10094 9840
f 8761 8762 9121
f 9122 9121 8762
f 9481 10093 9482
f 9842 10094 9841
f 8762 8763 9122
f 9123 9122 8763
f 9482 10093 9483
f 9843 10094 9842
f 8763 8764 9123
f 9124 9123 8764
f 9483 10093 9484
f 9844 10094 9843
f 8764 8765 9124
f 9125 9124 8765
f 9484 10093 9485
f 9845 10094 9844
f 8765 8766 9125
f 9126 9125 8766
f 9485 10093 9486
f 9846 10094 9845
f 8766 8767 9126
f 9127 9126 8767
f 9486 10093 9487
f 9847 10094 9846
f 8767 8768 9127
f 9128 9127 8768
f 9487 10093 9488
f 9848 10094 9847
f 8768 8769 9128
f 9129 9128 8769
f 9488 10093 9489
f 9849 10094 9848
f 8769 8770 9129
f 9130 9129 8770
f 9489 10093 9490
f 9850 10094 9849
f 8770 8771 9130
f 9131 9130 8771
f 9490 10093 9491
f 9851 10094 9850
f 8771 8772 9131
f 9132 9131 8772
f 9491 10093 9492
f 9852 10094 9851
f 8772 8773 9132
f 9133 9132 8773
f 9492 10093 9493
f 9853 10094 9852
f 8773 8774 9133
f 9134 9133 8774
f 9493 10093 9494
f 9854 10094 9853
f 8774 8775 9134
f 9135 9134 8775
f 9494 10093 9495
f 9855 10094 9854
f 8775 8776 9135
f 9136 9135 8776
f 9495 10093 9496
f 9856 10094 9855
f 8776 8777 9136
f 9137 9136 8777
f 9496 10093 9497
f 9857 10094 9856
f 8777 8778 9137
f 9138 9137 8778
f 9497 10093 9498
f 9858 10094 9857
f 8778 8779 9138
f 9139 9138 8779
f 9498 10093 9499
f 9859 10094 9858
f 8779 8780 9139
f 9140 9139 8780
f 9499 10093 9500
f 9860 10094 9859
f 8780 8781 9140
f 9141 9140 8781
f 9500 10093 9501
f 9861 10094 9860
f 8781 8782 9141
f 9142 9141 8782
f 9501 10093 9502
f 9862 10094 9861
f 8782 8783 9142
f 9143 9142 8783
f 9502 10093 9503
f 9863 10094 9862
f 8783 8784 9143
f 9144 9143 8784
f 9503 10093 9504
f 9864 10094 9863
f 8784 8785 9144
f 9145 9144 8785
f 9504 10093 9505
f 9865 10094 9864
f 8785 8786 9145
f 9146 9145 8786
f 9505 10093 9506
f 9866 10094 9865
f 8786 8787 9146
f 9147 9146 8787
f 9506 10093 9507
f 9867 10094 9866
f 8787 8788 9147
f 9148 9147 8788
f 9507 10093 9508
f 9868 10094 9867
f 8788 8789 9148
f 9149 9148 8789
f 9508 10093 9509
f 9869 10094 9868
f 8789 8790 9149
f 9150 9149 8790
f 9509 10093 9510
f 9870 10094 9869
f 8790 8791 9150
f 9151 9150 8791
f 9510 10093 9511
f 9871 10094 9870
f 8791 8792 9151
f 9152 9151 8792
f 9511 10093 9512
f 9872 10094 9871
f 8792 8793 9152
f 9153 9152 8793
f 9512 10093 9513
f 9873 10094 9872
f 8793 8794 9153
f 9154 9153 8794
f 9513 10093 9514
f 9874 10094 9873
f 8794 8795 9154
f 9155 9154 8795
f 9514 10093 9515
f 9875 10094 9874
f 8795 8796 9155
f 9156 9155 8796
f 9515 10093 9516
f 9876 10094 9875
f 8796 8797 9156
f 9157 9156 8797
f 9516 10093 9517
f 9877 10094 9876
f 8797 8798 9157
f 9158 9157 8798
f 9517 10093 9518
f 9878 10094 9877
f 8798 8799 9158
f 9159 9158 8799
f 9518 10093 9519
f 9879 10094 9878
f 8799 8800 9159
f 9160 9159 8800
f 9519 10093 9520
f 9880 10094 9879
f 8800 8801 9160
f 9161 9160 8801
f 9520 10093 9521
f 9881 10094 9880
f 8801 8802 9161
f 9162 9161 8802
f 9521 10093 9522
f 9882 10094 9881
f 8802 8803 9162
f 9163 9162 8803
f 9522 10093 9523
f 9883 10094 9882
f 8803 8804 9163
f 9164 9163 8804
f 9523 10093 9524
f 9884 10094 9883
f 8804 8805 9164
f 9165 9164 8805
f 9524 10093 9525
f 9885 10094 9884
f 8805 8806 9165
f 9166 9165 8806
f 9525 10093 9526
f 9886 10094 9885
f 8806 8807 9166
f 9167 9166 8807
f 9526 10093 9527
f 9887 10094 9886
f 8807 8808 9167
f 9168 9167 8808
f 9527 10093 9528
f 9888 10094 9887
f 8808 8809 9168
f 9169 9168 8809
f 9528 10093 9529
f 9889 10094 9888
f 8809 8810 9169
f 9170 9169 8810
f 9529 10093 9530
f 9890 10094 9889
f 8810 8811 9170
f 9171 9170 8811
f 9530 10093 9531
f 9891 10094 9890
f 8811 8812 9171
f 9172 9171 8812
f 9531 10093 9532
f 9892 10094 9891
f 8812 8813 9172
f 9173 9172 8813
f 9532 10093 9533
f 9893 10094 9892
f 8813 8814 9173
f 9174 9173 8814
f 9533 10093 9534
f 9894 10094 9893
f 8814 8815 9174
f 9175 9174 8815
f 9534 10093 9535
f 9895 10094 9894
f 8815 8816 9175
f 9176 9175 8816
f 9535 10093 9536
f 9896 10094 9895
f 8816 8817 9176
f 9177 9176 8817
f 9536 10093 9537
f 9897 10094 9896
f 8817 8818 9177
f 9178 9177 8818
f 9537 10093 9538
f 9898 10094 9897
f 8818 8819 9178
f 9179 9178 8819
f 9538 10093 9539
f 9899 10094 9898
f 8819 8820 9179
f 9180 9179 8820
f 9539 10093 9540
f 9900 10094 9899
f 8820 8821 9180
f 9181 9180 8821
f 9540 10093 9541
f 9901 10094 9900
f 8821 8822 9181
f 9182 9181 8822
f 9541 10093 9542
f 9902 10094 9901
f 8822 8823 9182
f 9183 9182 8823
f 9542 10093 9543
f 9903 10094 9902
f 8823 8824 9183
f 9184 9183 8824
f 9543 10093 9544
f 9904 10094 9903
f 8824 8825 9184
f 9185 9184 8825
f 9544 10093 9545
f 9905 10094 9904
f 8825 8826 9185
f 9186 9185 8826
f 9545 10093 9546
f 9906 10094 9905
f 8826 8827 9186
f 9187 9186 8827
f 9546 10093 9547
f 9907 10094 9906
f 8827 8828 9187
f 9188 9187 8828
f 9547 10093 9548
f 9908 10094 9907
f 8828 8829 9188
f 9189 9188 8829
f 9548 10093 9549
f 9909 10094 9908
f 8829 8830 9189
f 9190 9189 8830
f 9549 10093 9550
f 9910 10094 9909
f 8830 8831 9190
f 9191 9190 8831
f 9550 10093 9551
f 9911 10094 9910
f 8831 8832 9191
f 9192 9191 8832
f 9551 10093 9552
f 9912 10094 9911
f 8832 8833 9192
f 9193 9192 8833
f 9552 10093 9553
f 9913 10094 9912
f 8833 8834 9193
f 9194 9193 8834
f 9553 10093 9554
f 9914 10094 9913
f 8834 8835 9194
f 9195 9194 8835
f 9554 10093 9555
f 9915 10094 9914
f 8835 8836 9195
f 9196 9195 8836
f 9555 10093 9556
f 9916 10094 9915
f 8836 8837 9196
f 9197 9196 8837
f 9556 10093 9557
f 9917 10094 9916
f 8837 8838 9197
f 9198 9197 8838
f 9557 10093 9558
f 9918 10094 9917
f 8838 8839 9198
f 9199 9198 8839
f 9558 10093 9559
f 9919 10094 9918
f 8839 8840 9199
f 9200 9199 8840
f 9559 10093 9560
f 9920 10094 9919
f 8840 8841 9200
f 9201 9200 8841
f 9560 10093 9561
f 9921 10094 9920
f 8841 8842 9201
f 9202 9201 8842
f 9561 10093 9562
f 9922 10094 9921
f 8842 8843 9202
f 9203 9202 8843
f 9562 10093 9563
f 9923 10094 9922
f 8843 8844 9203
f 9204 9203 8844
f 9563 10093 9564
f 9924 10094 9923
f 8844 8845 9204
f 9205 9204 8845
f 9564 10093 9565
f 9925 10094 9924
f 8845 8846 9205
f 9206 9205 8846
f 9565 10093 9566
f 9926 10094 9925
f 8846 8847 9206
f 9207 9206 8847
f 9566 10093 9567
f 9927 10094 9926
f 8847 8848 9207
f 9208 9207 8848
f 9567 10093 9568
f 9928 10094 9927
f 8848 8849 9208
f 9209 9208 8849
f 9568 10093 9569
f 9929 10094 9928
f 8849 8850 9209
f 9210 9209 8850
f 9569 10093 9570
f 9930 10094 9929
f 8850 8851 9210
f 9211 9210 8851
f 9570 10093 9571
f 9931 10094 9930
f 8851 8852 9211
f 9212 9211 8852
f 9571 10093 9572
f 9932 10094 9931
f 8852 8853 9212
f 9213 9212 8853
f 9572 10093 9573
f 9933 10094 9932
f 8853 8854 9213
f 9214 9213 8854
f 9573 10093 9574
f 9934 10094 9933
f 8854 8855 9214
f 9215 9214 8855
f 9574 10093 9575
f 9935 10094 9934
f 8855 8856 9215
f 9216 9215 8856
f 9575 10093 9576
f 9936 10094 9935
f 8856 8857 9216
f 9217 9216 8857
f 9576 10093 9577
f 9937 10094 9936
f 8857 8858 9217
f 9218 9217 8858
f 9577 10093 9578
f 9938 10094 9937
f 8858 8859 9218
f 9219 9218 8859
f 9578 10093 9579
f 9939 10094 9938
f 8859 8860 9219
f 9220 9219 8860
f 9579 10093 9580
f 9940 10094 9939
f 8860 8861 9220
f 9221 9220 8861
f 9580 10093 9581
f 9941 10094 9940
f 8861 8862 9221
f 9222 9221 8862
f 9581 10093 9582
f 9942 10094 9941
f 8862 8863 9222
f 9223 9222 8863
f 9582 10093 9583
f 9943 10094 9942
f 8863 8864 9223
f 9224 9223 8864
f 9583 10093 9584
f 9944 10094 9943
f 8864 8865 9224
f 9225 9224 8865
f 9584 10093 9585
f 9945 10094 9944
f 8865 8866 9225
f 9226 9225 8866
f 9585 10093 9586
f 9946 10094 9945
f 8866 8867 9226
f 9227 9226 8867
f 9586 10093 9587
f 9947 10094 9946
f 8867 8868 9227
f 9228 9227 8868
f 9587 10093 9588
f 9948 10094 9947
f 8868 8869 9228
f 9229 9228 8869
f 9588 10093 9589
f 9949 10094 9948
f 8869 8870 9229
f 9230 9229 8870
f 9589 10093 9590
f 9950 10094 9949
f 8870 8871 9230
f 9231 9230 8871
f 9590 10093 9591
f 9951 10094 9950
f 8871 8872 9231
f 9232 9231 8872
f 9591 10093 9592
f 9952 10094 9951
f 8872 8873 9232
f 9233 9232 8873
f 9592 10093 9593
f 9953 10094 9952
f 8873 8874 9233
f 9234 9233 8874
f 9593 10093 9594
f 9954 10094 9953
f 8874 8875 9234
f 9235 9234 8875
f 9594 10093 9595
f 9955 10094 9954
f 8875 8876 9235
f 9236 9235 8876
f 9595 10093 9596
f 9956 10094 9955
f 8876 8877 9236
f 9237 9236 8877
f 9596 10093 9597
f 9957 10094 9956
f 8877 8878 9237
f 9238 9237 8878
f 9597 10093 9598
f 9958 10094 9957
f 8878 8879 9238
f 9239 9238 8879
f 9598 10093 9599
f 9959 10094 9958
f 8879 8880 9239
f 9240 9239 8880
f 9599 10093 9600
f 9960 10094 9959
f 8880 8881 9240
f 9241 9240 8881
f 9600 10093 9601
f 9961 10094 9960
f 8881 8882 9241
f 9242 9241 8882
f 9601 10093 9602
f 9962 10094 9961
f 8882 8883 9242
f 9243 9242 8883
f 9602 10093 9603
f 9963 10094 9962
f 8883 8884 9243
f 9244 9243 8884
f 9603 10093 9604
f 9964 10094 9963
f 8884 8885 9244
f 9245 9244 8885
f 9604 10093 9605
f 9965 10094 9964
f 8885 8886 9245
f 9246 9245 8886
f 9605 10093 9606
f 9966 10094 9965
f 8886 8887 9246
f 9247 9246 8887
f 9606 10093 9607
f 9967 10094 9966
f 8887 8888 9247
f 9248 9247 8888
f 9607 10093 9608
f 9968 10094 9967
f 8888 8889 9248
f 9249 9248 8889
f 9608 10093 9609
f 9969 10094 9968
f 8889 8890 9249
f 9250 9249 8890
f 9609 10093 9610
f 9970 10094 9969
f 8890 8891 9250
f 9251 9250 8891
f 9610 10093 9611
f 9971 10094 9970
f 8891 8892 9251
f 9252 9251 8892
f 9611 10093 9612
f 9972 10094 9971
f 8892 8893 9252
f 9253 9252 8893
f 9612 10093 9613
f 9973 10094 9972
f 8893 8894 9253
f 9254 9253 8894
f 9613 10093 9614
f 9974 10094 9973
f 8894 8895 9254
f 9255 9254 8895
f 9614 10093 9615
f 9975 10094 9974
f 8895 8896 9255
f 9256 9255 8896
f 9615 10093 9616
f 9976 10094 9975
f 8896 8897 9256
f 9257 9256 8897
f 9616 10093 9617
f 9977 10094 9976
f 8897 8898 9257
f 9258 9257 8898
f 9617 10093 9618
f 9978 10094 9977
f 8898 8899 9258
f 9259 9258 8899
f 9618 10093 9619
f 9979 10094 9978
f 8899 8900 9259
f 9260 9259 8900
f 9619 10093 9620
f 9980 10094 9979
f 8900 8901 9260
f 9261 9260 8901
f 9620 10093 9621
f 9981 10094 9980
f 8901 8902 9261
f 9262 9261 8902
f 9621 10093 9622
f 9982 10094 9981
f 8902 8903 9262
f 9263 9262 8903
f 9622 10093 9623
f 9983 10094 9982
f 8903 8904 9263
f 9264 9263 8904
f 9623 10093 9624
f 9984 10094 9983
f 8904 8905 9264
f 9265 9264 8905
f 9624 10093 9625
f 9985 10094 9984
f 8905 8906 9265
f 9266 9265 8906
f 9625 10093 9626
f 9986 10094 9985
f 8906 8907 9266
f 9267 9266 8907
f 9626 10093 9627
f 9987 10094 9986
f 8907 8908 9267
f 9268 9267 8908
f 9627 10093 9628
f 9988 10094 9987
f 8908 8909 9268
f 9269 9268 8909
f 9628 10093 9629
f 9989 10094 9988
f 8909 8910 9269
f 9270 9269 8910
f 9629 10093 9630
f 9990 10094 9989
f 8910 8911 9270
f 9271 9270 8911
f 9630 10093 9631
f 9991 10094 9990
f 8911 8912 9271
f 9272 9271 8912
f 9631 10093 9632
f 9992 10094 9991
f 8912 8913 9272
f 9273 9272 8913
f 9632 10093 9633
f 9993 10094 9992
f 8913 8914 9273
f 9274 9273 8914
f 9633 10093 9634
f 9994 10094 9993
f 8914 8915 9274
f 9275 9274 8915
f 9634 10093 9635
f 9995 10094 9994
f 8915 8916 9275
f 9276 9275 8916
f 9635 10093 9636
f 9996 10094 9995
f 8916 8917 9276
f 9277 9276 8917
f 9636 10093 9637
f 9997 10094 9996
f 8917 8918 9277
f 9278 9277 8918
f 9637 10093 9638
f 9998 10094 9997
f 8918 8919 9278
f 9279 9278 8919
f 9638 10093 9639
f 9999 10094 9998
f 8919 8920 9279
f 9280 9279 8920
f 9639 10093 9640
f 10000 10094 9999
f 8920 8921 9280
f 9281 9280 8921
f 9640 10093 9641
f 10001 10094 10000
f 8921 8922 9281
f 9282 9281 8922
f 9641 10093 9642
f 10002 10094 10001
f 8922 8923 9282
f 9283 9282 8923
f 9642 10093 9643
f 10003 10094 10002
f 8923 8924 9283
f 9284 9283 8924
f 9643 10093 9644
f 10004 10094 10003
f 8924 8925 9284
f 9285 9284 8925
f 9644 10093 9645
f 10005 10094 10004
f 8925 8926 9285
f 9286 9285 8926
f 9645 10093 9646
f 10006 10094 10005
f 8926 8927 9286
f 9287 9286 8927
f 9646 10093 9647
f 10007 10094 10006
f 8927 8928 9287
f 9288 9287 8928
f 9647 10093 9648
f 10008 10094 10007
f 8928 8929 9288
f 9289 9288 8929
f 9648 10093 9649
f 10009 10094 10008
f 8929 8930 9289
f 9290 9289 8930
f 9649 10093 9650
f 10010 10094 10009
f 8930 8931 9290
f 9291 9290 8931
f 9650 10093 9651
f 10011 10094 10010
f 8931 8932 9291
f 9292 9291 8932
f 9651 10093 9652
f 10012 10094 10011
f 8932 8933 9292
f 9293 9292 8933
f 9652 10093 9653
f 10013 10094 10012
f 8933 8934 9293
f 9294 9293 8934
f 9653 10093 9654
f 10014 10094 10013
f 8934 8935 9294
f 9295 9294 8935
f 9654 10093 9655
f 10015 10094 10014
f 8935 8936 9295
f 9296 9295 8936
f 9655 10093 9656
f 10016 10094 10015
f 8936 8937 9296
f 9297 9296 8937
f 9656 10093 9657
f 10017 10094 10016
f 8937 8938 9297
f 9298 9297 8938
f 9657 10093 9658
f 10018 10094 10017
f 8938 8939 9298
f 9299 9298 8939
f 9658 10093 9659
f 10019 10094 10018
f 8939 8940 9299
f 9300 9299 8940
f 9659 10093 9660
f 10020 10094 10019
f 8940 8941 9300
f 9301 9300 8941
f 9660 10093 9661
f 10021 10094 10020
f 8941 8942 9301
f 9302 9301 8942
f 9661 10093 9662
f 10022 10094 10021
f 8942 8943 9302
f 9303 9302 8943
f 9662 10093 9663
f 10023 10094 10022
f 8943 8944 9303
f 9304 9303 8944
f 9663 10093 9664
f 10024 10094 10023
f 8944 8945 9304
f 9305 9304 8945
f 9664 10093 9665
f 10025 10094 10024
f 8945 8946 9305
f 9306 9305 8946
f 9665 10093 9666
f 10026 10094 10025
f 8946 8947 9306
f 9307 9306 8947
f 9666 10093 9667
f 10027 10094 10026
f 8947 8948 9307
f 9308 9307 8948
f 9667 10093 9668
f 10028 10094 10027
f 8948 8949 9308
f 9309 9308 8949
f 9668 10093 9669
f 10029 10094 10028
f 8949 8950 9309
f 9310 9309 8950
f 9669 10093 9670
f 10030 10094 10029
f 8950 8951 9310
f 9311 9310 8951
f 9670 10093 9671
f 10031 10094 10030
f 8951 8952 9311
f 9312 9311 8952
f 9671 10093 9672
f 10032 10094 10031
f 8952 8953 9312
f 9313 9312 8953
f 9672 10093 9673
f 10033 10094 10032
f 8953 8954 9313
f 9314 9313 8954
f 9673 10093 9674
f 10034 10094 10033
f 8954 8955 9314
f 9315 9314 8955
f 9674 10093 9675
f 10035 10094 10034
f 8955 8956 9315
f 9316 9315 8956
f 9675 10093 9676
f 10036 10094 10035
f 8956 8957 9316
f 9317 9316 8957
f 9676 10093 9677
f 10037 10094 10036
f 8957 8958 9317
f 9318 9317 8958
f 9677 10093 9678
f 10038 10094 10037
f 8958 8959 9318
f 9319 9318 8959
f 9678 10093 9679
f 10039 10094 10038
f 8959 8960 9319
f 9320 9319 8960
f 9679 10093 9680
f 10040 10094 10039
f 8960 8961 9320
f 9321 9320 8961
f 9680 10093 9681
f 10041 10094 10040
f 8961 8962 9321
f 9322 9321 8962
f 9681 10093 9682
f 10042 10094 10041
f 8962 8963 9322
f 9323 9322 8963
f 9682 10093 9683
f 10043 10094 10042
f 8963 8964 9323
f 9324 9323 8964
f 9683 10093 9684
f 10044 10094 10043
f 8964 8965 9324
f 9325 9324 8965
f 9684 10093 9685
f 10045 10094 10044
f 8965 8966 9325
f 9326 9325 8966
f 9685 10093 9686
f 10046 10094 10045
f 8966 8967 9326
f 9327 9326 8967
f 9686 10093 9687
f 10047 10094 10046
f 8967 8968 9327
f 9328 9327 8968
f 9687 10093 9688
f 10048 10094 10047
f 8968 8969 9328
f 9329 9328 8969
f 9688 10093 9689
f 10049 10094 10048
f 8969 8970 9329
f 9330 9329 8970
f 9689 10093 9690
f 10050 10094 10049
f 8970 8971 9330
f 9331 9330 8971
f 9690 10093 9691
f 10051 10094 10050
f 8971 8972 9331
f 9332 9331 8972
f 9691 10093 9692
f 10052 10094 10051
f 8972 8973 9332
f 9333 9332 8973
f 9692 10093 9693
f 10053 10094 10052
f 8973 8974 9333
f 9334 9333 8974
f 9693 10093 9694
f 10054 10094 10053
f 8974 8975 9334
f 9335 9334 8975
f 9694 10093 9695
f 10055 10094 10054
f 8975 8976 9335
f 9336 9335 8976
f 9695 10093 9696
f 10056 10094 10055
f 8976 8977 9336
f 9337 9336 8977
f 9696 10093 9697
f 10057 10094 10056
f 8977 8978 9337
f 9338 9337 8978
f 9697 10093 9698
f 10058 10094 10057
f 8978 8979 9338
f 9339 9338 8979
f 9698 10093 9699
f 10059 10094 10058
f 8979 8980 9339
f 9340 9339 8980
f 9699 10093 9700
f 10060 10094 10059
f 8980 8981 9340
f 9341 9340 8981
f 9700 10093 9701
f 10061 10094 10060
f 8981 8982 9341
f 9342 9341 8982
f 9701 10093 9702
f 10062 10094 10061
f 8982 8983 9342
f 9343 9342 8983
f 9702 10093 9703
f 10063 10094 10062
f 8983 8984 9343
f 9344 9343 8984
f 9703 10093 9704
f 10064 10094 10063
f 8984 8985 9344
f 9345 9344 8985
f 9704 10093 9705
f 10065 10094 10064
f 8985 8986 9345
f 9346 9345 8986
f 9705 10093 9706
f 10066 10094 10065
f 8986 8987 9346
f 9347 9346 8987
f 9706 10093 9707
f 10067 10094 10066
f 8987 8988 9347
f 9348 9347 8988
f 9707 10093 9708
f 10068 10094 10067
f 8988 8989 9348
f 9349 9348 8989
f 9708 10093 9709
f 10069 10094 10068
f 8989 8990 9349
f 9350 9349 8990
f 9709 10093 9710
f 10070 10094 10069
f 8990 8991 9350
f 9351 9350 8991
f 9710 10093 9711
f 10071 10094 10070
f 8991 8992 9351
f 9352 9351 8992
f 9711 10093 9712
f 10072 10094 10071
f 8992 8993 9352
f 9353 9352 8993
f 9712 10093 9713
f 10073 10094 10072
f 8993 8994 9353
f 9354 9353 8994
f 9713 10093 9714
f 10074 10094 10073
f 8994 8995 9354
f 9355 9354 8995
f 9714 10093 9715
f 10075 10094 10074
f 8995 8996 9355
f 9356 9355 8996
f 9715 10093 9716
f 10076 10094 10075
f 8996 8997 9356
f 9357 9356 8997
f 9716 10093 9717
f 10077 10094 10076
f 8997 8998 9357
f 9358 9357 8998
f 9717 10093 9718
f 10078 10094 10077
f 8998 8999 9358
f 9359 9358 8999
f 9718 10093 9719
f 10079 10094 10078
f 8999 9000 9359
f 9360 9359 9000
f 9719 10093 9720
f 10080 10094 10079
f 9000 9001 9360
f 9361 9360 9001
f 9720 10093 9721
f 10081 10094 10080
f 9001 9002 9361
f 9362 9361 9002
f 9721 10093 9722
f 10082 10094 10081
f 9002 9003 9362
f 9363 9362 9003
f 9722 10093 9723
f 10083 10094 10082
f 9003 9004 9363
f 9364 9363 9004
f 9723 10093 9724
f 10084 10094 10083
f 9004 9005 9364
f 9365 9364 9005
f 9724 10093 9725
f 10085 10094 10084
f 9005 9006 9365
f 9366 9365 9006
f 9725 10093 9726
f 10086 10094 10085
f 9006 9007 9366
f 9367 9366 9007
f 9726 10093 9727
f 10087 10094 10086
f 9007 9008 9367
f 9368 9367 9008
f 9727 10093 9728
f 10088 10094 10087
f 9008 9009 9368
f 9369 9368 9009
f 9728 10093 9729
f 10089 10094 10088
f 9009 9010 9369
f 9370 9369 9010
f 9729 10093 9730
f 10090 10094 10089
f 9010 9011 9370
f 9371 9370 9011
f 9730 10093 9731
f 10091 10094 10090
f 9011 9012 9371
f 9372 9371 9012
f 9731 10093 9732
f 10092 10094 10091
f 9012 8653 9372
f 9013 9372 8653
f 9732 10093 9373
f 9733 10094 10092
f 10095 10096 10455
f 10456 10455 10096
f 10815 11535 10816
f 11176 11536 11175
f 10096 10097 10456
f 10457 10456 10097
f 10816 11535 10817
f 11177 11536 11176
f 10097 10098 10457
f 10458 10457 10098
f 10817 11535 10818
f 11178 11536 11177
f 10098 10099 10458
f 10459 10458 10099
f 10818 11535 10819
f 11179 11536 11178
f 10099 10100 10459
f 10460 10459 10100
f 10819 11535 10820
f 11180 11536 11179
f 10100 10101 10460
f 10461 10460 10101
f 10820 11535 10821
f 11181 11536 11180
f 10101 10102 10461
f 10462 10461 10102
f 10821 11535 10822
f 11182 11536 11181
f 10102 10103 10462
f 10463 10462 10103
f 10822 11535 10823
f 11183 11536 11182
f 10103 10104 10463
f 10464 10463 10104
f 10823 11535 10824
f 11184 11536 11183
f 10104 10105 10464
f 10465 10464 10105
f 10824 11535 10825
f 11185 11536 11184
f 10105 10106 10465
f 10466 10465 10106
f 10825 11535 10826
f 11186 11536 11185
f 10106 10107 10466
f 10467 10466 10107
f 10826 11535 10827
f 11187 11536 11186
f 10107 10108 10467
f 10468 10467 10108
f 10827 11535 10828
f 11188 11536 11187
f 10108 10109 10468
f 10469 10468 10109
f 10828 11535 10829
f 11189 11536 11188
f 10109 10110 10469
f 10470 10469 10110
f 10829 11535 10830
f 11190 11536 11189
f 10110 10111 10470
f 10471 10470 10111
f 10830 11535 10831
f 11191 11536 11190
f 10111 10112 10471
f 10472 10471 10112
f 10831 11535 10832
f 11192 11536 11191
f 10112 10113 10472
f 10473 10472 10113
f 10832 11535 10833
f 11193 11536 11192
f 10113 10114 10473
f 10474 10473 10114
f 10833 11535 10834
f 11194 11536 11193
f 10114 10115 10474
f 10475 10474 10115
f 10834 11535 10835
f 11195 11536 11194
f 10115 10116 10475
f 10476 10475 10116
f 10835 11535 10836
f 11196 11536 11195
f 10116 10117 10476
f 10477 10476 10117
f 10836 11535 10837
f 11197 11536 11196
f 10117 10118 10477
f 10478 10477 10118
f 10837 11535 10838
f 11198 11536 11197
f 10118 10119 10478
f 10479 10478 10119
f 10838 11535 10839
f 11199 11536 11198
f 10119 10120 10479
f 10480 10479 10120
f 10839 11535 10840
f 11200 11536 11199
f 10120 10121 10480
f 10481 10480 10121
f 10840 11535 10841
f 11201 11536 11200
f 10121 10122 10481
f 10482 10481 10122
f 10841 11535 10842
f 11202 11536 11201
f 10122 10123 10482
f 10483 10482 10123
f 10842 11535 10843
f 11203 11536 11202
f 10123 10124 10483
f 10484 10483 10124
f 10843 11535 10844
f 11204 11536 11203
f 10124 10125 10484
f 10485 10484 10125
f 10844 11535 10845
f 11205 11536 11204
f 10125 10126 10485
f 10486 10485 10126
f 10845 11535 10846
f 11206 11536 11205
f 10126 10127 10486
f 10487 10486 10127
f 10846 11535 10847
f 11207 11536 11206
f 10127 10128 10487
f 10488 10487 10128
f 10847 11535 10848
f 11208 11536 11207
f 10128 10129 10488
f 10489 10488 10129
f 10848 11535 10849
f 11209 11536 11208
f 10129 10130 10489
f 10490 10489 10130
f 10849 11535 10850
f 11210 11536 11209
f 10130 10131 10490
f 10491 10490 10131
f 10850 11535 10851
f 11211 11536 11210
f 10131 10132 10491
f 10492 10491 10132
f 10851 11535 10852
f 11212 11536 11211
f 10132 10133 10492
f 10493 10492 10133
f 10852 11535 10853
f 11213 11536 11212
f 10133 10134 10493
f 10494 10493 10134
f 10853 11535 10854
f 11214 11536 11213
f 10134 10135 10494
f 10495 10494 10135
f 10854 11535 10855
f 11215 11536 11214
f 10135 10136 10495
f 10496 10495 10136
f 10855 11535 10856
f 11216 11536 11215
f 10136 10137 10496
f 10497 10496 10137
f 10856 11535 10857
f 11217 11536 11216
f 10137 10138 10497
f 10498 10497 10138
f 10857 11535 10858
f 11218 11536 11217
f 10138 10139 10498
f 10499 10498 10139
f 10858 11535 10859
f 11219 11536 11218
f 10139 10140 10499
f 10500 10499 10140
f 10859 11535 10860
f 11220 11536 11219
f 10140 10141 10500
f 10501 10500 10141
f 10860 11535 10861
f 11221 11536 11220
f 10141 10142 10501
f 10502 10501 10142
f 10861 11535 10862
f 11222 11536 11221
f 10142 10143 10502
f 10503 10502 10143
f 10862 11535 10863
f 11223 11536 11222
f 10143 10144 10503
f 10504 10503 10144
f 10863 11535 10864
f 11224 11536 11223
f 10144 10145 10504
f 10505 10504 10145
f 10864 11535 10865
f 11225 11536 11224
f 10145 10146 10505
f 10506 10505 10146
f 10865 11535 10866
f 11226 11536 11225
f 10146 10147 10506
f 10507 10506 10147
f 10866 11535 10867
f 11227 11536 11226
f 10147 10148 10507
f 10508 10507 10148
f 10867 11535 10868
f 11228 11536 11227
f 10148 10149 10508
f 10509 10508 10149
f 10868 11535 10869
f 11229 11536 11228
f 10149 10150 10509
f 10510 10509 10150
f 10869 11535 10870
f 11230 11536 11229
f 10150 10151 10510
f 10511 10510 10151
f 10870 11535 10871
f 11231 11536 11230
f 10151 10152 10511
f 10512 10511 10152
f 10871 11535 10872
f 11232 11536 11231
f 10152 10153 10512
f 10513 10512 10153
f 10872 11535 10873
f 11233 11536 11232
f 10153 10154 10513
f 10514 10513 10154
f 10873 11535 10874
f 11234 11536 11233
f 10154 10155 10514
f 10515 10514 10155
f 10874 11535 10875
f 11235 11536 11234
f 10155 10156 10515
f 10516 10515 10156
f 10875 11535 10876
f 11236 11536 11235
f 10156 10157 10516
f 10517 10516 10157
f 10876 11535 10877
f 11237 11536 11236
f 10157 10158 10517
f 10518 10517 10158
f 10877 11535 10878
f 11238 11536 11237
f 10158 10159 10518
f 10519 10518 10159
f 10878 11535 10879
f 11239 11536 11238
f 10159 10160 10519
f 10520 10519 10160
f 10879 11535 10880
f 11240 11536 11239
f 10160 10161 10520
f 10521 10520 10161
f 10880 11535 10881
f 11241 11536 11240
f 10161 10162 10521
f 10522 10521 10162
f 10881 11535 10882
f 11242 11536 11241
f 10162 10163 10522
f 10523 10522 10163
f 10882 11535 10883
f 11243 11536 11242
f 10163 10164 10523
f 10524 10523 10164
f 10883 11535 10884
f 11244 11536 11243
f 10164 10165 10524
f 10525 10524 10165
f 10884 11535 10885
f 11245 11536 11244
f 10165 10166 10525
f 10526 10525 10166
f 10885 11535 10886
f 11246 11536 11245
f 10166 10167 10526
f 10527 10526 10167
f 10886 11535 10887
f 11247 11536 11246
f 10167 10168 10527
f 10528 10527 10168
f 10887 11535 10888
f 11248 11536 11247
f 10168 10169 10528
f 10529 10528 10169
f 10888 11535 10889
f 11249 11536 11248
f 10169 10170 10529
f 10530 10529 10170
f 10889 11535 10890
f 11250 11536 11249
f 10170 10171 10530
f 10531 10530 10171
f 10890 11535 10891
f 11251 11536 11250
f 10171 10172 10531
f 10532 10531 10172
f 10891 11535 10892
f 11252 11536 11251
f 10172 10173 10532
f 10533 10532 10173
f 10892 11535 10893
f 11253 11536 11252
f 10173 10174 10533
f 10534 10533 10174
f 10893 11535 10894
f 11254 11536 11253
f 10174 10175 10534
f 10535 10534 10175
f 10894 11535 10895
f 11255 11536 11254
f 10175 10176 10535
f 10536 10535 10176
f 10895 11535 10896
f 11256 11536 11255
f 10176 10177 10536
f 10537 10536 10177
f 10896 11535 10897
f 11257 11536 11256
f 10177 10178 10537
f 10538 10537 10178
f 10897 11535 10898
f 11258 11536 11257
f 10178 10179 10538
f 10539 10538 10179
f 10898 11535 10899
f 11259 11536 11258
f 10179 10180 10539
f 10540 10539 10180
f 10899 11535 10900
f 11260 11536 11259
f 10180 10181 10540
f 10541 10540 10181
f 10900 11535 10901
f 11261 11536 11260
f 10181 10182 10541
f 10542 10541 10182
f 10901 11535 10902
f 11262 11536 11261
f 10182 10183 10542
f 10543 10542 10183
f 10902 11535 10903
f 11263 11536 11262
f 10183 10184 10543
f 10544 10543 10184
f 10903 11535 10904
f 11264 11536 11263
f 10184 10185 10544
f 10545 10544 10185
f 10904 11535 10905
f 11265 11536 11264
f 10185 10186 10545
f 10546 10545 10186
f 10905 11535 10906
f 11266 11536 11265
f 10186 10187 10546
f 10547 10546 10187
f 10906 11535 10907
f 11267 11536 11266
f 10187 10188 10547
f 10548 10547 10188
f 10907 11535 10908
f 11268 11536 11267
f 10188 10189 10548
f 10549 10548 10189
f 10908 11535 10909
f 11269 11536 11268
f 10189 10190 10549
f 10550 10549 10190
f 10909 11535 10910
f 11270 11536 11269
f 10190 10191 10550
f 10551 10550 10191
f 10910 11535 10911
f 11271 11536 11270
f 10191 10192 10551
f 10552 10551 10192
f 10911 11535 10912
f 11272 11536 11271
f 10192 10193 10552
f 10553 10552 10193
f 10912 11535 10913
f 11273 11536 11272
f 10193 10194 10553
f 10554 10553 10194
f 10913 11535 10914
f 11274 11536 11273
f 10194 10195 10554
f 10555 10554 10195
f 10914 11535 10915
f 11275 11536 11274
f 10195 10196 10555
f 10556 10555 10196
f 10915 11535 10916
f 11276 11536 11275
f 10196 10197 10556
f 10557 10556 10197
f 10916 11535 10917
f 11277 11536 11276
f 10197 10198 10557
f 10558 10557 10198
f 10917 11535 10918
f 11278 11536 11277
f 10198 10199 10558
f 10559 10558 10199
f 10918 11535 10919
f 11279 11536 11278
f 10199 10200 10559
f 10560 10559 10200
f 10919 11535 10920
f 11280 11536 11279
f 10200 10201 10560
f 10561 10560 10201
f 10920 11535 10921
f 11281 11536 11280
f 10201 10202 10561
f 10562 10561 10202
f 10921 11535 10922
f 11282 11536 11281
f 10202 10203 10562
f 10563 10562 10203
f 10922 11535 10923
f 11283 11536 11282
f 10203 10204 10563
f 10564 10563 10204
f 10923 11535 10924
f 11284 11536 11283
f 10204 10205 10564
f 10565 10564 10205
f 10924 11535 10925
f 11285 11536 11284
f 10205 10206 10565
f 10566 10565 10206
f 10925 11535 10926
f 11286 11536 11285
f 10206 10207 10566
f 10567 10566 10207
f 10926 11535 10927
f 11287 11536 11286
f 10207 10208 10567
f 10568 10567 10208
f 10927 11535 10928
f 11288 11536 11287
f 10208 10209 10568
f 10569 10568 10209
f 10928 11535 10929
f 11289 11536 11288
f 10209 10210 10569
f 10570 10569 10210
f 10929 11535 10930
f 11290 11536 11289
f 10210 10211 10570
f 10571 10570 10211
f 10930 11535 10931
f 11291 11536 11290
f 10211 10212 10571
f 10572 10571 10212
f 10931 11535 10932
f 11292 11536 11291
f 10212 10213 10572
f 10573 10572 10213
f 10932 11535 10933
f 11293 11536 11292
f 10213 10214 10573
f 10574 10573 10214
f 10933 11535 10934
f 11294 11536 11293
f 10214 10215 10574
f 10575 10574 10215
f 10934 11535 10935
f 11295 11536 11294
f 10215 10216 10575
f 10576 10575 10216
f 10935 11535 10936
f 11296 11536 11295
f 10216 10217 10576
f 10577 10576 10217
f 10936 11535 10937
f 11297 11536 11296
f 10217 10218 10577
f 10578 10577 10218
f 10937 11535 10938
f 11298 11536 11297
f 10218 10219 10578
f 10579 10578 10219
f 10938 11535 10939
f 11299 11536 11298
f 10219 10220 10579
f 10580 10579 10220
f 10939 11535 10940
f 11300 11536 11299
f 10220 10221 10580
f 10581 10580 10221
f 10940 11535 10941
f 11301 11536 11300
f 10221 10222 10581
f 10582 10581 10222
f 10941 11535 10942
f 11302 11536 11301
f 10222 10223 10582
f 10583 10582 10223
f 10942 11535 10943
f 11303 11536 11302
f 10223 10224 10583
f 10584 10583 10224
f 10943 11535 10944
f 11304 11536 11303
f 10224 10225 10584
f 10585 10584 10225
f 10944 11535 10945
f 11305 11536 11304
f 10225 10226 10585
f 10586 10585 10226
f 10945 11535 10946
f 11306 11536 11305
f 10226 10227 10586
f 10587 10586 10227
f 10946 11535 10947
f 11307 11536 11306
f 10227 10228 10587
f 10588 10587 10228
f 10947 11535 10948
f 11308 11536 11307
f 10228 10229 10588
f 10589 10588 10229
f 10948 11535 10949
f 11309 11536 11308
f 10229 10230 10589
f 10590 10589 10230
f 10949 11535 10950
f 11310 11536 11309
f 10230 10231 10590
f 10591 10590 10231
f 10950 11535 10951
f 11311 11536 11310
f 10231 10232 10591
f 10592 10591 10232
f 10951 11535 10952
f 11312 11536 11311
f 10232 10233 10592
f 10593 10592 10233
f 10952 11535 10953
f 11313 11536 11312
f 10233 10234 10593
f 10594 10593 10234
f 10953 11535 10954
f 11314 11536 11313
f 10234 10235 10594
f 10595 10594 10235
f 10954 11535 10955
f 11315 11536 11314
f 10235 10236 10595
f 10596 10595 10236
f 10955 11535 10956
f 11316 11536 11315
f 10236 10237 10596
f 10597 10596 10237
f 10956 11535 10957
f 11317 11536 11316
f 10237 10238 10597
f 10598 10597 10238
f 10957 11535 10958
f 11318 11536 11317
f 10238 10239 10598
f 10599 10598 10239
f 10958 11535 10959
f 11319 11536 11318
f 10239 10240 10599
f 10600 10599 10240
f 10959 11535 10960
f 11320 11536 11319
f 10240 10241 10600
f 10601 10600 10241
f 10960 11535 10961
f 11321 11536 11320
f 10241 10242 10601
f 10602 10601 10242
f 10961 11535 10962
f 11322 11536 11321
f 10242 10243 10602
f 10603 10602 10243
f 10962 11535 10963
f 11323 11536 11322
f 10243 10244 10603
f 10604 10603 10244
f 10963 11535 10964
f 11324 11536 11323
f 10244 10245 10604
f 10605 10604 10245
f 10964 11535 10965
f 11325 11536 11324
f 10245 10246 10605
f 10606 10605 10246
f 10965 11535 10966
f 11326 11536 11325
f 10246 10247 10606
f 10607 10606 10247
f 10966 11535 10967
f 11327 11536 11326
f 10247 10248 10607
f 10608 10607 10248
f 10967 11535 10968
f 11328 11536 11327
f 10248 10249 10608
f 10609 10608 10249
f 10968 11535 10969
f 11329 11536 11328
f 10249 10250 10609
f 10610 10609 10250
f 10969 11535 10970
f 11330 11536 11329
f 10250 10251 10610
f 10611 10610 10251
f 10970 11535 10971
f 11331 11536 11330
f 10251 10252 10611
f 10612 10611 10252
f 10971 11535 10972
f 11332 11536 11331
f 10252 10253 10612
f 10613 10612 10253
f 10972 11535 10973
f 11333 11536 11332
f 10253 10254 10613
f 10614 10613 10254
f 10973 11535 10974
f 11334 11536 11333
f 10254 10255 10614
f 10615 10614 10255
f 10974 11535 10975
f 11335 11536 11334
f 10255 10256 10615
f 10616 10615 10256
f 10975 11535 10976
f 11336 11536 11335
f 10256 10257 10616
f 10617 10616 10257
f 10976 11535 10977
f 11337 11536 11336
f 10257 10258 10617
f 10618 10617 10258
f 10977 11535 10978
f 11338 11536 11337
f 10258 10259 10618
f 10619 10618 10259
f 10978 11535 10979
f 11339 11536 11338
f 10259 10260 10619
f 10620 10619 10260
f 10979 11535 10980
f 11340 11536 11339
f 10260 10261 10620
f 10621 10620 10261
f 10980 11535 10981
f 11341 11536 11340
f 10261 10262 10621
f 10622 10621 10262
f 10981 11535 10982
f 11342 11536 11341
f 10262 10263 10622
f 10623 10622 10263
f 10982 11535 10983
f 11343 11536 11342
f 10263 10264 10623
f 10624 10623 10264
f 10983 11535 10984
f 11344 11536 11343
f 10264 10265 10624
f 10625 10624 10265
f 10984 11535 10985
f 11345 11536 11344
f 10265 10266 10625
f 10626 10625 10266
f 10985 11535 10986
f 11346 11536 11345
f 10266 10267 10626
f 10627 10626 10267
f 10986 11535 10987
f 11347 11536 11346
f 10267 10268 10627
f 10628 10627 10268
f 10987 11535 10988
f 11348 11536 11347
f 10268 10269 10628
f 10629 10628 10269
f 10988 11535 10989
f 11349 11536 11348
f 10269 10270 10629
f 10630 10629 10270
f 10989 11535 10990
f 11350 11536 11349
f 10270 10271 10630
f 10631 10630 10271
f 10990 11535 10991
f 11351 11536 11350
f 10271 10272 10631
f 10632 10631 10272
f 10991 11535 10992
f 11352 11536 11351
f 10272 10273 10632
f 10633 10632 10273
f 10992 11535 10993
f 11353 11536 11352
f 10273 10274 10633
f 10634 10633 10274
f 10993 11535 10994
f 11354 11536 11353
f 10274 10275 10634
f 10635 10634 10275
f 10994 11535 10995
f 11355 11536 11354
f 10275 10276 10635
f 10636 10635 10276
f 10995 11535 10996
f 11356 11536 11355
f 10276 10277 10636
f 10637 10636 10277
f 10996 11535 10997
f 11357 11536 11356
f 10277 10278 10637
f 10638 10637 10278
f 10997 11535 10998
f 11358 11536 11357
f 10278 10279 10638
f 10639 10638 10279
f 10998 11535 10999
f 11359 11536 11358
f 10279 10280 10639
f 10640 10639 10280
f 10999 11535 11000
f 11360 11536 11359
f 10280 10281 10640
f 10641 10640 10281
f 11000 11535 11001
f 11361 11536 11360
f 10281 10282 10641
f 10642 10641 10282
f 11001 11535 11002
f 11362 11536 11361
f 10282 10283 10642
f 10643 10642 10283
f 11002 11535 11003
f 11363 11536 11362
f 10283 10284 10643
f 10644 10643 10284
f 11003 11535 11004
f 11364 11536 11363
f 10284 10285 10644
f 10645 10644 10285
f 11004 11535 11005
f 11365 11536 11364
f 10285 10286 10645
f 10646 10645 10286
f 11005 11535 11006
f 11366 11536 11365
f 10286 10287 10646
f 10647 10646 10287
f 11006 11535 11007
f 11367 11536 11366
f 10287 10288 10647
f 10648 10647 10288
f 11007 11535 11008
f 11368 11536 11367
f 10288 10289 10648
f 10649 10648 10289
f 11008 11535 11009
f 11369 11536 11368
f 10289 10290 10649
f 10650 10649 10290
f 11009 11535 11010
f 11370 11536 11369
f 10290 10291 10650
f 10651 10650 10291
f 11010 11535 11011
f 11371 11536 11370
f 10291 10292 10651
f 10652 10651 10292
f 11011 11535 11012
f 11372 11536 11371
f 10292 10293 10652
f 10653 10652 10293
f 11012 11535 11013
f 11373 11536 11372
f 10293 10294 10653
f 10654 10653 10294
f 11013 11535 11014
f 11374 11536 11373
f 10294 10295 10654
f 10655 10654 10295
f 11014 11535 11015
f 11375 11536 11374
f 10295 10296 10655
f 10656 10655 10296
f 11015 11535 11016
f 11376 11536 11375
f 10296 10297 10656
f 10657 10656 10297
f 11016 11535 11017
f 11377 11536 11376
f 10297 10298 10657
f 10658 10657 10298
f 11017 11535 11018
f 11378 11536 11377
f 10298 10299 10658
f 10659 10658 10299
f 11018 11535 11019
f 11379 11536 11378
f 10299 10300 10659
f 10660 10659 10300
f 11019 11535 11020
f 11380 11536 11379
f 10300 10301 10660
f 10661 10660 10301
f 11020 11535 11021
f 11381 11536 11380
f 10301 10302 10661
f 10662 10661 10302
f 11021 11535 11022
f 11382 11536 11381
f 10302 10303 10662
f 10663 10662 10303
f 11022 11535 11023
f 11383 11536 11382
f 10303 10304 10663
f 10664 10663 10304
f 11023 11535 11024
f 11384 11536 11383
f 10304 10305 10664
f 10665 10664 10305
f 11024 11535 11025
f 11385 11536 11384
f 10305 10306 10665
f 10666 10665 10306
f 11025 11535 11026
f 11386 11536 11385
f 10306 10307 10666
f 10667 10666 10307
f 11026 11535 11027
f 11387 11536 11386
f 10307 10308 10667
f 10668 10667 10308
f 11027 11535 11028
f 11388 11536 11387
f 10308 10309 10668
f 10669 10668 10309
f 11028 11535 11029
f 11389 11536 11388
f 10309 10310 10669
f 10670 10669 10310
f 11029 11535 11030
f 11390 11536 11389
f 10310 10311 10670
f 10671 10670 10311
f 11030 11535 11031
f 11391 11536 11390
f 10311 10312 10671
f 10672 10671 10312
f 11031 11535 11032
f 11392 11536 11391
f 10312 10313 10672
f 10673 10672 10313
f 11032 11535 11033
f 11393 11536 11392
f 10313 10314 10673
f 10674 10673 10314
f 11033 11535 11034
f 11394 11536 11393
f 10314 10315 10674
f 10675 10674 10315
f 11034 11535 11035
f 11395 11536 11394
f 10315 10316 10675
f 10676 10675 10316
f 11035 11535 11036
f 11396 11536 11395
f 10316 10317 10676
f 10677 10676 10317
f 11036 11535 11037
f 11397 11536 11396
f 10317 10318 10677
f 10678 10677 10318
f 11037 11535 11038
f 11398 11536 11397
f 10318 10319 10678
f 10679 10678 10319
f 11038 11535 11039
f 11399 11536 11398
f 10319 10320 10679
f 10680 10679 10320
f 11039 11535 11040
f 11400 11536 11399
f 10320 10321 10680
f 10681 10680 10321
f 11040 11535 11041
f 11401 11536 11400
f 10321 10322 10681
f 10682 10681 10322
f 11041 11535 11042
f 11402 11536 11401
f 10322 10323 10682
f 10683 10682 10323
f 11042 11535 11043
f 11403 11536 11402
f 10323 10324 10683
f 10684 10683 10324
f 11043 11535 11044
f 11404 11536 11403
f 10324 10325 10684
f 10685 10684 10325
f 11044 11535 11045
f 11405 11536 11404
f 10325 10326 10685
f 10686 10685 10326
f 11045 11535 11046
f 11406 11536 11405
f 10326 10327 10686
f 10687 10686 10327
f 11046 11535 11047
f 11407 11536 11406
f 10327 10328 10687
f 10688 10687 10328
f 11047 11535 11048
f 11408 11536 11407
f 10328 10329 10688
f 10689 10688 10329
f 11048 11535 11049
f 11409 11536 11408
f 10329 10330 10689
f 10690 10689 10330
f 11049 11535 11050
f 11410 11536 11409
f 10330 10331 10690
f 10691 10690 10331
f 11050 11535 11051
f 11411 11536 11410
f 10331 10332 10691
f 10692 10691 10332
f 11051 11535 11052
f 11412 11536 11411
f 10332 10333 10692
f 10693 10692 10333
f 11052 11535 11053
f 11413 11536 11412
f 10333 10334 10693
f 10694 10693 10334
f 11053 11535 11054
f 11414 11536 11413
f 10334 10335 10694
f 10695 10694 10335
f 11054 11535 11055
f 11415 11536 11414
f 10335 10336 10695
f 10696 10695 10336
f 11055 11535 11056
f 11416 11536 11415
f 10336 10337 10696
f 10697 10696 10337
f 11056 11535 11057
f 11417 11536 11416
f 10337 10338 10697
f 10698 10697 10338
f 11057 11535 11058
f 11418 11536 11417
f 10338 10339 10698
f 10699 10698 10339
f 11058 11535 11059
f 11419 11536 11418
f 10339 10340 10699
f 10700 10699 10340
f 11059 11535 11060
f 11420 11536 11419
f 10340 10341 10700
f 10701 10700 10341
f 11060 11535 11061
f 11421 11536 11420
f 10341 10342 10701
f 10702 10701 10342
f 11061 11535 11062
f 11422 11536 11421
f 10342 10343 10702
f 10703 10702 10343
f 11062 11535 11063
f 11423 11536 11422
f 10343 10344 10703
f 10704 10703 10344
f 11063 11535 11064
f 11424 11536 11423
f 10344 10345 10704
f 10705 10704 10345
f 11064 11535 11065
f 11425 11536 11424
f 10345 10346 10705
f 10706 10705 10346
f 11065 11535 11066
f 11426 11536 11425
f 10346 10347 10706
f 10707 10706 10347
f 11066 11535 11067
f 11427 11536 11426
f 10347 10348 10707
f 10708 10707 10348
f 11067 11535 11068
f 11428 11536 11427
f 10348 10349 10708
f 10709 10708 10349
f 11068 11535 11069
f 11429 11536 11428
f 10349 10350 10709
f 10710 10709 10350
f 11069 11535 11070
f 11430 11536 11429
f 10350 10351 10710
f 10711 10710 10351
f 11070 11535 11071
f 11431 11536 11430
f 10351 10352 10711
f 10712 10711 10352
f 11071 11535 11072
f 11432 11536 11431
f 10352 10353 10712
f 10713 10712 10353
f 11072 11535 11073
f 11433 11536 11432
f 10353 10354 10713
f 10714 10713 10354
f 11073 11535 11074
f 11434 11536 11433
f 10354 10355 10714
f 10715 10714 10355
f 11074 11535 11075
f 11435 11536 11434
f 10355 10356 10715
f 10716 10715 10356
f 11075 11535 11076
f 11436 11536 11435
f 10356 10357 10716
f 10717 10716 10357
f 11076 11535 11077
f 11437 11536 11436
f 10357 10358 10717
f 10718 10717 10358
f 11077 11535 11078
f 11438 11536 11437
f 10358 10359 10718
f 10719 10718 10359
f 11078 11535 11079
f 11439 11536 11438
f 10359 10360 10719
f 10720 10719 10360
f 11079 11535 11080
f 11440 11536 11439
f 10360 10361 10720
f 10721 10720 10361
f 11080 11535 11081
f 11441 11536 11440
f 10361 10362 10721
f 10722 10721 10362
f 11081 11535 11082
f 11442 11536 11441
f 10362 10363 10722
f 10723 10722 10363
f 11082 11535 11083
f 11443 11536 11442
f 10363 10364 10723
f 10724 10723 10364
f 11083 11535 11084
f 11444 11536 11443
f 10364 10365 10724
f 10725 10724 10365
f 11084 11535 11085
f 11445 11536 11444
f 10365 10366 10725
f 10726 10725 10366
f 11085 11535 11086
f 11446 11536 11445
f 10366 10367 10726
f 10727 10726 10367
f 11086 11535 11087
f 11447 11536 11446
f 10367 10368 10727
f 10728 10727 10368
f 11087 11535 11088
f 11448 11536 11447
f 10368 10369 10728
f 10729 10728 10369
f 11088 11535 11089
f 11449 11536 11448
f 10369 10370 10729
f 10730 10729 10370
f 11089 11535 11090
f 11450 11536 11449
f 10370 10371 10730
f 10731 10730 10371
f 11090 11535 11091
f 11451 11536 11450
f 10371 10372 10731
f 10732 10731 10372
f 11091 11535 11092
f 11452 11536 11451
f 10372 10373 10732
f 10733 10732 10373
f 11092 11535 11093
f 11453 11536 11452
f 10373 10374 10733
f 10734 10733 10374
f 11093 11535 11094
f 11454 11536 11453
f 10374 10375 10734
f 10735 10734 10375
f 11094 11535 11095
f 11455 11536 11454
f 10375 10376 10735
f 10736 10735 10376
f 11095 11535 11096
f 11456 11536 11455
f 10376 10377 10736
f 10737 10736 10377
f 11096 11535 11097
f 11457 11536 11456
f 10377 10378 10737
f 10738 10737 10378
f 11097 11535 11098
f 11458 11536 11457
f 10378 10379 10738
f 10739 10738 10379
f 11098 11535 11099
f 11459 11536 11458
f 10379 10380 10739
f 10740 10739 10380
f 11099 11535 11100
f 11460 11536 11459
f 10380 10381 10740
f 10741 10740 10381
f 11100 11535 11101
f 11461 11536 11460
f 10381 10382 10741
f 10742 10741 10382
f 11101 11535 11102
f 11462 11536 11461
f 10382 10383 10742
f 10743 10742 10383
f 11102 11535 11103
f 11463 11536 11462
f 10383 10384 10743
f 10744 10743 10384
f 11103 11535 11104
f 11464 11536 11463
f 10384 10385 10744
f 10745 10744 10385
f 11104 11535 11105
f 11465 11536 11464
f 10385 10386 10745
f 10746 10745 10386
f 11105 11535 11106
f 11466 11536 11465
f 10386 10387 10746
f 10747 10746 10387
f 11106 11535 11107
f 11467 11536 11466
f 10387 10388 10747
f 10748 10747 10388
f 11107 11535 11108
f 11468 11536 11467
f 10388 10389 10748
f 10749 10748 10389
f 11108 11535 11109
f 11469 11536 11468
f 10389 10390 10749
f 10750 10749 10390
f 11109 11535 11110
f 11470 11536 11469
f 10390 10391 10750
f 10751 10750 10391
f 11110 11535 11111
f 11471 11536 11470
f 10391 10392 10751
f 10752 10751 10392
f 11111 11535 11112
f 11472 11536 11471
f 10392 10393 10752
f 10753 10752 10393
f 11112 11535 11113
f 11473 11536 11472
f 10393 10394 10753
f 10754 10753 10394
f 11113 11535 11114
f 11474 11536 11473
f 10394 10395 10754
f 10755 10754 10395
f 11114 11535 11115
f 11475 11536 11474
f 10395 10396 10755
f 10756 10755 10396
f 11115 11535 11116
f 11476 11536 11475
f 10396 10397 10756
f 10757 10756 10397
f 11116 11535 11117
f 11477 11536 11476
f 10397 10398 10757
f 10758 10757 10398
f 11117 11535 11118
f 11478 11536 11477
f 10398 10399 10758
f 10759 10758 10399
f 11118 11535 11119
f 11479 11536 11478
f 10399 10400 10759
f 10760 10759 10400
f 11119 11535 11120
f 11480 11536 11479
f 10400 10401 10760
f 10761 10760 10401
f 11120 11535 11121
f 11481 11536 11480
f 10401 10402 10761
f 10762 10761 10402
f 11121 11535 11122
f 11482 11536 11481
f 10402 10403 10762
f 10763 10762 10403
f 11122 11535 11123
f 11483 11536 11482
f 10403 10404 10763
f 10764 10763 10404
f 11123 11535 11124
f 11484 11536 11483
f 10404 10405 10764
f 10765 10764 10405
f 11124 11535 11125
f 11485 11536 11484
f 10405 10406 10765
f 10766 10765 10406
f 11125 11535 11126
f 11486 11536 11485
f 10406 10407 10766
f 10767 10766 10407
f 11126 11535 11127
f 11487 11536 11486
f 10407 10408 10767
f 10768 10767 10408
f 11127 11535 11128
f 11488 11536 11487
f 10408 10409 10768
f 10769 10768 10409
f 11128 11535 11129
f 11489 11536 11488
f 10409 10410 10769
f 10770 10769 10410
f 11129 11535 11130
f 11490 11536 11489
f 10410 10411 10770
f 10771 10770 10411
f 11130 11535 11131
f 11491 11536 11490
f 10411 10412 10771
f 10772 10771 10412
f 11131 11535 11132
f 11492 11536 11491
f 10412 10413 10772
f 10773 10772 10413
f 11132 11535 11133
f 11493 11536 11492
f 10413 10414 10773
f 10774 10773 10414
f 11133 11535 11134
f 11494 11536 11493
f 10414 10415 10774
f 10775 10774 10415
f 11134 11535 11135
f 11495 11536 11494
f 10415 10416 10775
f 10776 10775 10416
f 11135 11535 11136
f 11496 11536 11495
f 10416 10417 10776
f 10777 10776 10417
f 11136 11535 11137
f 11497 11536 11496
f 10417 10418 10777
f 10778 10777 10418
f 11137 11535 11138
f 11498 11536 11497
f 10418 10419 10778
f 10779 10778 10419
f 11138 11535 11139
f 11499 11536 11498
f 10419 10420 10779
f 10780 10779 10420
f 11139 11535 11140
f 11500 11536 11499
f 10420 10421 10780
f 10781 10780 10421
f 11140 11535 11141
f 11501 11536 11500
f 10421 10422 10781
f 10782 10781 10422
f 11141 11535 11142
f 11502 11536 11501
f 10422 10423 10782
f 10783 10782 10423
f 11142 11535 11143
f 11503 11536 11502
f 10423 10424 10783
f 10784 10783 10424
f 11143 11535 11144
f 11504 11536 11503
f 10424 10425 10784
f 10785 10784 10425
f 11144 11535 11145
f 11505 11536 11504
f 10425 10426 10785
f 10786 10785 10426
f 11145 11535 11146
f 11506 11536 11505
f 10426 10427 10786
f 10787 10786 10427
f 11146 11535 11147
f 11507 11536 11506
f 10427 10428 10787
f 10788 10787 10428
f 11147 11535 11148
f 11508 11536 11507
f 10428 10429 10788
f 10789 10788 10429
f 11148 11535 11149
f 11509 11536 11508
f 10429 10430 10789
f 10790 10789 10430
f 11149 11535 11150
f 11510 11536 11509
f 10430 10431 10790
f 10791 10790 10431
f 11150 11535 11151
f 11511 11536 11510
f 10431 10432 10791
f 10792 10791 10432
f 11151 11535 11152
f 11512 11536 11511
f 10432 10433 10792
f 10793 10792 10433
f 11152 11535 11153
f 11513 11536 11512
f 10433 10434 10793
f 10794 10793 10434
f 11153 11535 11154
f 11514 11536 11513
f 10434 10435 10794
f 10795 10794 10435
f 11154 11535 11155
f 11515 11536 11514
f 10435 10436 10795
f 10796 10795 10436
f 11155 11535 11156
f 11516 11536 11515
f 10436 10437 10796
f 10797 10796 10437
f 11156 11535 11157
f 11517 11536 11516
f 10437 10438 10797
f 10798 10797 10438
f 11157 11535 11158
f 11518 11536 11517
f 10438 10439 10798
f 10799 10798 10439
f 11158 11535 11159
f 11519 11536 11518
f 10439 10440 10799
f 10800 10799 10440
f 11159 11535 11160
f 11520 11536 11519
f 10440 10441 10800
f 10801 10800 10441
f 11160 11535 11161
f 11521 11536 11520
f 10441 10442 10801
f 10802 10801 10442
f 11161 11535 11162
f 11522 11536 11521
f 10442 10443 10802
f 10803 10802 10443
f 11162 11535 11163
f 11523 11536 11522
f 10443 10444 10803
f 10804 10803 10444
f 11163 11535 11164
f 11524 11536 11523
f 10444 10445 10804
f 10805 10804 10445
f 11164 11535 11165
f 11525 11536 11524
f 10445 10446 10805
f 10806 10805 10446
f 11165 11535 11166
f 11526 11536 11525
f 10446 10447 10806
f 10807 10806 10447
f 11166 11535 11167
f 11527 11536 11526
f 10447 10448 10807
f 10808 10807 10448
f 11167 11535 11168
f 11528 11536 11527
f 10448 10449 10808
f 10809 10808 10449
f 11168 11535 11169
f 11529 11536 11528
f 10449 10450 10809
f 10810 10809 10450
f 11169 11535 11170
f 11530 11536 11529
f 10450 10451 10810
f 10811 10810 10451
f 11170 11535 11171
f 11531 11536 11530
f 10451 10452 10811
f 10812 10811 10452
f 11171 11535 11172
f 11532 11536 11531
f 10452 10453 10812
f 10813 10812 10453
f 11172 11535 11173
f 11533 11536 11532
f 10453 10454 10813
f 10814 10813 10454
f 11173 11535 11174
f 11534 11536 11533
f 10454 10095 10814
f 10455 10814 10095
f 11174 11535 10815
f 11175 11536 11534
